Name,Email,Phone,Address,Aadhaar,PAN,DOB
Ishaan Verma,ishaan.verma95@outlook.com,6819600133,"Flat 288, 4th Floor, Block F, Bypass Road, Kochi, Kerala - 682039",579402654235,DCMPV1559I,24-11-1963
Suman Gomes,sumangom180@icloud.com,8931034131,"Villa 326, 14th Floor, C Wing, Link Road, Lucknow, Uttar Pradesh - 226009",753419283276,IUWPG8350H,17-11-1962
Karan Rao,karanrao316@icloud.com,7767242388,"Villa 460, 10th Floor, D Wing, Circular Road, Delhi, Delhi - 110096",528710122691,MMTPR7848A,11-04-1970
Ashok Yash,ashokyas214@outlook.com,7704828148,"House No. 192, 13th Floor, B Wing, MG Road, Patna, Bihar - 800007",770154303911,XPCPY8227R,24-10-1974
Pooja D'Souza,pooja.d'souza78@hotmail.com,8657871331,"House No. 302, 4th Floor, A Wing, Station Road, Surat, Gujarat - 395001",231051834738,EXSPD9737Z,08-07-1996
Om Nair,omnai462@hotmail.com,9010651333,"House No. 217, 3th Floor, C Wing, Ring Road, Thiruvananthapuram, Kerala - 695029",517810801326,PPGPN6026A,10-01-1995
Pooja Deshmukh,poojades813@icloud.com,7343098050,"Villa 258, 15th Floor, Block E, Link Road, Pune, Maharashtra - 411038",281219136193,STBPD9169S,19-05-1988
Pooja Mehta,poojameh344@outlook.com,7475107991,"House No. 260, 5th Floor, B Wing, Circular Road, Nagpur, Maharashtra - 440035",335427849808,JVDPM2411X,11-12-1973
Anjali Banerjee,anjali.banerjee78@yahoo.com,8874016400,"Plot No. 83, 12th Floor, D Wing, Bypass Road, Surat, Gujarat - 395003",211280598262,BJLPB0533V,22-03-1969
Harsh Agarwal,harsh.agarwal72@hotmail.com,7260256342,"Flat 440, 8th Floor, B Wing, Main Road, Bengaluru, Karnataka - 560049",954330365414,LUQPA6850D,08-06-1983
Dhruv Ansari,dhruvans211@icloud.com,8569816934,"Villa 1, 9th Floor, Block E, Main Road, Pune, Maharashtra - 411046",761595148465,MWJPA8236V,05-01-1994
Dhruv Kapoor,dhruv.kapoor73@outlook.com,8436995777,"Villa 407, 15th Floor, Block F, Link Road, Coimbatore, Tamil Nadu - 641033",348951343320,BHPPK9176U,11-06-1977
Rajesh Gaekwad,rajesh.gaekwad52@yahoo.com,9328708317,"Villa 342, 9th Floor, Block E, Circular Road, Mysuru, Karnataka - 570026",998687277434,YYQPG7347C,19-08-1985
Priya Chatterjee,priya.chatterjee43@outlook.com,7362316658,"Flat 106, 14th Floor, D Wing, Bypass Road, Jaipur, Rajasthan - 302027",296705466889,HPHPC4670M,26-02-1990
Anita Yadav,anita.yadav22@hotmail.com,9990162720,"Plot No. 109, 8th Floor, C Wing, Circular Road, Delhi, Delhi - 110049",846417080531,YUBPY0330T,02-09-1973
Priya Iyer,priyaiye677@yahoo.com,8529912419,"Villa 204, 12th Floor, B Wing, Station Road, Mumbai, Maharashtra - 400040",514919058651,QUKPI0671N,29-06-1992
Suman Thakur,sumantha280@icloud.com,9769453147,"Villa 292, 10th Floor, Block F, Bypass Road, Hyderabad, Telangana - 500097",707527354549,WIRPT0831H,17-06-1996
Mahesh Khan,maheshkha807@hotmail.com,9014363495,"Plot No. 218, 12th Floor, Block E, Circular Road, Chandigarh, Chandigarh - 160052",774443135182,GGXPK7498T,22-05-1985
Saanvi Shah,saanvisha469@yahoo.com,6824008427,"Plot No. 241, 8th Floor, D Wing, Circular Road, Bengaluru, Karnataka - 560002",404711671902,EZSPS4131R,03-05-1997
Sanjay Agarwal,sanjayaga561@hotmail.com,9499091334,"House No. 89, 9th Floor, A Wing, Link Road, Nagpur, Maharashtra - 440011",267974034471,VHIPA9361R,02-03-1980
Ayaans Chatterjee,ayaanscha161@yahoo.com,8717464887,"Flat 456, 7th Floor, Block F, Circular Road, Jaipur, Rajasthan - 302006",601399049027,QUOPC4296U,11-02-2004
Aadhya Chavan,aadhya.chavan45@hotmail.com,7567468071,"Plot No. 60, 13th Floor, D Wing, MG Road, Surat, Gujarat - 395005",960385977034,REJPC7710U,20-06-1981
Kiara Mukherjee,kiara.mukherjee71@gmail.com,7171274846,"House No. 234, 9th Floor, B Wing, Bypass Road, Chandigarh, Chandigarh - 160047",598214658404,XJSPM9727R,14-06-2003
Yash Choudhury,yashcho486@hotmail.com,7396360576,"House No. 254, 1th Floor, B Wing, Circular Road, Lucknow, Uttar Pradesh - 226022",371870262174,KTWPC6158M,29-05-1988
Mahesh Gomes,maheshgom170@yahoo.com,7161172400,"Plot No. 184, 6th Floor, D Wing, Link Road, Surat, Gujarat - 395001",586922219693,PSEPG3747I,03-11-1960
Preeti Banerjee,preetiban261@gmail.com,8946474367,"Villa 293, 6th Floor, Block E, Park Street, Bengaluru, Karnataka - 560031",606409097439,ZLHPB3942U,18-09-1968
Advait Mukherjee,advait.mukherjee57@gmail.com,6456232858,"House No. 132, 15th Floor, D Wing, Park Street, Kochi, Kerala - 682018",717123685160,IRDPM7549M,29-04-1993
Krishna Grover,krishnagro125@icloud.com,7174612004,"Flat 121, 15th Floor, Block E, Link Road, Chandigarh, Chandigarh - 160024",875869261796,IBWPG5377H,15-07-1992
Saanvi Grover,saanvi.grover48@icloud.com,9431713900,"House No. 403, 10th Floor, B Wing, Station Road, Surat, Gujarat - 395004",593352904228,IZFPG1020L,06-05-1981
Arnav Verma,arnavver153@yahoo.com,6177589178,"Flat 373, 13th Floor, Block F, Park Street, Hyderabad, Telangana - 500079",900766177115,TECPV2499R,04-03-1989
Deepak Malik,deepakmal564@icloud.com,6183673657,"Flat 161, 7th Floor, C Wing, Park Street, Lucknow, Uttar Pradesh - 226014",727111161528,BSRPM8516L,10-12-1997
Kabir Banerjee,kabir.banerjee77@outlook.com,7731585149,"Flat 312, 15th Floor, Block F, Park Street, Hyderabad, Telangana - 500055",224455022961,EXUPB0183M,31-08-1997
Suman Choudhury,suman.choudhury21@outlook.com,6229014767,"Villa 140, 4th Floor, Block E, Station Road, Patna, Bihar - 800015",761497840369,BAGPC4324J,08-06-1989
Shaurya Sharma,shauryasha279@yahoo.com,7885160607,"Villa 294, 7th Floor, Block F, Bypass Road, Nagpur, Maharashtra - 440021",616052975161,HNSPS6816J,17-06-1990
Sanjay Choudhury,sanjay.choudhury22@gmail.com,8523124329,"Flat 91, 13th Floor, Block F, Ring Road, Mysuru, Karnataka - 570025",999799552717,OUJPC4905Q,28-08-1966
Aditi Deshmukh,aditides158@outlook.com,6199867980,"House No. 165, 10th Floor, D Wing, Link Road, Jaipur, Rajasthan - 302037",271518203778,QTFPD5546N,10-05-1990
Kabir Malhotra,kabir.malhotra83@outlook.com,9449251925,"Villa 67, 10th Floor, Block F, Station Road, Ahmedabad, Gujarat - 380042",686528168505,JFGPM5733E,25-11-1973
Reyansh Banerjee,reyansh.banerjee13@icloud.com,8929622292,"Villa 187, 11th Floor, Block F, Main Road, Jaipur, Rajasthan - 302003",994738347359,OOYPB4688N,16-07-1974
Rohan Malik,rohanmal153@hotmail.com,6814124782,"House No. 419, 8th Floor, C Wing, MG Road, Kanpur, Uttar Pradesh - 208003",806853615305,DWUPM5220J,21-05-2002
Pranav Yash,pranav.yash91@hotmail.com,6043289861,"Plot No. 63, 1th Floor, B Wing, Bypass Road, Ahmedabad, Gujarat - 380016",911798089324,NATPY5396F,06-09-1967
Prakash Sen,prakash.sen9@icloud.com,9706540515,"Flat 396, 10th Floor, Block F, Circular Road, Hyderabad, Telangana - 500094",405852772217,BJGPS0305J,23-09-1995
Vijay Chavan,vijaycha871@yahoo.com,8054156676,"Villa 355, 8th Floor, C Wing, Park Street, Surat, Gujarat - 395003",361692845115,VJJPC7962W,28-10-1999
Yash Kulkarni,yashkul729@hotmail.com,6165820297,"Flat 121, 13th Floor, Block F, Circular Road, Pune, Maharashtra - 411009",769092755719,EQLPK6543D,29-04-1962
Rudra Gaekwad,rudragae675@gmail.com,8739473121,"Villa 45, 13th Floor, Block F, Circular Road, Jaipur, Rajasthan - 302012",718844225831,GZEPG3705R,04-02-1993
Preeti Khan,preetikha188@gmail.com,9786691251,"Plot No. 66, 15th Floor, Block E, Link Road, Jaipur, Rajasthan - 302030",468018242253,LQJPK1438I,25-03-1971
Tanvi Kapoor,tanvi.kapoor69@gmail.com,7995900109,"House No. 393, 10th Floor, D Wing, MG Road, Delhi, Delhi - 110084",984473647102,ONPPK7359E,16-01-1988
Karan Yadav,karan.yadav45@hotmail.com,8371473210,"Villa 128, 14th Floor, B Wing, Circular Road, Ahmedabad, Gujarat - 380025",732787747016,QOHPY3950B,29-03-1985
Dinesh Malik,dinesh.malik84@hotmail.com,6624565060,"House No. 186, 9th Floor, C Wing, Station Road, Bhubaneswar, Odisha - 751018",887849912165,ZKRPM5239Q,04-01-1996
Naresh Gupta,nareshgup240@outlook.com,9298259526,"Plot No. 304, 6th Floor, Block E, Ring Road, Patna, Bihar - 800024",670551694097,IUZPG9930S,07-02-2003
Diya D'Souza,diya.d'souza81@icloud.com,7091307562,"House No. 211, 9th Floor, Block E, Ring Road, Kanpur, Uttar Pradesh - 208023",228385786527,RKRPD5497G,11-02-1982
Riya Khan,riya.khan39@yahoo.com,9575844198,"Villa 420, 6th Floor, B Wing, Park Street, Lucknow, Uttar Pradesh - 226029",241574733848,WIEPK1993H,21-07-1964
Prakash Mishra,prakashmis153@gmail.com,8712082677,"Plot No. 165, 5th Floor, Block F, MG Road, Coimbatore, Tamil Nadu - 641049",393802620672,XJBPM0499D,21-01-1990
Kriti Deshmukh,kriti.deshmukh83@icloud.com,9431527420,"House No. 90, 10th Floor, Block F, Bypass Road, Surat, Gujarat - 395005",885161227530,IMHPD7454S,09-01-1961
Pooja Khanna,poojakha163@gmail.com,8268414593,"Villa 79, 8th Floor, Block F, Circular Road, Hyderabad, Telangana - 500018",887833918785,CSDPK0883S,11-06-1973
Diya Das,diyadas219@yahoo.com,6870728679,"Villa 345, 13th Floor, C Wing, MG Road, Pune, Maharashtra - 411036",840391065180,CPBPD4622Y,17-09-1997
Sandeep Roy,sandeep.roy58@hotmail.com,8128682300,"Villa 273, 7th Floor, B Wing, Main Road, Ahmedabad, Gujarat - 380030",952431069033,CDTPR0790H,20-12-1963
Anita Kulkarni,anita.kulkarni30@icloud.com,8395995342,"Villa 154, 5th Floor, A Wing, Link Road, Kochi, Kerala - 682015",887056856624,MFYPK8733J,13-12-1972
Preeti Kumar,preeti.kumar72@hotmail.com,9343517518,"Plot No. 194, 11th Floor, Block E, MG Road, Coimbatore, Tamil Nadu - 641004",339837354033,XDXPK7393M,21-06-1981
Arnav Agarwal,arnavaga577@icloud.com,8458771753,"Villa 24, 10th Floor, B Wing, Link Road, Kolkata, West Bengal - 700081",248996423536,SHPPA8547X,05-01-2004
Suman Reddy,sumanred273@yahoo.com,7808010062,"House No. 5, 4th Floor, Block E, Ring Road, Hyderabad, Telangana - 500009",709977008860,AQXPR4840Q,18-08-1998
Dhruv Nair,dhruv.nair13@icloud.com,8546156793,"Flat 335, 14th Floor, Block F, MG Road, Hyderabad, Telangana - 500039",366687002176,UZKPN9180H,19-12-1978
Ramesh Chatterjee,ramesh.chatterjee6@gmail.com,7503926142,"Villa 347, 15th Floor, Block E, Circular Road, Bhubaneswar, Odisha - 751008",821850163159,YTTPC6504Z,02-06-2000
Mahesh Mishra,mahesh.mishra46@icloud.com,9194311426,"Villa 163, 6th Floor, A Wing, Station Road, Mysuru, Karnataka - 570024",247541212678,RQNPM1015R,07-05-1968
Arnav Roy,arnav.roy2@outlook.com,7982622444,"Flat 86, 7th Floor, C Wing, Bypass Road, Chandigarh, Chandigarh - 160026",671543799371,EJAPR6596Z,25-07-1989
Asha Choudhury,ashacho239@outlook.com,7752654793,"Plot No. 419, 13th Floor, D Wing, Circular Road, Surat, Gujarat - 395007",393982807374,WCZPC6724H,01-09-1982
Ayaans Thakur,ayaanstha175@hotmail.com,9886805891,"House No. 337, 11th Floor, C Wing, Link Road, Bengaluru, Karnataka - 560099",296561014388,RSWPT9375M,17-07-2001
Naresh Iyengar,nareshiye594@gmail.com,9112545738,"Villa 50, 8th Floor, Block F, Ring Road, Chandigarh, Chandigarh - 160039",714010512382,RFKPI8673Z,03-05-1996
Rudra Patel,rudra.patel82@hotmail.com,9966033419,"House No. 188, 6th Floor, B Wing, Ring Road, Bengaluru, Karnataka - 560103",347859696915,LOTPP2499C,07-01-1972
Karan Pillai,karanpil219@yahoo.com,7866929662,"House No. 285, 3th Floor, D Wing, Park Street, Chandigarh, Chandigarh - 160057",425790507236,RQUPP7676W,27-10-1999
Mahesh Reddy,maheshred131@yahoo.com,6438427978,"Flat 138, 13th Floor, Block E, Circular Road, Kochi, Kerala - 682008",278361340745,CODPR3395W,31-05-1998
Diya Kapoor,diya.kapoor18@yahoo.com,8849825449,"Flat 70, 13th Floor, D Wing, MG Road, Delhi, Delhi - 110066",622325367294,UNMPK7116Q,16-12-1984
Sandeep Deshmukh,sandeep.deshmukh63@outlook.com,9518636374,"Plot No. 281, 10th Floor, B Wing, Ring Road, Surat, Gujarat - 395005",700170127706,GWEPD4241U,02-05-1992
Sneha Joshi,snehajos153@hotmail.com,7611037129,"Villa 5, 1th Floor, Block F, Circular Road, Hyderabad, Telangana - 500067",362713611155,JEMPJ2218S,04-10-1960
Diya Kulkarni,diyakul743@yahoo.com,9311219656,"House No. 142, 11th Floor, A Wing, Main Road, Surat, Gujarat - 395003",604389836403,PMDPK3791Q,30-01-1961
Gaurav Das,gauravdas981@icloud.com,8827109104,"Flat 486, 13th Floor, D Wing, Park Street, Coimbatore, Tamil Nadu - 641003",866188924141,QGZPD2856S,06-12-1965
Aditi Bajaj,aditi.bajaj56@yahoo.com,9179904210,"Flat 84, 8th Floor, C Wing, Park Street, Mysuru, Karnataka - 570023",452410564814,WSUPB1778L,21-12-1964
Dinesh Sheikh,dinesh.sheikh22@outlook.com,6380003075,"House No. 92, 15th Floor, A Wing, Bypass Road, Lucknow, Uttar Pradesh - 226030",553654195180,FHZPS8061O,29-04-1985
Aditi Das,aditidas567@gmail.com,7494937597,"House No. 78, 1th Floor, D Wing, MG Road, Coimbatore, Tamil Nadu - 641047",585050641383,NPBPD2410H,21-01-1997
Sandeep Deshmukh,sandeep.deshmukh96@gmail.com,9199062344,"Plot No. 163, 8th Floor, C Wing, Main Road, Surat, Gujarat - 395007",332912127756,DRLPD3747I,04-10-1970
Aadhya Reddy,aadhya.reddy88@outlook.com,7521356804,"Flat 488, 7th Floor, D Wing, Main Road, Delhi, Delhi - 110023",371210032365,VUUPR1994C,15-12-1961
Arjun Shah,arjun.shah83@hotmail.com,8107029667,"Villa 89, 6th Floor, B Wing, Link Road, Mumbai, Maharashtra - 400049",647209993476,RPBPS1462N,22-11-1977
Prakash Pandey,prakashpan913@gmail.com,8787598564,"Plot No. 306, 4th Floor, A Wing, Park Street, Chennai, Tamil Nadu - 600007",278593213348,ZXBPP3965F,19-10-1975
Priya Ansari,priyaans705@gmail.com,7937842701,"House No. 11, 9th Floor, D Wing, MG Road, Pune, Maharashtra - 411015",793252500292,YDQPA5156S,23-01-1969
Dev Mukherjee,devmuk261@hotmail.com,8289539264,"House No. 374, 1th Floor, Block F, Bypass Road, Ahmedabad, Gujarat - 380009",229593917251,HLKPM2157A,17-10-1983
Rahul Pandey,rahul.pandey89@gmail.com,6067626765,"Flat 425, 8th Floor, Block E, Main Road, Thiruvananthapuram, Kerala - 695025",471040541152,MFXPP1815T,23-04-2003
Ananya Shetty,ananya.shetty84@yahoo.com,6153368844,"Flat 26, 7th Floor, Block E, Ring Road, Ahmedabad, Gujarat - 380016",405061497310,GFUPS4171J,29-08-1995
Ramesh Gaekwad,rameshgae193@icloud.com,7565270477,"Plot No. 289, 1th Floor, B Wing, Station Road, Delhi, Delhi - 110029",358693806868,VPSPG3741M,11-02-1963
Naresh Sheikh,naresh.sheikh67@icloud.com,6722332061,"House No. 428, 10th Floor, C Wing, Circular Road, Kanpur, Uttar Pradesh - 208007",316868548709,SQZPS6162E,27-12-1968
Krishna Sheikh,krishnashe988@icloud.com,9467997024,"Villa 20, 7th Floor, C Wing, Main Road, Lucknow, Uttar Pradesh - 226005",274505444713,EJXPS7546T,04-01-1968
Om Kulkarni,omkul858@hotmail.com,6821486289,"House No. 449, 14th Floor, B Wing, MG Road, Mumbai, Maharashtra - 400023",507053457861,VAHPK5797F,30-07-2002
Yash Bose,yashbos866@gmail.com,6602933334,"Flat 443, 13th Floor, Block F, MG Road, Kanpur, Uttar Pradesh - 208017",922903494466,LOIPB3748T,18-08-1995
Krishna Sharma,krishnasha674@icloud.com,8171545444,"House No. 461, 1th Floor, Block E, Bypass Road, Coimbatore, Tamil Nadu - 641010",720744666099,GKXPS3875Q,06-12-1986
Diya Arora,diyaaro400@gmail.com,7482513534,"Plot No. 191, 5th Floor, Block E, Park Street, Kanpur, Uttar Pradesh - 208026",917099917381,VMQPA4602E,20-12-1977
Dev Hegde,dev.hegde73@hotmail.com,6752500743,"Villa 403, 13th Floor, A Wing, Link Road, Chennai, Tamil Nadu - 600041",866676008350,KYQPH3003H,22-11-1990
Aditi Iyer,aditiiye615@icloud.com,7104478985,"House No. 176, 15th Floor, D Wing, Circular Road, Kanpur, Uttar Pradesh - 208022",526033230982,DLWPI0648T,11-05-1964
Kabir Arora,kabiraro149@gmail.com,9618472304,"Flat 340, 9th Floor, C Wing, Link Road, Kanpur, Uttar Pradesh - 208022",818914117393,YIQPA3564F,15-07-1963
Dinesh Mehta,dinesh.mehta89@hotmail.com,6119721811,"House No. 234, 5th Floor, C Wing, Ring Road, Delhi, Delhi - 110083",212045561100,EVUPM2557T,26-01-1984
Aadhya Sen,aadhyasen216@hotmail.com,9467621202,"Villa 411, 10th Floor, Block F, Ring Road, Bengaluru, Karnataka - 560054",496590277167,BCIPS5089X,04-02-1980
Dev D'Souza,dev.d'souza67@icloud.com,9562890028,"House No. 39, 13th Floor, D Wing, Circular Road, Chandigarh, Chandigarh - 160048",554083866317,OZSPD7177K,25-08-1970
Dinesh Chawla,dineshcha205@hotmail.com,6880199488,"Villa 487, 6th Floor, C Wing, MG Road, Coimbatore, Tamil Nadu - 641042",575899757113,AKLPC4885W,15-07-1969
Advait Reddy,advait.reddy64@yahoo.com,8933163735,"Villa 24, 15th Floor, Block F, Station Road, Bengaluru, Karnataka - 560097",979827080869,PQYPR2922D,03-10-1994
Arnav Fernandes,arnavfer723@yahoo.com,9547226984,"House No. 103, 4th Floor, Block E, Park Street, Thiruvananthapuram, Kerala - 695021",722885158799,VWNPF8460Q,20-07-1969
Ananya Roy,ananya.roy19@gmail.com,8244204380,"Flat 316, 14th Floor, Block F, Main Road, Kolkata, West Bengal - 700116",838406665800,XIGPR9735Y,16-08-1977
Om Banerjee,om.banerjee58@yahoo.com,7816064842,"Flat 170, 8th Floor, Block F, Link Road, Chennai, Tamil Nadu - 600066",225909479851,ZWKPB8328C,26-04-2005
Kiara Hegde,kiaraheg513@gmail.com,7355543987,"Flat 59, 11th Floor, C Wing, Ring Road, Thiruvananthapuram, Kerala - 695042",599305616484,AQYPH5887P,07-12-1963
Shruti Khanna,shruti.khanna25@outlook.com,7880133613,"Villa 332, 14th Floor, A Wing, Link Road, Thiruvananthapuram, Kerala - 695045",275011024819,HINPK6766K,07-07-1961
Rajesh Grover,rajesh.grover16@icloud.com,6158144914,"Villa 421, 11th Floor, A Wing, Ring Road, Jaipur, Rajasthan - 302025",483268424508,REDPG0099M,21-08-1967
Aditi Mehta,aditi.mehta96@outlook.com,7239431290,"Flat 149, 11th Floor, A Wing, Park Street, Thiruvananthapuram, Kerala - 695030",339755231491,GKPPM7594W,02-09-1973
Gaurav Das,gaurav.das55@yahoo.com,7645257775,"Flat 90, 11th Floor, Block E, Station Road, Ahmedabad, Gujarat - 380032",628341108099,MYSPD3084R,09-05-2002
Ayaans Sen,ayaanssen890@icloud.com,7788165803,"House No. 388, 9th Floor, B Wing, Ring Road, Patna, Bihar - 800022",429927503731,ILHPS0385M,19-02-2002
Suman Gupta,sumangup205@icloud.com,8989266591,"Villa 499, 15th Floor, B Wing, Bypass Road, Kochi, Kerala - 682017",757790827231,QUIPG3222L,13-08-1970
Vikram Hegde,vikramheg593@hotmail.com,7926030299,"Flat 457, 10th Floor, B Wing, MG Road, Chennai, Tamil Nadu - 600035",442869904137,TPPPH2369E,25-04-1976
Harish Trivedi,harish.trivedi22@outlook.com,7662103886,"Flat 91, 8th Floor, Block E, MG Road, Mysuru, Karnataka - 570020",317298068650,WQNPT3765S,06-10-1968
Meena Iyer,meena.iyer33@hotmail.com,8986430098,"Flat 193, 11th Floor, B Wing, Circular Road, Bengaluru, Karnataka - 560067",851269448695,TIVPI6368Z,14-04-2003
Dhruv Sen,dhruvsen595@outlook.com,8621372138,"Plot No. 411, 9th Floor, Block E, MG Road, Lucknow, Uttar Pradesh - 226026",460127961143,LCTPS0669U,13-09-1985
Sai Agarwal,sai.agarwal23@hotmail.com,8309883920,"Flat 500, 3th Floor, A Wing, Park Street, Kolkata, West Bengal - 700062",856693801184,XRSPA5543T,14-06-1977
Suman Rao,sumanrao367@yahoo.com,6818451848,"Villa 495, 7th Floor, Block E, Ring Road, Bhubaneswar, Odisha - 751009",557790714163,VWHPR5658R,14-11-1960
Pooja Pandey,pooja.pandey37@gmail.com,7755394237,"House No. 447, 5th Floor, B Wing, Main Road, Coimbatore, Tamil Nadu - 641016",539521117908,BPLPP9579I,12-01-2004
Rudra Yash,rudra.yash66@outlook.com,6867808562,"Villa 162, 12th Floor, A Wing, MG Road, Jaipur, Rajasthan - 302008",569155942843,IPTPY5527N,20-11-1978
Kavita Bajaj,kavitabaj473@hotmail.com,9292931438,"House No. 75, 13th Floor, Block F, Link Road, Kanpur, Uttar Pradesh - 208013",902672885744,RSBPB6120G,24-10-1982
Ramesh Malhotra,rameshmal862@outlook.com,8588450615,"House No. 400, 5th Floor, C Wing, Circular Road, Patna, Bihar - 800007",971694722569,SMCPM1253K,05-06-1988
Shruti Thakur,shrutitha760@hotmail.com,9598762202,"Plot No. 482, 12th Floor, Block F, Station Road, Hyderabad, Telangana - 500085",526111780068,YCDPT4921U,22-12-1994
Aditi Mishra,aditi.mishra32@outlook.com,7005577848,"House No. 303, 10th Floor, D Wing, Bypass Road, Jaipur, Rajasthan - 302009",657831745642,JAAPM8254P,29-09-1960
Mahesh Yash,maheshyas109@hotmail.com,7085368663,"Villa 113, 5th Floor, A Wing, Bypass Road, Chennai, Tamil Nadu - 600100",589448463122,JDUPY7974W,20-02-2004
Om Das,om.das3@yahoo.com,7144270312,"House No. 176, 7th Floor, C Wing, Ring Road, Mumbai, Maharashtra - 400064",770512046187,FGIPD6013M,27-09-1999
Neha Chawla,neha.chawla5@yahoo.com,9645208814,"Plot No. 102, 6th Floor, A Wing, Main Road, Chandigarh, Chandigarh - 160057",336502491630,BSZPC7925Y,11-01-1968
Neha Reddy,nehared802@icloud.com,6052812735,"Plot No. 413, 15th Floor, D Wing, Main Road, Thiruvananthapuram, Kerala - 695042",265240778487,GSFPR8557I,21-05-1974
Arjun D'Souza,arjund's402@outlook.com,9086209593,"Flat 338, 9th Floor, D Wing, Main Road, Surat, Gujarat - 395012",982945651181,BEFPD0317G,09-11-1968
Diya Sheikh,diyashe773@hotmail.com,6539103717,"Villa 421, 6th Floor, Block F, MG Road, Pune, Maharashtra - 411024",680141381138,MGGPS8392R,31-03-1997
Krishna Agarwal,krishnaaga466@hotmail.com,6228685289,"Plot No. 282, 6th Floor, C Wing, Bypass Road, Jaipur, Rajasthan - 302023",859398368457,OMAPA0490Q,13-02-1972
Tanvi Sharma,tanvi.sharma39@yahoo.com,8888992107,"House No. 136, 6th Floor, Block E, Main Road, Kolkata, West Bengal - 700040",544196931572,PWWPS9194B,25-03-1994
Aanya Agarwal,aanyaaga456@hotmail.com,6390604805,"House No. 168, 9th Floor, Block F, Main Road, Thiruvananthapuram, Kerala - 695037",406799813646,EEKPA1790R,24-10-1995
Pooja Joshi,pooja.joshi52@icloud.com,9837693898,"Flat 137, 13th Floor, D Wing, Circular Road, Hyderabad, Telangana - 500032",316655355904,FLTPJ7927B,11-12-1980
Rohan Grover,rohan.grover48@yahoo.com,6392405147,"Plot No. 108, 12th Floor, Block E, Main Road, Chandigarh, Chandigarh - 160018",588487920698,BIFPG0439I,05-10-1964
Preeti Khanna,preetikha497@outlook.com,6046368157,"Flat 96, 4th Floor, Block E, Ring Road, Patna, Bihar - 800018",203845762055,LUJPK3840U,12-02-1983
Rajesh Verma,rajeshver330@yahoo.com,9216893639,"Plot No. 466, 10th Floor, C Wing, Ring Road, Mysuru, Karnataka - 570014",432983248262,USFPV5188X,15-08-1970
Rudra Das,rudradas883@outlook.com,9474231220,"Plot No. 311, 10th Floor, Block E, Main Road, Patna, Bihar - 800020",530517289752,MPPPD2233B,27-08-1996
Vihaan Chatterjee,vihaan.chatterjee53@yahoo.com,6279757366,"Villa 369, 6th Floor, D Wing, MG Road, Pune, Maharashtra - 411039",377038860868,YUBPC3476J,25-08-1985
Preeti Reddy,preeti.reddy55@outlook.com,9718129826,"Villa 13, 3th Floor, D Wing, Main Road, Kanpur, Uttar Pradesh - 208011",914521117518,WMXPR8926R,22-02-1994
Advait Agarwal,advait.agarwal22@outlook.com,7206447421,"Flat 319, 13th Floor, C Wing, MG Road, Mysuru, Karnataka - 570007",977809733977,NOCPA9903R,13-12-1984
Rahul Kumar,rahul.kumar24@yahoo.com,7099451016,"Plot No. 313, 11th Floor, Block F, Link Road, Chennai, Tamil Nadu - 600042",995014556168,CJPPK2145Q,13-02-1997
Prakash Mehta,prakash.mehta90@yahoo.com,6794695489,"House No. 315, 10th Floor, D Wing, Ring Road, Patna, Bihar - 800012",929343010713,ZTNPM6055R,18-01-1979
Vihaan Malhotra,vihaanmal360@gmail.com,8885015569,"House No. 100, 6th Floor, C Wing, Ring Road, Patna, Bihar - 800001",902727857608,JSXPM5880G,04-10-1989
Harsh Singh,harshsin960@gmail.com,9829962914,"Flat 140, 7th Floor, A Wing, Ring Road, Surat, Gujarat - 395012",557438421503,COQPS0782G,06-07-1990
Suresh Yadav,suresh.yadav68@outlook.com,6823076810,"Flat 352, 14th Floor, Block E, Station Road, Ahmedabad, Gujarat - 380060",770184094353,GJIPY8571I,24-05-1973
Kiara Chatterjee,kiara.chatterjee15@gmail.com,7858542493,"Plot No. 314, 15th Floor, C Wing, Ring Road, Chennai, Tamil Nadu - 600019",220701601662,WTSPC7954K,10-10-1977
Ashok Joshi,ashok.joshi97@hotmail.com,9174773329,"Villa 94, 12th Floor, Block F, Circular Road, Delhi, Delhi - 110047",777017157724,YLTPJ9281M,06-08-1969
Arnav Khan,arnavkha911@outlook.com,9963938276,"House No. 417, 12th Floor, Block E, Bypass Road, Nagpur, Maharashtra - 440022",895832197199,OKRPK1724M,30-03-1966
Krishna Grover,krishna.grover77@hotmail.com,6329022784,"Villa 101, 4th Floor, Block F, Circular Road, Lucknow, Uttar Pradesh - 226020",694651909862,JBLPG8008L,03-11-1969
Kriti Verma,kritiver819@icloud.com,8666683272,"Villa 432, 15th Floor, C Wing, Bypass Road, Coimbatore, Tamil Nadu - 641036",442201027621,EUZPV6796T,17-02-1976
Suman Fernandes,sumanfer939@hotmail.com,8326909738,"Plot No. 18, 1th Floor, Block E, Ring Road, Delhi, Delhi - 110053",719712847818,TCHPF7189J,25-09-1964
Dev Gomes,devgom564@icloud.com,8654420949,"Villa 297, 3th Floor, Block E, MG Road, Delhi, Delhi - 110008",690471281442,TIIPG4019F,23-07-1973
Rekha Sen,rekhasen901@yahoo.com,7805129276,"Villa 372, 11th Floor, B Wing, Main Road, Lucknow, Uttar Pradesh - 226008",704102767478,HMVPS6742Q,01-01-1999
Vihaan Banerjee,vihaan.banerjee58@hotmail.com,6856945441,"Villa 237, 13th Floor, Block F, Main Road, Delhi, Delhi - 110084",585258001061,QDVPB7534I,27-04-1977
Diya Verma,diya.verma80@gmail.com,6119269212,"Villa 339, 15th Floor, A Wing, Ring Road, Delhi, Delhi - 110038",665421406650,IIFPV7173T,23-03-1995
Dhruv Khanna,dhruvkha247@icloud.com,7917410119,"Flat 460, 8th Floor, B Wing, MG Road, Delhi, Delhi - 110058",264256908776,MXYPK1830M,01-04-2003
Shaurya Sheikh,shauryashe441@outlook.com,6158517432,"Villa 339, 4th Floor, C Wing, Bypass Road, Thiruvananthapuram, Kerala - 695003",357173203093,PMCPS8478Z,22-04-2000
Vivaan Gupta,vivaangup445@gmail.com,6387829310,"Flat 242, 15th Floor, Block E, MG Road, Mysuru, Karnataka - 570016",520204179291,DDPPG9931Z,07-03-1978
Meena Choudhury,meena.choudhury95@hotmail.com,8309251142,"Plot No. 284, 3th Floor, D Wing, Main Road, Kanpur, Uttar Pradesh - 208006",221962071002,CWUPC9467W,21-05-1971
Rahul Iyengar,rahuliye635@hotmail.com,7290927914,"Flat 286, 4th Floor, B Wing, Station Road, Kolkata, West Bengal - 700108",395883734031,ZEVPI7722V,13-11-1963
Kabir Khanna,kabirkha314@hotmail.com,8970108220,"Flat 37, 15th Floor, B Wing, Ring Road, Chandigarh, Chandigarh - 160049",763531531363,MHCPK7970N,01-01-1973
Amit Kapoor,amit.kapoor59@yahoo.com,9354352090,"Flat 437, 8th Floor, D Wing, Bypass Road, Delhi, Delhi - 110018",453492929831,NQPPK3977I,20-04-1961
Meena Chawla,meena.chawla32@yahoo.com,7906007806,"Villa 415, 13th Floor, Block F, Station Road, Kochi, Kerala - 682026",973180632543,UCAPC7427S,10-03-1962
Suman Deshmukh,suman.deshmukh99@yahoo.com,8701658046,"House No. 404, 11th Floor, A Wing, Circular Road, Delhi, Delhi - 110090",285016579055,FURPD1832K,29-05-1981
Vijay Pillai,vijay.pillai84@hotmail.com,7554864015,"Villa 257, 9th Floor, A Wing, Ring Road, Kolkata, West Bengal - 700116",679513711624,CDFPP4127E,29-04-1978
Satish Malhotra,satish.malhotra3@outlook.com,9567043103,"Plot No. 211, 10th Floor, C Wing, Circular Road, Kochi, Kerala - 682042",998877492424,HPLPM4025J,25-11-2000
Diya Kapoor,diya.kapoor21@icloud.com,7231059274,"House No. 288, 12th Floor, A Wing, Circular Road, Kolkata, West Bengal - 700048",725782841067,YEOPK5208Q,20-09-1989
Shruti Chavan,shruticha782@yahoo.com,8170281406,"House No. 229, 6th Floor, A Wing, Circular Road, Patna, Bihar - 800027",293983430187,VVCPC8637K,22-11-2005
Sai Arora,saiaro251@hotmail.com,9504554781,"Villa 380, 7th Floor, D Wing, Park Street, Coimbatore, Tamil Nadu - 641047",466299123478,KCSPA6106U,09-07-1984
Kavita Patel,kavita.patel72@hotmail.com,7264870494,"Villa 115, 1th Floor, A Wing, Link Road, Chandigarh, Chandigarh - 160052",647146273014,PCTPP5979N,20-02-1983
Ramesh Bajaj,ramesh.bajaj16@outlook.com,8290257252,"Plot No. 215, 11th Floor, C Wing, MG Road, Pune, Maharashtra - 411018",648183219285,KVZPB4451R,19-07-1991
Aryan Sharma,aryansha388@outlook.com,9521328338,"Flat 214, 8th Floor, A Wing, Station Road, Patna, Bihar - 800023",407545279852,WJAPS1322W,29-04-1980
Aditi Iyer,aditi.iyer27@yahoo.com,6076031089,"Flat 466, 5th Floor, A Wing, Station Road, Pune, Maharashtra - 411031",601193932501,EXIPI9552Q,11-09-1981
Naresh Sheikh,naresh.sheikh9@gmail.com,7342801387,"Villa 345, 2th Floor, B Wing, Circular Road, Kolkata, West Bengal - 700048",863836151718,EPYPS5480C,08-06-1989
Dinesh Pillai,dineshpil567@icloud.com,9386463175,"Villa 345, 2th Floor, D Wing, Ring Road, Chennai, Tamil Nadu - 600004",312669121535,GTMPP1367I,27-06-1984
Anita Bose,anitabos514@hotmail.com,7711477320,"Flat 426, 2th Floor, D Wing, MG Road, Bengaluru, Karnataka - 560095",469524991187,ZOGPB4778I,29-10-1990
Vijay Gomes,vijaygom540@gmail.com,9567700284,"Villa 69, 5th Floor, Block F, Bypass Road, Chennai, Tamil Nadu - 600126",919788977828,BMIPG7969V,25-08-1991
Kriti Das,kriti.das8@gmail.com,8590561655,"Flat 339, 4th Floor, B Wing, Main Road, Kanpur, Uttar Pradesh - 208012",691141520850,OVNPD9864A,20-02-2002
Vivaan Das,vivaan.das49@icloud.com,9135785294,"House No. 255, 11th Floor, A Wing, Main Road, Kolkata, West Bengal - 700112",640496391919,KICPD9876G,27-02-1991
Reyansh Khanna,reyanshkha923@outlook.com,8366498782,"House No. 296, 8th Floor, B Wing, Ring Road, Mumbai, Maharashtra - 400081",689690835723,EXVPK4665C,06-04-1978
Geeta Chatterjee,geeta.chatterjee37@yahoo.com,9312303477,"Villa 332, 15th Floor, A Wing, Main Road, Thiruvananthapuram, Kerala - 695028",442044820700,CKTPC4165V,07-02-1968
Sunita Yadav,sunita.yadav18@yahoo.com,8713915596,"House No. 74, 2th Floor, B Wing, Main Road, Hyderabad, Telangana - 500055",676490785158,NPVPY3425P,28-12-1992
Aditi Verma,aditi.verma83@icloud.com,8864518376,"Plot No. 155, 2th Floor, B Wing, Park Street, Mumbai, Maharashtra - 400051",527560417765,WNDPV2481L,04-10-1997
Arnav Deshmukh,arnav.deshmukh89@gmail.com,9206345911,"House No. 434, 10th Floor, Block F, Bypass Road, Chennai, Tamil Nadu - 600064",777242954316,LFMPD6930A,08-07-1980
Aadhya Deshmukh,aadhya.deshmukh26@outlook.com,9969421529,"Villa 396, 15th Floor, D Wing, Ring Road, Bengaluru, Karnataka - 560002",333344762639,GJXPD3626Z,03-02-1973
Ananya Banerjee,ananya.banerjee34@yahoo.com,8971072563,"Villa 377, 10th Floor, C Wing, Station Road, Lucknow, Uttar Pradesh - 226023",380053759900,IQTPB6465E,09-09-1963
Dhruv Trivedi,dhruvtri604@outlook.com,7158624150,"Plot No. 383, 6th Floor, D Wing, Park Street, Mysuru, Karnataka - 570016",694856257287,BGEPT0320P,07-05-1983
Kiara Thakur,kiara.thakur60@hotmail.com,9587771215,"Plot No. 93, 14th Floor, B Wing, Park Street, Nagpur, Maharashtra - 440014",590892613715,AJVPT1659D,09-01-1989
Ayaans Verma,ayaansver950@hotmail.com,8905097592,"Plot No. 166, 13th Floor, A Wing, Station Road, Coimbatore, Tamil Nadu - 641004",816423610326,YMJPV2147Z,15-10-1998
Aditi Grover,aditigro467@gmail.com,7776749961,"Plot No. 315, 3th Floor, D Wing, Bypass Road, Kanpur, Uttar Pradesh - 208026",308573278814,ONCPG7422V,13-12-1986
Neha D'Souza,neha.d'souza55@outlook.com,6818661794,"Flat 394, 9th Floor, A Wing, Station Road, Kolkata, West Bengal - 700066",922601645977,TZIPD5232C,07-04-1983
Krishna Shetty,krishna.shetty69@gmail.com,6277697499,"Plot No. 45, 3th Floor, B Wing, MG Road, Kolkata, West Bengal - 700102",510303723683,CJYPS7276A,13-06-1970
Diya Iyengar,diya.iyengar95@hotmail.com,9933496050,"Villa 213, 14th Floor, D Wing, Park Street, Bengaluru, Karnataka - 560081",276789973080,NSKPI8146P,28-06-1970
Dinesh Kapoor,dinesh.kapoor83@outlook.com,7437573839,"Villa 68, 15th Floor, C Wing, Bypass Road, Surat, Gujarat - 395010",857293417223,FTPPK1674H,15-10-1978
Kabir Verma,kabir.verma46@outlook.com,6156193183,"Plot No. 402, 6th Floor, A Wing, Park Street, Chandigarh, Chandigarh - 160033",489107711991,RBQPV1213L,01-02-1974
Shruti Thakur,shruti.thakur57@icloud.com,8521376037,"House No. 44, 5th Floor, C Wing, Bypass Road, Surat, Gujarat - 395005",732863266678,ZVLPT0720W,30-03-1966
Aanya Choudhury,aanyacho890@yahoo.com,6602908466,"Plot No. 466, 6th Floor, A Wing, Park Street, Thiruvananthapuram, Kerala - 695020",467389975634,CBRPC5628R,21-06-1985
Amit Joshi,amitjos419@icloud.com,7008943468,"Flat 431, 6th Floor, C Wing, Circular Road, Bengaluru, Karnataka - 560094",301749075399,WUVPJ8935J,11-07-1985
Pranav Thakur,pranav.thakur49@icloud.com,8893571266,"Flat 218, 15th Floor, B Wing, Ring Road, Nagpur, Maharashtra - 440006",571586988649,PUNPT7762E,17-05-2005
Atharva Gaekwad,atharva.gaekwad92@hotmail.com,7770285196,"Plot No. 293, 5th Floor, A Wing, Link Road, Bengaluru, Karnataka - 560016",354544702296,BJJPG3270D,12-04-1991
Arjun Gupta,arjungup686@outlook.com,8679228777,"Plot No. 46, 13th Floor, Block E, Bypass Road, Mysuru, Karnataka - 570028",836580741209,UZYPG4818C,06-04-1977
Vijay Sheikh,vijay.sheikh97@gmail.com,9801820433,"Flat 414, 9th Floor, Block E, Circular Road, Bhubaneswar, Odisha - 751015",890705626085,MICPS1182J,02-12-1972
Rudra Trivedi,rudratri257@outlook.com,7095200461,"Villa 458, 6th Floor, C Wing, Bypass Road, Surat, Gujarat - 395003",303399378861,IBKPT7861P,05-08-1962
Geeta Malhotra,geeta.malhotra30@gmail.com,7824967183,"House No. 401, 4th Floor, Block E, Bypass Road, Mysuru, Karnataka - 570012",900794200749,IVMPM5398J,30-01-1964
Kiara Chawla,kiara.chawla69@icloud.com,9128463985,"Plot No. 386, 12th Floor, D Wing, Park Street, Surat, Gujarat - 395011",555379502097,AAVPC2687Y,28-03-1995
Ashok Joshi,ashokjos651@gmail.com,6569562017,"Villa 5, 4th Floor, Block F, MG Road, Kolkata, West Bengal - 700050",653194337504,PWWPJ9303U,14-07-1995
Ishaan Chatterjee,ishaan.chatterjee73@icloud.com,7192124938,"Flat 497, 12th Floor, Block F, Park Street, Delhi, Delhi - 110025",906056641877,LQYPC0304N,08-04-2000
Karan Sharma,karan.sharma51@yahoo.com,7613325411,"Villa 414, 1th Floor, Block E, Circular Road, Mumbai, Maharashtra - 400062",631735058319,TOYPS1791C,11-06-1965
Diya Roy,diya.roy41@gmail.com,9049611080,"Villa 206, 2th Floor, Block E, Bypass Road, Ahmedabad, Gujarat - 380055",599076769915,UVZPR0785S,08-04-1977
Krishna Nair,krishna.nair2@icloud.com,7845679723,"Flat 31, 3th Floor, C Wing, Bypass Road, Mysuru, Karnataka - 570026",749822749545,AQSPN2038R,24-11-1964
Meena Bose,meena.bose26@yahoo.com,8377959959,"Plot No. 84, 2th Floor, D Wing, MG Road, Ahmedabad, Gujarat - 380027",930337933756,GMFPB0501L,10-09-1962
Ishaan Iyengar,ishaaniye299@icloud.com,6033423425,"House No. 101, 1th Floor, B Wing, Park Street, Thiruvananthapuram, Kerala - 695016",302615347355,VFQPI9611E,25-09-1971
Om Shah,omsha811@outlook.com,9309938425,"Plot No. 447, 3th Floor, Block E, Ring Road, Hyderabad, Telangana - 500007",517912868578,OFKPS5877P,27-01-1984
Anita Malhotra,anita.malhotra75@gmail.com,9363466925,"Flat 69, 13th Floor, A Wing, Park Street, Delhi, Delhi - 110071",985390789567,ONNPM5754M,20-03-1962
Dhruv Kulkarni,dhruvkul760@gmail.com,6488814311,"Flat 280, 4th Floor, C Wing, Main Road, Nagpur, Maharashtra - 440024",744439284044,LZMPK6907U,28-12-2005
Ayaans Rao,ayaansrao840@yahoo.com,7898775153,"Villa 108, 8th Floor, D Wing, MG Road, Kanpur, Uttar Pradesh - 208025",729240755366,VYMPR8459A,21-11-1962
Pranav Iyengar,pranaviye744@icloud.com,9361863715,"Plot No. 48, 3th Floor, A Wing, Link Road, Bhubaneswar, Odisha - 751015",297023164334,VQCPI7058A,01-06-1975
Arnav Hegde,arnavheg213@yahoo.com,9163234672,"Plot No. 301, 4th Floor, Block E, Ring Road, Patna, Bihar - 800019",630271693859,POOPH9014U,08-12-2000
Yash Bajaj,yash.bajaj92@outlook.com,9329676291,"Flat 123, 15th Floor, B Wing, Park Street, Lucknow, Uttar Pradesh - 226023",613768151185,NOFPB4380O,25-05-1962
Reyansh Malhotra,reyanshmal490@outlook.com,7600412577,"Flat 281, 11th Floor, B Wing, Ring Road, Jaipur, Rajasthan - 302005",474220912418,XMFPM1042O,15-02-1992
Dhruv Mehta,dhruv.mehta92@gmail.com,9081647090,"Villa 393, 4th Floor, B Wing, Circular Road, Pune, Maharashtra - 411050",531060053131,ZVFPM2068D,07-05-1989
Arnav Khan,arnavkha739@yahoo.com,9133155206,"Villa 109, 8th Floor, B Wing, Station Road, Surat, Gujarat - 395001",695013649718,ZSFPK4195U,10-11-1994
Pranav Choudhury,pranav.choudhury23@outlook.com,8099768389,"Flat 316, 13th Floor, A Wing, Park Street, Mumbai, Maharashtra - 400030",563910257432,MGUPC0397X,27-06-1989
Pranav Chatterjee,pranavcha633@hotmail.com,6355338033,"Villa 267, 6th Floor, B Wing, Ring Road, Patna, Bihar - 800028",217130232129,RZGPC3816X,26-11-2001
Aditi Reddy,aditi.reddy93@yahoo.com,7449734715,"House No. 242, 8th Floor, D Wing, Bypass Road, Lucknow, Uttar Pradesh - 226013",470661498282,IMOPR4746R,20-02-2003
Reyansh Choudhury,reyansh.choudhury18@hotmail.com,6085766656,"Flat 210, 15th Floor, A Wing, Station Road, Chandigarh, Chandigarh - 160036",892364587506,NXHPC3705U,14-07-1962
Aryan Trivedi,aryantri797@yahoo.com,7992011669,"House No. 449, 7th Floor, B Wing, Bypass Road, Nagpur, Maharashtra - 440034",648869461195,EIXPT3640F,11-02-2004
Aarav Nair,aaravnai637@hotmail.com,9225223728,"House No. 96, 4th Floor, A Wing, Link Road, Bengaluru, Karnataka - 560058",546791214161,ICKPN0937P,16-01-1969
Vihaan Kumar,vihaan.kumar35@gmail.com,6380698477,"Villa 173, 6th Floor, Block F, Circular Road, Surat, Gujarat - 395010",735669055107,WMXPK2091Q,26-01-1985
Neha Sen,nehasen802@hotmail.com,7050505739,"Flat 179, 7th Floor, D Wing, Station Road, Chandigarh, Chandigarh - 160042",849328980271,JVRPS7271P,11-08-1981
Neha Mehta,neha.mehta22@gmail.com,7564347128,"Plot No. 447, 4th Floor, Block E, Station Road, Chandigarh, Chandigarh - 160022",766863341411,CKXPM9319L,07-06-1971
Karan Roy,karan.roy74@gmail.com,9655289931,"Villa 162, 3th Floor, C Wing, Main Road, Lucknow, Uttar Pradesh - 226001",972942095481,IWSPR7374W,17-10-1993
Sai Choudhury,sai.choudhury20@yahoo.com,7764208656,"Villa 201, 2th Floor, Block E, Park Street, Chandigarh, Chandigarh - 160039",638612590472,SEOPC7423G,21-07-1977
Vihaan Sen,vihaansen204@yahoo.com,9201572018,"Villa 497, 3th Floor, Block F, Bypass Road, Surat, Gujarat - 395010",501367492617,UMIPS7501D,31-05-1967
Shaurya Gaekwad,shauryagae330@gmail.com,8192676492,"Flat 366, 15th Floor, Block E, Link Road, Bengaluru, Karnataka - 560042",806888718981,YYGPG1292A,14-02-2000
Karan Pillai,karan.pillai6@yahoo.com,6840118458,"Flat 128, 5th Floor, A Wing, Park Street, Chennai, Tamil Nadu - 600109",929758598831,VBHPP0324G,15-01-1972
Amit Ansari,amitans231@icloud.com,6844626714,"House No. 275, 4th Floor, A Wing, Park Street, Kanpur, Uttar Pradesh - 208023",559892625660,THCPA4181V,29-06-1996
Arjun Choudhury,arjuncho471@outlook.com,7340163611,"Villa 49, 9th Floor, C Wing, Park Street, Chennai, Tamil Nadu - 600079",691025625889,MPSPC2408W,13-12-1973
Atharva Iyengar,atharva.iyengar49@icloud.com,8396727578,"Villa 267, 12th Floor, B Wing, Park Street, Ahmedabad, Gujarat - 380018",346511131290,CXJPI8706V,20-08-2005
Pranav Chavan,pranav.chavan64@icloud.com,9093068538,"Villa 494, 3th Floor, Block F, Main Road, Patna, Bihar - 800002",415285067625,DKVPC3814J,06-05-2003
Shruti Trivedi,shrutitri855@icloud.com,7480797050,"Plot No. 153, 6th Floor, A Wing, MG Road, Patna, Bihar - 800015",726501673188,ENDPT7024H,24-03-2002
Sunita Sen,sunitasen538@yahoo.com,6772256053,"Plot No. 21, 3th Floor, D Wing, Bypass Road, Bengaluru, Karnataka - 560025",702374167872,KYYPS6862D,04-09-1969
Vivaan Iyer,vivaan.iyer20@outlook.com,6569067447,"House No. 317, 3th Floor, Block F, Link Road, Nagpur, Maharashtra - 440028",541436371892,GSUPI2312M,11-06-1963
Riya Shah,riya.shah19@hotmail.com,6066843356,"Villa 330, 1th Floor, C Wing, Station Road, Chandigarh, Chandigarh - 160020",654563502000,VXKPS3474T,14-01-1969
Lata Patel,latapat472@outlook.com,6108255598,"House No. 333, 5th Floor, B Wing, Bypass Road, Patna, Bihar - 800012",312910933711,RTKPP4738X,14-10-1973
Advait Iyer,advaitiye663@outlook.com,8716176880,"House No. 149, 1th Floor, Block E, MG Road, Chennai, Tamil Nadu - 600071",567881278686,MTIPI3202S,17-07-1979
Vihaan Fernandes,vihaanfer824@icloud.com,8344812308,"Flat 328, 3th Floor, C Wing, Link Road, Hyderabad, Telangana - 500038",603381059551,WRIPF2694K,19-02-1965
Vihaan Bose,vihaan.bose29@outlook.com,6649837354,"Villa 80, 8th Floor, B Wing, Bypass Road, Coimbatore, Tamil Nadu - 641038",727172722397,XFUPB4042F,14-05-1995
Om Singh,omsin536@yahoo.com,9182091660,"Flat 68, 4th Floor, A Wing, Park Street, Bengaluru, Karnataka - 560002",490018513279,OFJPS5723B,30-12-1983
Vijay Pillai,vijaypil205@icloud.com,6862030366,"Plot No. 116, 15th Floor, Block F, Bypass Road, Mysuru, Karnataka - 570012",372131451951,LCBPP9226Q,15-01-1990
Rudra Grover,rudragro783@outlook.com,8147541022,"Villa 229, 12th Floor, D Wing, Station Road, Surat, Gujarat - 395003",396421522655,PNPPG6952Z,22-01-1982
Rajesh Hegde,rajeshheg651@icloud.com,7619689313,"House No. 436, 1th Floor, C Wing, Ring Road, Kolkata, West Bengal - 700001",410552472863,GHBPH2126X,13-05-1962
Meena Sen,meena.sen7@gmail.com,9920252131,"Villa 77, 13th Floor, B Wing, Ring Road, Mumbai, Maharashtra - 400073",484765704120,UBTPS2820M,02-01-1998
Suman Khan,sumankha685@icloud.com,7624186236,"House No. 201, 3th Floor, Block F, Station Road, Patna, Bihar - 800002",975662056341,DCLPK9503J,08-08-1974
Vijay Nair,vijaynai711@gmail.com,7830341990,"Villa 24, 1th Floor, C Wing, Station Road, Bhubaneswar, Odisha - 751026",605468356521,KNXPN8182A,13-04-1994
Suresh Ansari,sureshans265@yahoo.com,6133228898,"House No. 174, 5th Floor, C Wing, Bypass Road, Surat, Gujarat - 395008",263399129710,EYJPA8171O,22-02-1988
Diya Banerjee,diyaban386@icloud.com,8112747472,"Villa 21, 6th Floor, C Wing, Bypass Road, Bengaluru, Karnataka - 560073",892758955168,OIVPB0903W,17-09-1960
Ayaans Nair,ayaansnai262@icloud.com,6367157787,"House No. 375, 2th Floor, D Wing, Bypass Road, Bengaluru, Karnataka - 560011",565155973714,OBRPN2723K,23-10-1962
Deepak Kumar,deepak.kumar47@hotmail.com,7064421214,"Plot No. 448, 12th Floor, D Wing, Bypass Road, Lucknow, Uttar Pradesh - 226003",542016542356,PPRPK2659M,21-11-1960
Rohan Singh,rohansin731@yahoo.com,8027275164,"Villa 483, 14th Floor, B Wing, Ring Road, Kochi, Kerala - 682001",303368296353,GVSPS0550J,16-07-1987
Naresh Pillai,nareshpil764@hotmail.com,9558685127,"House No. 284, 10th Floor, B Wing, Bypass Road, Kanpur, Uttar Pradesh - 208012",846491111096,DPXPP9817Q,05-12-1962
Shruti Hegde,shrutiheg895@hotmail.com,6371576605,"Plot No. 138, 15th Floor, Block F, Park Street, Hyderabad, Telangana - 500065",663060002589,KKFPH9638M,14-04-1977
Sunita Kumar,sunita.kumar74@hotmail.com,9582631281,"Villa 432, 13th Floor, Block F, Park Street, Bhubaneswar, Odisha - 751026",453110609209,WRCPK9602O,16-02-1992
Rudra Pandey,rudra.pandey84@yahoo.com,9404120911,"Flat 55, 3th Floor, C Wing, Park Street, Jaipur, Rajasthan - 302039",411753617061,PUCPP3665U,13-06-2000
Kiara Patel,kiara.patel39@gmail.com,6557998028,"House No. 311, 1th Floor, Block E, MG Road, Delhi, Delhi - 110016",435130523124,IPGPP1584O,24-06-2004
Lata Fernandes,lata.fernandes52@yahoo.com,8619942376,"Plot No. 418, 6th Floor, Block E, Station Road, Jaipur, Rajasthan - 302028",863955172084,SNJPF9856A,14-04-1970
Rudra Das,rudra.das55@yahoo.com,7552510505,"Plot No. 461, 4th Floor, Block E, Station Road, Coimbatore, Tamil Nadu - 641030",849383184919,UNVPD6553G,15-06-1964
Dinesh Gaekwad,dinesh.gaekwad6@outlook.com,9295963904,"Flat 467, 8th Floor, C Wing, Link Road, Mumbai, Maharashtra - 400083",808805017164,IKYPG5618Y,05-02-1988
Dinesh Kapoor,dineshkap405@hotmail.com,6591030021,"Villa 116, 3th Floor, A Wing, Main Road, Surat, Gujarat - 395012",780040104145,WTZPK6422S,01-05-2001
Shaurya Iyer,shauryaiye871@icloud.com,9188397745,"Flat 136, 13th Floor, C Wing, Station Road, Chandigarh, Chandigarh - 160031",783311703037,MGPPI1539Y,11-02-1988
Aditi Thakur,aditi.thakur59@yahoo.com,7356798363,"Villa 85, 11th Floor, C Wing, Station Road, Nagpur, Maharashtra - 440018",471130724078,OLIPT1815N,09-01-1979
Ayaans Rao,ayaans.rao65@hotmail.com,9451066343,"Plot No. 272, 10th Floor, D Wing, Bypass Road, Lucknow, Uttar Pradesh - 226006",303131009431,RDIPR3966M,01-02-1969
Sanjay Yadav,sanjay.yadav89@outlook.com,7549401289,"House No. 88, 6th Floor, Block F, Station Road, Chandigarh, Chandigarh - 160036",425720765024,CFVPY0957S,02-02-1960
Mahesh Pandey,maheshpan146@gmail.com,7882211457,"Plot No. 340, 8th Floor, C Wing, Circular Road, Chandigarh, Chandigarh - 160039",905458971480,ENHPP2570H,22-08-1998
Gaurav Mehta,gaurav.mehta96@gmail.com,8878245569,"Plot No. 98, 1th Floor, Block E, Circular Road, Kanpur, Uttar Pradesh - 208009",367954107272,QJTPM8247J,18-10-1965
Shruti Sharma,shruti.sharma59@gmail.com,6740650042,"House No. 489, 2th Floor, Block F, Park Street, Kolkata, West Bengal - 700073",436914307536,NMDPS4494F,05-02-1999
Arnav Ansari,arnavans356@yahoo.com,7441497826,"House No. 270, 8th Floor, Block F, Circular Road, Kanpur, Uttar Pradesh - 208004",775676670806,CYEPA9439Q,22-06-1993
Atharva Kapoor,atharva.kapoor70@icloud.com,9260787010,"Flat 171, 10th Floor, A Wing, Park Street, Delhi, Delhi - 110084",950198038287,EHVPK2440Z,05-07-2003
Rohan Pillai,rohan.pillai9@gmail.com,6331708760,"Villa 248, 3th Floor, B Wing, Park Street, Bengaluru, Karnataka - 560039",991620223288,GPPPP4419P,14-12-1992
Riya Rao,riyarao575@hotmail.com,7047196094,"Villa 22, 15th Floor, C Wing, Link Road, Pune, Maharashtra - 411042",974025883586,QCFPR2595O,24-07-1972
Riya Yash,riyayas503@gmail.com,9792988425,"Plot No. 300, 10th Floor, D Wing, Station Road, Bhubaneswar, Odisha - 751019",202311775331,FXMPY6109I,09-04-1970
Diya Chawla,diya.chawla10@hotmail.com,7517629833,"Villa 348, 5th Floor, B Wing, Main Road, Delhi, Delhi - 110063",468319013020,LYNPC9815F,06-07-2004
Om Mehta,ommeh612@outlook.com,7176619128,"Flat 256, 4th Floor, A Wing, Circular Road, Ahmedabad, Gujarat - 380007",234465124189,HQTPM8469B,12-12-1969
Ramesh Trivedi,rameshtri133@outlook.com,8350238503,"Flat 178, 2th Floor, D Wing, Station Road, Chandigarh, Chandigarh - 160021",924010783567,JZHPT0003R,13-01-1994
Vivaan Khan,vivaan.khan62@gmail.com,9682171955,"Villa 471, 1th Floor, B Wing, Main Road, Coimbatore, Tamil Nadu - 641022",390368900301,BEOPK2405L,29-11-1981
Shruti Iyer,shruti.iyer78@hotmail.com,6483753745,"House No. 270, 15th Floor, C Wing, Circular Road, Thiruvananthapuram, Kerala - 695019",305697413283,JXRPI3152B,02-02-1981
Asha Khanna,ashakha216@gmail.com,6449641049,"Flat 442, 7th Floor, D Wing, Ring Road, Lucknow, Uttar Pradesh - 226016",233626804085,ATYPK5493Y,15-06-1962
Dev Yadav,dev.yadav80@hotmail.com,6864876998,"Villa 240, 12th Floor, B Wing, Link Road, Delhi, Delhi - 110021",244138459609,ILIPY4901J,18-10-1988
Pooja Patel,pooja.patel57@hotmail.com,9057836091,"Plot No. 489, 2th Floor, D Wing, Link Road, Delhi, Delhi - 110079",644723229031,UBFPP8795B,13-06-1980
Sai Thakur,sai.thakur34@outlook.com,7511871813,"Plot No. 425, 14th Floor, Block F, Bypass Road, Coimbatore, Tamil Nadu - 641021",364205955657,JTAPT2504E,16-04-1962
Krishna Malik,krishnamal623@icloud.com,7690261139,"Villa 276, 12th Floor, A Wing, MG Road, Kochi, Kerala - 682037",988754394353,ZYLPM3751W,16-08-1981
Asha Yadav,asha.yadav53@outlook.com,8793763928,"Villa 346, 10th Floor, Block F, Link Road, Hyderabad, Telangana - 500100",645511668297,UYGPY2702D,22-07-1997
Pooja Yash,pooja.yash71@hotmail.com,6602128866,"Villa 357, 9th Floor, B Wing, Park Street, Kolkata, West Bengal - 700033",355999101576,UOXPY6472X,16-06-1976
Harish Joshi,harishjos707@icloud.com,9657289413,"Plot No. 25, 10th Floor, Block E, Bypass Road, Ahmedabad, Gujarat - 380032",656522036849,TKDPJ5421J,26-07-1984
Mahesh Kulkarni,mahesh.kulkarni29@yahoo.com,7421388209,"House No. 4, 8th Floor, A Wing, Circular Road, Pune, Maharashtra - 411058",549678274117,NPIPK1241L,03-02-1967
Sanjay Yadav,sanjayyad260@icloud.com,8781506185,"Flat 486, 11th Floor, Block F, MG Road, Coimbatore, Tamil Nadu - 641036",529633472727,JEGPY1830N,13-01-1966
Mahesh Khan,mahesh.khan79@yahoo.com,9496935782,"House No. 449, 5th Floor, Block F, Ring Road, Ahmedabad, Gujarat - 380054",969587413146,OKHPK6127K,09-03-1970
Yash Bajaj,yashbaj892@hotmail.com,9304483608,"Plot No. 211, 7th Floor, D Wing, Bypass Road, Surat, Gujarat - 395005",840473504763,SFRPB3199K,05-08-1971
Vijay Verma,vijay.verma93@gmail.com,8581083583,"House No. 149, 13th Floor, B Wing, Circular Road, Chennai, Tamil Nadu - 600102",763830008186,ZPBPV2440H,09-03-1982
Diya Chatterjee,diyacha932@hotmail.com,7411186008,"Flat 377, 10th Floor, D Wing, Main Road, Patna, Bihar - 800005",656804473149,PMJPC6136R,27-12-1984
Suresh Banerjee,sureshban618@yahoo.com,6765817390,"House No. 229, 6th Floor, D Wing, Station Road, Lucknow, Uttar Pradesh - 226025",652118237931,EMTPB7893B,07-04-2004
Sneha Hegde,sneha.hegde40@outlook.com,8996043878,"House No. 165, 8th Floor, Block F, Ring Road, Chandigarh, Chandigarh - 160037",316162028123,ODBPH6728P,19-07-1972
Kavita Rao,kavitarao220@hotmail.com,8859592248,"Plot No. 266, 10th Floor, C Wing, Ring Road, Coimbatore, Tamil Nadu - 641040",935228705622,PCAPR4331R,21-02-2001
Aditya Nair,aditya.nair8@icloud.com,6583503446,"Plot No. 189, 10th Floor, D Wing, Park Street, Bhubaneswar, Odisha - 751024",519213424912,ZQSPN6599T,14-11-1984
Ramesh Mehta,ramesh.mehta22@gmail.com,6922270510,"Villa 218, 11th Floor, D Wing, Circular Road, Mysuru, Karnataka - 570017",681386667548,KQCPM9324W,26-10-1972
Lata Khan,lata.khan57@hotmail.com,9520575639,"Villa 192, 3th Floor, Block F, MG Road, Thiruvananthapuram, Kerala - 695013",575830945154,QATPK4047M,10-12-1963
Sneha Chatterjee,snehacha685@gmail.com,9727810509,"House No. 446, 14th Floor, B Wing, Station Road, Mysuru, Karnataka - 570023",810705184390,KVKPC2958A,03-03-1996
Kavita Arora,kavita.arora86@gmail.com,8127049386,"Plot No. 141, 9th Floor, C Wing, Station Road, Chennai, Tamil Nadu - 600001",779197111212,KSUPA0203U,07-08-1993
Suman Joshi,suman.joshi93@yahoo.com,8064242956,"Plot No. 453, 4th Floor, B Wing, Park Street, Hyderabad, Telangana - 500025",674175955872,BSMPJ2893W,03-12-1998
Yash Khanna,yashkha312@outlook.com,6834374018,"House No. 240, 10th Floor, C Wing, Circular Road, Chennai, Tamil Nadu - 600122",890515026755,UDFPK5427R,13-09-1976
Vivaan Kulkarni,vivaankul707@icloud.com,9734595764,"House No. 391, 15th Floor, Block E, Station Road, Pune, Maharashtra - 411060",864969028249,WQGPK9225Z,28-10-1964
Aadhya Mukherjee,aadhyamuk920@outlook.com,9270232441,"House No. 224, 2th Floor, Block F, Main Road, Chennai, Tamil Nadu - 600061",485072517863,PVMPM7316E,23-07-1988
Pranav Rao,pranavrao389@hotmail.com,6579039235,"Flat 313, 10th Floor, D Wing, Station Road, Kolkata, West Bengal - 700088",527303461562,NEJPR4670I,01-11-1997
Dhruv Reddy,dhruvred954@gmail.com,6516025298,"Villa 6, 8th Floor, Block F, Bypass Road, Lucknow, Uttar Pradesh - 226022",804641978575,RLDPR2686V,06-03-1967
Ayaans Sharma,ayaanssha364@yahoo.com,9074017750,"Plot No. 130, 7th Floor, C Wing, Park Street, Patna, Bihar - 800022",284245607540,TDLPS0863F,17-07-1967
Ashok Nair,ashoknai748@hotmail.com,8579389701,"Flat 76, 10th Floor, Block F, Station Road, Surat, Gujarat - 395006",881546602416,DZGPN9449Q,13-11-1981
Kabir Sen,kabirsen320@hotmail.com,7480962440,"Flat 401, 7th Floor, Block F, Link Road, Kanpur, Uttar Pradesh - 208007",647951330531,TJXPS9796U,29-06-1989
Vijay Roy,vijayroy112@outlook.com,8572773826,"Flat 339, 14th Floor, Block E, Station Road, Delhi, Delhi - 110052",985138544577,AETPR9295S,18-09-1998
Kavita Yash,kavita.yash3@outlook.com,9826911633,"Plot No. 92, 14th Floor, B Wing, Bypass Road, Bengaluru, Karnataka - 560074",853694551588,RMHPY6774O,30-01-1974
Dhruv Rao,dhruvrao645@outlook.com,7169666309,"Flat 307, 10th Floor, Block F, Bypass Road, Hyderabad, Telangana - 500018",259329715096,RQGPR2753F,12-05-2002
Rohan Das,rohan.das17@outlook.com,9739732781,"Plot No. 447, 15th Floor, B Wing, Main Road, Patna, Bihar - 800027",910068761648,DWYPD9807P,13-05-1965
Shruti Rao,shrutirao472@hotmail.com,9112491256,"House No. 408, 8th Floor, B Wing, Park Street, Surat, Gujarat - 395003",351773454757,WISPR4902E,16-11-1985
Ananya Mishra,ananyamis471@outlook.com,7947742229,"Villa 132, 11th Floor, B Wing, MG Road, Ahmedabad, Gujarat - 380055",594290458867,TFLPM2985Q,02-08-1993
Deepak Gaekwad,deepakgae991@icloud.com,7760153433,"Flat 333, 4th Floor, C Wing, Ring Road, Mysuru, Karnataka - 570009",990833506158,CIRPG8810O,31-03-1982
Neha Trivedi,neha.trivedi95@yahoo.com,9209484131,"Plot No. 32, 4th Floor, B Wing, Main Road, Mysuru, Karnataka - 570017",971805137171,PGDPT8939P,29-11-1986
Vihaan Ansari,vihaan.ansari56@gmail.com,9046947258,"Plot No. 488, 11th Floor, C Wing, Park Street, Chandigarh, Chandigarh - 160049",554884712705,QPPPA2216V,01-05-1987
Saanvi Kulkarni,saanvi.kulkarni44@icloud.com,6334845871,"House No. 293, 11th Floor, B Wing, Circular Road, Ahmedabad, Gujarat - 380060",436229258796,YXIPK3474L,02-01-1973
Aditi Choudhury,aditicho949@outlook.com,8696606065,"Plot No. 10, 14th Floor, Block F, Main Road, Mysuru, Karnataka - 570015",544505665883,ZGTPC8741C,24-10-1981
Kiara Das,kiaradas838@icloud.com,6673499601,"Plot No. 142, 9th Floor, C Wing, Ring Road, Pune, Maharashtra - 411041",617215622949,GRCPD7359R,23-05-1983
Prakash Banerjee,prakashban243@gmail.com,8732573755,"Plot No. 131, 10th Floor, Block F, MG Road, Coimbatore, Tamil Nadu - 641044",416667080850,SNBPB8587J,10-12-1989
Arjun Chawla,arjun.chawla10@icloud.com,7819793164,"House No. 334, 6th Floor, A Wing, Link Road, Jaipur, Rajasthan - 302029",778606940960,AHKPC6243S,20-04-1989
Ashok Deshmukh,ashokdes888@icloud.com,7323421089,"House No. 277, 6th Floor, A Wing, Circular Road, Pune, Maharashtra - 411050",733342643350,EODPD6073M,31-05-1964
Rekha Kulkarni,rekha.kulkarni52@yahoo.com,6289812317,"Plot No. 213, 4th Floor, B Wing, Station Road, Patna, Bihar - 800012",774817006661,LLJPK1643W,30-07-1967
Rajesh Chavan,rajesh.chavan3@outlook.com,7329028227,"House No. 444, 12th Floor, Block F, Park Street, Pune, Maharashtra - 411004",796262282251,ZFAPC7346U,24-06-1993
Pooja Kapoor,poojakap902@gmail.com,6702608698,"Flat 8, 6th Floor, B Wing, Station Road, Chennai, Tamil Nadu - 600041",811776872904,PPIPK2585T,24-08-1968
Suresh Gaekwad,suresh.gaekwad96@icloud.com,7231164913,"House No. 374, 11th Floor, C Wing, Circular Road, Hyderabad, Telangana - 500033",998894256529,XBXPG6032A,28-10-1972
Diya Pandey,diyapan430@gmail.com,9539673794,"Flat 382, 5th Floor, Block F, Circular Road, Thiruvananthapuram, Kerala - 695029",724578715841,ZLNPP0821H,14-01-2001
Ishaan Pillai,ishaanpil229@outlook.com,9681826832,"Flat 102, 12th Floor, Block F, Circular Road, Hyderabad, Telangana - 500100",498808583825,FDVPP2932R,15-01-1998
Rohan Chatterjee,rohancha403@hotmail.com,9752401484,"Flat 31, 13th Floor, D Wing, Link Road, Coimbatore, Tamil Nadu - 641047",472362669335,CHIPC2619V,15-08-1973
Rahul Kulkarni,rahul.kulkarni19@outlook.com,6848197374,"Villa 79, 2th Floor, Block F, Circular Road, Bengaluru, Karnataka - 560070",606417692743,QDCPK9953V,13-05-2004
Lata Hegde,lataheg985@outlook.com,8856451017,"Villa 114, 10th Floor, D Wing, Park Street, Hyderabad, Telangana - 500075",378996986091,SZUPH1911Y,28-05-1981
Gaurav Ansari,gaurav.ansari87@icloud.com,8779806603,"Flat 323, 6th Floor, A Wing, Park Street, Bhubaneswar, Odisha - 751006",807455534705,OWUPA4238Y,16-11-1988
Anita Yash,anita.yash45@yahoo.com,8598354116,"Villa 328, 3th Floor, D Wing, Main Road, Surat, Gujarat - 395010",675575225013,SJQPY8488F,14-09-1995
Reyansh Shah,reyanshsha828@icloud.com,8258562614,"Flat 166, 4th Floor, D Wing, MG Road, Patna, Bihar - 800019",582407333373,EAJPS3097O,10-03-1997
Om Hegde,omheg694@hotmail.com,8546553585,"Plot No. 441, 14th Floor, Block F, Main Road, Nagpur, Maharashtra - 440009",418785193583,OISPH0797P,17-02-1999
Arjun Reddy,arjun.reddy3@icloud.com,8721514940,"Villa 361, 13th Floor, B Wing, Bypass Road, Patna, Bihar - 800016",574845398628,VSKPR0905S,26-09-1970
Reyansh Kapoor,reyansh.kapoor9@icloud.com,7922071511,"Villa 413, 7th Floor, D Wing, Ring Road, Lucknow, Uttar Pradesh - 226019",452145264712,IMGPK3515O,08-06-1968
Prakash Trivedi,prakash.trivedi3@icloud.com,8120800564,"Plot No. 440, 2th Floor, B Wing, Main Road, Mumbai, Maharashtra - 400073",928351295927,WYFPT8270T,24-06-1963
Ashok Pillai,ashok.pillai40@outlook.com,7173929578,"Villa 484, 2th Floor, Block F, Station Road, Lucknow, Uttar Pradesh - 226026",735237360507,ZVWPP9181V,03-10-1988
Prakash Sheikh,prakash.sheikh74@icloud.com,8527346666,"Flat 252, 2th Floor, C Wing, Ring Road, Nagpur, Maharashtra - 440032",847408031499,RFUPS5080B,06-03-1987
Rajesh Shah,rajesh.shah46@icloud.com,8031723513,"Flat 24, 15th Floor, D Wing, Main Road, Chandigarh, Chandigarh - 160030",340352635602,ETHPS9469W,15-10-1987
Rahul Khanna,rahulkha519@gmail.com,9643749060,"House No. 37, 11th Floor, A Wing, Station Road, Jaipur, Rajasthan - 302009",471285246484,JSIPK1163C,03-09-2004
Rohan Iyer,rohan.iyer67@gmail.com,6306211369,"House No. 227, 10th Floor, A Wing, Main Road, Kolkata, West Bengal - 700113",550902542573,UBMPI6248C,16-03-1980
Rudra Malhotra,rudra.malhotra25@outlook.com,9139848228,"Flat 351, 2th Floor, D Wing, MG Road, Surat, Gujarat - 395001",455021306090,MYSPM1309R,19-08-1966
Vivaan Khanna,vivaankha760@hotmail.com,9737945772,"Plot No. 115, 3th Floor, C Wing, Link Road, Jaipur, Rajasthan - 302035",842506420768,HMEPK5366N,27-04-2001
Rekha Kulkarni,rekhakul472@outlook.com,9283333939,"Villa 192, 11th Floor, C Wing, Main Road, Kolkata, West Bengal - 700119",827187496033,KRFPK6862O,20-02-1962
Rahul Roy,rahul.roy73@yahoo.com,9932657327,"Flat 347, 2th Floor, A Wing, Station Road, Surat, Gujarat - 395010",200515532341,LTKPR9775W,20-09-1975
Shruti Mukherjee,shruti.mukherjee13@icloud.com,9189628874,"House No. 466, 8th Floor, A Wing, MG Road, Hyderabad, Telangana - 500015",467672095799,FOAPM7955C,11-03-1993
Arjun Patel,arjun.patel18@icloud.com,6354159709,"House No. 187, 14th Floor, C Wing, Main Road, Bhubaneswar, Odisha - 751014",680752034476,KBIPP7158B,21-09-1971
Vihaan Chawla,vihaan.chawla74@gmail.com,9660465586,"Plot No. 68, 6th Floor, Block F, Park Street, Kanpur, Uttar Pradesh - 208023",574417158102,ZYDPC3125C,25-10-1973
Priya Agarwal,priyaaga109@gmail.com,6297519102,"Flat 96, 2th Floor, Block F, Station Road, Coimbatore, Tamil Nadu - 641048",263301658373,WPTPA2749B,13-09-1999
Rudra Fernandes,rudrafer280@yahoo.com,7893113253,"Plot No. 308, 7th Floor, Block E, Park Street, Chennai, Tamil Nadu - 600102",564538044210,CPLPF0961V,03-01-2000
Vihaan Chawla,vihaancha426@icloud.com,6945757574,"House No. 117, 10th Floor, B Wing, MG Road, Chandigarh, Chandigarh - 160037",767756777226,NAEPC5626L,02-04-1961
Lata Arora,lata.arora23@yahoo.com,6067245307,"Plot No. 425, 14th Floor, Block E, Park Street, Lucknow, Uttar Pradesh - 226006",537976627051,CKWPA7942H,03-05-2004
Amit Hegde,amitheg415@yahoo.com,8969192845,"Plot No. 290, 8th Floor, A Wing, MG Road, Kolkata, West Bengal - 700033",956335357485,SZKPH3259H,06-04-1981
Neha Gaekwad,neha.gaekwad73@hotmail.com,9295187794,"Villa 399, 4th Floor, C Wing, Link Road, Nagpur, Maharashtra - 440029",707330559782,ZIKPG7598G,18-11-1976
Shaurya Banerjee,shauryaban853@yahoo.com,7660443240,"Villa 41, 6th Floor, D Wing, Link Road, Mumbai, Maharashtra - 400084",968297514743,WTOPB4292K,09-07-1961
Shaurya Kumar,shaurya.kumar42@icloud.com,8680656259,"Plot No. 166, 10th Floor, Block E, MG Road, Pune, Maharashtra - 411042",227112218231,YLLPK5165Y,29-03-1966
Dinesh Rao,dineshrao637@hotmail.com,7813721433,"Flat 27, 11th Floor, Block F, Main Road, Pune, Maharashtra - 411042",900332285566,AQYPR4706R,04-02-1966
Advait Shah,advaitsha313@yahoo.com,6519582632,"Plot No. 137, 9th Floor, C Wing, Bypass Road, Thiruvananthapuram, Kerala - 695001",439453546147,AOTPS8632D,27-09-1963
Rajesh Nair,rajeshnai304@icloud.com,7945703943,"Plot No. 7, 4th Floor, B Wing, Circular Road, Kochi, Kerala - 682002",576576927789,JZVPN3191A,19-10-1962
Kabir Sharma,kabirsha410@hotmail.com,7105336514,"Flat 153, 13th Floor, A Wing, Station Road, Kanpur, Uttar Pradesh - 208021",624731072011,XHOPS9844A,14-01-2003
Arjun Yadav,arjunyad320@gmail.com,9007676209,"Flat 492, 13th Floor, C Wing, Park Street, Pune, Maharashtra - 411043",934043370096,RWPPY3045C,13-12-1992
Suman Chavan,suman.chavan70@yahoo.com,8562965754,"Villa 346, 9th Floor, D Wing, Circular Road, Mysuru, Karnataka - 570027",819425577820,KQUPC2958U,21-04-1974
Pranav Mehta,pranav.mehta89@hotmail.com,6819048235,"Plot No. 375, 14th Floor, C Wing, Bypass Road, Chandigarh, Chandigarh - 160024",839561372308,ZDPPM2143Y,07-06-1996
Tanvi Mehta,tanvi.mehta70@gmail.com,6041321147,"Plot No. 339, 7th Floor, A Wing, Park Street, Bengaluru, Karnataka - 560055",765346997990,VPBPM7550I,27-06-2002
Rajesh Yash,rajeshyas532@icloud.com,9060717481,"Flat 233, 7th Floor, Block F, Circular Road, Nagpur, Maharashtra - 440016",597054873961,AVEPY9087C,15-01-2005
Rudra Deshmukh,rudra.deshmukh36@icloud.com,8918727420,"Plot No. 219, 2th Floor, Block F, Link Road, Ahmedabad, Gujarat - 380039",337730626042,HKVPD9737Z,01-06-1970
Saanvi Reddy,saanvi.reddy18@yahoo.com,9756085816,"Plot No. 224, 9th Floor, Block F, Bypass Road, Chandigarh, Chandigarh - 160019",311457683210,FCSPR2378L,06-08-1983
Suresh Singh,suresh.singh85@yahoo.com,6332426050,"Flat 269, 11th Floor, C Wing, MG Road, Kochi, Kerala - 682001",625373377731,FMRPS8122Q,16-01-1973
Arjun Chavan,arjun.chavan66@gmail.com,9534606056,"Plot No. 201, 8th Floor, Block E, Main Road, Mumbai, Maharashtra - 400025",479862398471,NTAPC6181W,21-01-1973
Advait Sen,advaitsen387@hotmail.com,8895478769,"House No. 241, 6th Floor, A Wing, Ring Road, Thiruvananthapuram, Kerala - 695044",788914444983,KKHPS9354G,20-01-1990
Satish Grover,satishgro370@icloud.com,7924358853,"House No. 61, 12th Floor, Block F, Park Street, Jaipur, Rajasthan - 302038",539527536749,ORKPG2491I,01-03-1971
Deepak Khan,deepakkha168@yahoo.com,9789489634,"Villa 305, 2th Floor, D Wing, Bypass Road, Pune, Maharashtra - 411028",851221500141,RRIPK2163B,16-05-1965
Vihaan Pillai,vihaanpil836@outlook.com,9333999485,"Flat 284, 10th Floor, C Wing, Main Road, Hyderabad, Telangana - 500020",463890219947,DDHPP6337T,10-11-1974
Dhruv Mishra,dhruvmis103@yahoo.com,9996733116,"House No. 379, 15th Floor, D Wing, Bypass Road, Jaipur, Rajasthan - 302029",284376855078,TMOPM9352W,09-12-1966
Deepak Reddy,deepakred323@outlook.com,9434369709,"Flat 232, 12th Floor, A Wing, Bypass Road, Hyderabad, Telangana - 500083",756076761645,HILPR4722H,23-07-1977
Diya Roy,diya.roy47@gmail.com,7198041847,"House No. 440, 7th Floor, C Wing, Link Road, Mysuru, Karnataka - 570010",564281319092,JRPPR6230Z,12-07-1977
Reyansh Singh,reyansh.singh99@gmail.com,9852282305,"Flat 257, 9th Floor, A Wing, Bypass Road, Chennai, Tamil Nadu - 600070",420722395947,HOFPS1329Y,17-10-1963
Arjun Roy,arjunroy394@hotmail.com,9886878599,"Plot No. 269, 15th Floor, D Wing, Link Road, Lucknow, Uttar Pradesh - 226025",920319541966,MJLPR0573Y,09-06-1961
Amit Shetty,amit.shetty82@yahoo.com,8632037476,"Plot No. 452, 4th Floor, D Wing, Link Road, Jaipur, Rajasthan - 302030",803214505766,CTJPS5887B,05-01-2003
Arjun Bose,arjun.bose43@yahoo.com,6128400838,"Villa 207, 6th Floor, Block E, Ring Road, Kolkata, West Bengal - 700007",795450891776,YQBPB8981E,26-11-1993
Aditya Arora,aditya.arora92@hotmail.com,7319646300,"House No. 100, 7th Floor, Block E, Main Road, Ahmedabad, Gujarat - 380001",826894301204,XPZPA1372V,09-04-2004
Ishaan Joshi,ishaanjos931@outlook.com,9498855829,"House No. 116, 14th Floor, A Wing, Bypass Road, Kochi, Kerala - 682018",945847609441,ERHPJ3372D,19-05-2005
Gaurav Hegde,gauravheg529@icloud.com,8132971506,"Villa 79, 7th Floor, D Wing, MG Road, Lucknow, Uttar Pradesh - 226027",751437769366,HJHPH9252T,07-05-1989
Deepak Joshi,deepak.joshi13@gmail.com,9712007202,"Plot No. 348, 11th Floor, Block F, Circular Road, Ahmedabad, Gujarat - 380054",302451091090,GZFPJ6714S,22-02-1986
Prakash Singh,prakashsin241@gmail.com,8281793406,"House No. 356, 8th Floor, D Wing, Circular Road, Surat, Gujarat - 395011",646634533722,BCBPS9121O,25-04-1971
Ayaans Yadav,ayaansyad888@outlook.com,7766189437,"House No. 201, 4th Floor, C Wing, Station Road, Pune, Maharashtra - 411024",204627765725,XWNPY5920Z,23-09-1974
Sneha Hegde,sneha.hegde12@hotmail.com,6238974326,"Flat 324, 6th Floor, Block F, Circular Road, Pune, Maharashtra - 411050",750178332584,QMQPH9993N,15-07-1963
Suman Yadav,sumanyad397@icloud.com,6450691767,"House No. 473, 6th Floor, Block E, Main Road, Patna, Bihar - 800019",944039464083,BHOPY3606B,29-10-1966
Riya Gomes,riyagom116@icloud.com,6793884136,"House No. 280, 11th Floor, B Wing, MG Road, Thiruvananthapuram, Kerala - 695022",815370124244,NFNPG3251Y,27-11-1985
Aditi Gomes,aditi.gomes89@icloud.com,7103142175,"Villa 262, 2th Floor, D Wing, Park Street, Bengaluru, Karnataka - 560065",351526384091,CFEPG5288G,11-12-2002
Yash Verma,yash.verma44@hotmail.com,9323979137,"Villa 165, 11th Floor, C Wing, Main Road, Thiruvananthapuram, Kerala - 695030",207309505560,KOCPV2198R,14-06-1970
Pranav Chavan,pranav.chavan64@icloud.com,6534864010,"House No. 357, 5th Floor, D Wing, Link Road, Ahmedabad, Gujarat - 380043",656185174460,AJKPC2128T,24-12-1968
Gaurav Pillai,gauravpil886@outlook.com,6293913044,"Flat 416, 12th Floor, Block E, Park Street, Thiruvananthapuram, Kerala - 695035",616046154021,DSAPP1707Z,25-05-1992
Anita Gomes,anita.gomes14@outlook.com,6522910732,"Villa 3, 11th Floor, Block E, Park Street, Chennai, Tamil Nadu - 600062",578306396384,LEMPG9694I,05-05-1982
Shaurya Thakur,shauryatha763@icloud.com,6169342929,"House No. 68, 12th Floor, A Wing, Main Road, Bengaluru, Karnataka - 560086",501623419031,WANPT1537E,09-03-1973
Shaurya Sen,shauryasen487@icloud.com,9323653377,"Flat 130, 1th Floor, D Wing, Ring Road, Delhi, Delhi - 110056",400784361424,IFNPS0781S,07-10-2000
Yash Mukherjee,yashmuk560@yahoo.com,9642737203,"House No. 486, 9th Floor, Block E, Link Road, Chandigarh, Chandigarh - 160041",345841484601,SDHPM4438T,30-05-1976
Dinesh D'Souza,dineshd's120@outlook.com,8073214644,"Villa 343, 14th Floor, Block E, Circular Road, Bhubaneswar, Odisha - 751007",367933505573,RKPPD3680W,04-11-1966
Krishna Sheikh,krishna.sheikh18@yahoo.com,9681187233,"Flat 19, 5th Floor, A Wing, Bypass Road, Coimbatore, Tamil Nadu - 641024",349731539114,ZTRPS3074R,26-12-1974
Aarav Gaekwad,aarav.gaekwad28@hotmail.com,7940655782,"Flat 322, 10th Floor, A Wing, Park Street, Mumbai, Maharashtra - 400095",522302333247,BVOPG3920D,26-04-1978
Gaurav Malhotra,gaurav.malhotra97@outlook.com,6276025082,"Flat 392, 3th Floor, B Wing, Station Road, Kanpur, Uttar Pradesh - 208004",461632488899,KOFPM9893O,12-02-1998
Dhruv Kapoor,dhruv.kapoor57@outlook.com,6364687191,"Flat 118, 12th Floor, Block F, Station Road, Mysuru, Karnataka - 570029",969208283230,QTRPK1388C,04-06-1990
Prakash Gomes,prakash.gomes12@outlook.com,7067323182,"Flat 217, 12th Floor, Block F, Station Road, Patna, Bihar - 800015",772450000001,KFYPG9113P,24-10-1968
Asha Gomes,asha.gomes83@outlook.com,7556184442,"House No. 308, 11th Floor, Block E, Ring Road, Nagpur, Maharashtra - 440035",678122489056,PBQPG6700T,19-05-1964
Aarav Arora,aaravaro486@outlook.com,6584826691,"House No. 409, 5th Floor, Block E, Main Road, Hyderabad, Telangana - 500053",750542960807,BNGPA3699R,09-04-2001
Harsh Verma,harsh.verma99@icloud.com,7104016481,"Flat 134, 11th Floor, Block F, Park Street, Thiruvananthapuram, Kerala - 695034",487738363816,IHEPV1269V,24-06-1986
Diya D'Souza,diya.d'souza74@outlook.com,6362586314,"Villa 448, 1th Floor, D Wing, Park Street, Delhi, Delhi - 110011",825540263558,VFJPD3017M,10-08-1987
Geeta Chatterjee,geeta.chatterjee38@icloud.com,7153888245,"Flat 345, 12th Floor, C Wing, MG Road, Mysuru, Karnataka - 570015",604333353849,KWDPC6321C,26-06-1968
Suman D'Souza,suman.d'souza60@gmail.com,7913732653,"Villa 438, 1th Floor, Block F, Station Road, Pune, Maharashtra - 411057",398756178688,AAFPD3009D,06-01-1990
Kavita Pillai,kavita.pillai71@yahoo.com,7657744916,"House No. 201, 6th Floor, Block E, Circular Road, Mumbai, Maharashtra - 400080",401491189418,JHHPP6875A,30-06-1972
Geeta Shah,geeta.shah22@yahoo.com,6374556114,"Plot No. 67, 9th Floor, Block E, Bypass Road, Pune, Maharashtra - 411045",250537666081,DXEPS6003B,24-03-1978
Gaurav Roy,gauravroy190@gmail.com,7715312345,"Villa 261, 9th Floor, B Wing, Bypass Road, Kolkata, West Bengal - 700014",377682938440,DHJPR8087Y,30-05-1977
Dev Mukherjee,dev.mukherjee31@hotmail.com,9033591015,"Flat 260, 6th Floor, Block E, Station Road, Jaipur, Rajasthan - 302002",649207492699,TUNPM9964R,04-12-2000
Aadhya D'Souza,aadhyad's648@outlook.com,7259140849,"House No. 489, 3th Floor, B Wing, Station Road, Patna, Bihar - 800026",434266980690,RPEPD6176A,27-08-1999
Dhruv Chawla,dhruv.chawla28@outlook.com,8953828040,"Flat 73, 15th Floor, Block F, Bypass Road, Kolkata, West Bengal - 700105",708269582641,ZRMPC9656U,13-07-1966
Amit Sharma,amit.sharma72@hotmail.com,7385951434,"House No. 124, 10th Floor, C Wing, Park Street, Lucknow, Uttar Pradesh - 226018",202730086966,CBDPS6831C,06-05-1977
Aditya Verma,aditya.verma7@gmail.com,8149150762,"Villa 329, 7th Floor, Block F, Link Road, Kochi, Kerala - 682013",253440777946,FBWPV7266V,31-08-1971
Pranav Bose,pranavbos917@gmail.com,9602991406,"Plot No. 35, 4th Floor, B Wing, Main Road, Kochi, Kerala - 682035",931255235617,RCOPB0321C,28-08-1974
Aarav Roy,aarav.roy15@yahoo.com,8277895613,"Flat 457, 11th Floor, Block E, Park Street, Coimbatore, Tamil Nadu - 641029",649029502648,BDNPR4403O,19-05-1978
Sneha Nair,sneha.nair51@hotmail.com,9782210217,"House No. 53, 11th Floor, B Wing, Park Street, Bhubaneswar, Odisha - 751018",829857973638,HDQPN2856A,14-05-1990
Vikram Sheikh,vikramshe856@gmail.com,9617706736,"Flat 187, 13th Floor, A Wing, Bypass Road, Kochi, Kerala - 682010",412235521650,YKRPS7146S,27-06-1973
Reyansh D'Souza,reyansh.d'souza84@yahoo.com,8967908984,"Plot No. 402, 9th Floor, A Wing, Link Road, Hyderabad, Telangana - 500056",405093869484,UEJPD9598R,03-12-1965
Aanya Banerjee,aanyaban741@icloud.com,6715238676,"House No. 14, 15th Floor, Block E, Ring Road, Chandigarh, Chandigarh - 160029",661917798768,ETSPB6872E,19-09-1988
Satish Sheikh,satishshe867@gmail.com,6623504056,"Plot No. 352, 8th Floor, Block E, MG Road, Lucknow, Uttar Pradesh - 226024",212482554428,MOSPS6325T,23-05-1986
Rudra Malhotra,rudramal799@icloud.com,9338915624,"House No. 273, 13th Floor, C Wing, Ring Road, Nagpur, Maharashtra - 440021",456292693358,TZVPM5138D,05-02-1995
Sandeep Sen,sandeepsen631@outlook.com,8095744303,"Flat 450, 11th Floor, Block E, Station Road, Ahmedabad, Gujarat - 380041",379720385934,ZBCPS5364C,06-03-1989
Shruti Deshmukh,shruti.deshmukh14@outlook.com,6325936781,"Villa 436, 6th Floor, A Wing, MG Road, Hyderabad, Telangana - 500055",621410527698,DWSPD8780T,23-10-1971
Suresh Sharma,sureshsha232@yahoo.com,9225866059,"Villa 276, 8th Floor, C Wing, Park Street, Kochi, Kerala - 682027",427585485965,ZKZPS9428E,28-04-1987
Shaurya Joshi,shaurya.joshi89@hotmail.com,6002453931,"Flat 410, 6th Floor, C Wing, Station Road, Hyderabad, Telangana - 500017",505570836821,JJJPJ8896M,06-01-2004
Aryan Gaekwad,aryangae533@hotmail.com,8620258254,"House No. 413, 14th Floor, B Wing, Station Road, Coimbatore, Tamil Nadu - 641005",431239204910,MXAPG1836I,02-12-2003
Kiara Mehta,kiara.mehta92@icloud.com,7768172257,"Plot No. 383, 6th Floor, Block E, Park Street, Jaipur, Rajasthan - 302021",926290529187,MVRPM3160R,18-04-1976
Asha Pillai,ashapil279@gmail.com,7373992052,"House No. 380, 7th Floor, B Wing, Station Road, Chennai, Tamil Nadu - 600040",859143882325,ULWPP3983K,21-08-1987
Anjali Hegde,anjaliheg842@hotmail.com,7264309544,"Villa 313, 12th Floor, Block F, Station Road, Bhubaneswar, Odisha - 751026",479970292712,BKHPH9787X,03-02-1970
Amit Gaekwad,amit.gaekwad91@outlook.com,7201256083,"Flat 136, 13th Floor, Block E, Ring Road, Chennai, Tamil Nadu - 600010",988897535852,HURPG6003A,13-12-1984
Tanvi Pandey,tanvipan934@icloud.com,6715239102,"Plot No. 340, 1th Floor, A Wing, Park Street, Bhubaneswar, Odisha - 751006",574830930967,CGVPP9719D,09-01-1973
Sunita Kumar,sunita.kumar82@yahoo.com,7217672019,"Flat 196, 7th Floor, A Wing, Link Road, Nagpur, Maharashtra - 440008",401907258733,TXXPK3049G,15-09-1998
Deepak Choudhury,deepakcho113@yahoo.com,8812421140,"Villa 321, 9th Floor, B Wing, Circular Road, Thiruvananthapuram, Kerala - 695044",295229462093,WLLPC6103W,21-12-1990
Atharva Agarwal,atharva.agarwal89@icloud.com,7712436585,"Villa 158, 13th Floor, B Wing, Main Road, Thiruvananthapuram, Kerala - 695024",241202706159,FPHPA8740F,08-07-1965
Asha Yadav,asha.yadav93@gmail.com,9322481554,"House No. 360, 12th Floor, C Wing, MG Road, Chennai, Tamil Nadu - 600002",501095679756,ZJTPY1579V,23-03-1991
Sandeep Banerjee,sandeepban352@outlook.com,6247601080,"Flat 20, 4th Floor, A Wing, Bypass Road, Bengaluru, Karnataka - 560103",517641726808,AQDPB5712S,25-09-1962
Krishna Choudhury,krishna.choudhury91@gmail.com,6671307351,"Plot No. 185, 9th Floor, C Wing, Ring Road, Pune, Maharashtra - 411053",636213009625,RQVPC5766T,07-10-1982
Dinesh Verma,dineshver674@gmail.com,7396274666,"Plot No. 300, 2th Floor, Block E, Main Road, Mysuru, Karnataka - 570003",470004666145,USAPV1107S,27-07-2003
Preeti Pillai,preeti.pillai33@gmail.com,6949053152,"Flat 414, 10th Floor, C Wing, Ring Road, Pune, Maharashtra - 411017",898731379716,MTRPP4166D,26-04-1973
Amit Gaekwad,amitgae596@hotmail.com,7325623899,"Flat 313, 8th Floor, A Wing, Station Road, Ahmedabad, Gujarat - 380038",626203708782,DCNPG0204D,05-07-1967
Priya Sen,priyasen685@icloud.com,7117088948,"Villa 458, 5th Floor, C Wing, Link Road, Mumbai, Maharashtra - 400010",417588397857,ARFPS0048B,27-07-1997
Ramesh Das,ramesh.das61@gmail.com,9914961128,"Plot No. 406, 3th Floor, Block E, Bypass Road, Chandigarh, Chandigarh - 160060",476970409531,IZCPD9615N,13-12-1963
Dinesh Khan,dineshkha281@hotmail.com,7565179624,"Villa 360, 11th Floor, C Wing, Bypass Road, Pune, Maharashtra - 411057",883496047842,COAPK2851M,08-10-1972
Kiara Bose,kiarabos945@hotmail.com,7089348688,"Flat 451, 7th Floor, B Wing, Park Street, Hyderabad, Telangana - 500079",872879916091,CJCPB3193L,24-08-1974
Rahul Thakur,rahultha338@yahoo.com,9052304588,"Plot No. 400, 14th Floor, Block F, MG Road, Bengaluru, Karnataka - 560052",454472419165,UBGPT4409N,26-01-1996
Arjun Chavan,arjun.chavan97@hotmail.com,8989808806,"House No. 50, 5th Floor, A Wing, Ring Road, Jaipur, Rajasthan - 302036",668135926648,NTVPC8939M,04-07-1999
Aditi Fernandes,aditifer419@gmail.com,8945011929,"Villa 185, 4th Floor, Block F, Bypass Road, Chennai, Tamil Nadu - 600015",251171603988,ZMGPF6536W,14-04-1971
Saanvi Fernandes,saanvi.fernandes75@outlook.com,9700099424,"Plot No. 92, 1th Floor, C Wing, Bypass Road, Kochi, Kerala - 682038",848966760564,FAZPF4565P,02-10-1999
Dev Gomes,devgom561@outlook.com,7389062354,"Villa 402, 3th Floor, Block F, Link Road, Lucknow, Uttar Pradesh - 226029",854016599530,AWVPG6221F,25-08-1973
Shruti Patel,shrutipat538@hotmail.com,8625916011,"Flat 48, 6th Floor, Block E, Park Street, Chennai, Tamil Nadu - 600072",800801798677,REGPP1299L,03-11-1999
Vihaan Chatterjee,vihaancha835@hotmail.com,7612120384,"Villa 176, 4th Floor, D Wing, Circular Road, Hyderabad, Telangana - 500095",880785254824,EDVPC8385I,23-06-1992
Anjali Kumar,anjalikum360@outlook.com,8752311232,"Villa 350, 10th Floor, Block F, Station Road, Jaipur, Rajasthan - 302019",976334272038,RMVPK2175W,17-02-1961
Vijay Kumar,vijay.kumar9@icloud.com,6453069358,"Plot No. 320, 15th Floor, B Wing, Circular Road, Kochi, Kerala - 682010",540018167784,QCNPK5244I,31-03-1992
Pooja Trivedi,pooja.trivedi55@gmail.com,8179937810,"Flat 76, 9th Floor, D Wing, Park Street, Surat, Gujarat - 395004",899969882904,KPSPT2714O,03-05-1972
Sneha Roy,sneharoy929@gmail.com,8242383972,"House No. 291, 13th Floor, A Wing, Link Road, Kochi, Kerala - 682016",387062932880,WSRPR3221B,29-06-1970
Vihaan Patel,vihaan.patel30@yahoo.com,9766100898,"Villa 63, 1th Floor, Block E, Station Road, Chandigarh, Chandigarh - 160062",635614038453,UCSPP8074N,27-05-1972
Om Das,omdas987@icloud.com,6003076205,"Villa 225, 14th Floor, A Wing, Circular Road, Delhi, Delhi - 110043",206666411065,JCWPD1340Z,07-02-2000
Vijay Das,vijaydas728@icloud.com,9089058366,"Plot No. 284, 3th Floor, D Wing, Bypass Road, Thiruvananthapuram, Kerala - 695013",469708386888,USDPD7879C,30-08-1992
Ananya Sen,ananyasen284@outlook.com,6976093201,"Plot No. 233, 14th Floor, Block F, Link Road, Mysuru, Karnataka - 570014",804180952175,KQKPS1777J,04-02-1968
Pranav Gaekwad,pranav.gaekwad38@hotmail.com,6882419962,"House No. 84, 3th Floor, Block E, Ring Road, Kanpur, Uttar Pradesh - 208009",789170454218,LVJPG5705N,17-05-2005
Atharva Sharma,atharvasha229@outlook.com,6900163564,"House No. 109, 14th Floor, B Wing, Park Street, Pune, Maharashtra - 411030",928289540017,QUQPS2247H,31-01-1968
Pranav Hegde,pranav.hegde10@hotmail.com,9105801195,"House No. 433, 8th Floor, A Wing, Station Road, Mumbai, Maharashtra - 400079",726105370923,BBOPH1695V,26-04-1961
Aarav Chavan,aaravcha998@icloud.com,8432987698,"Villa 177, 3th Floor, Block E, Park Street, Bhubaneswar, Odisha - 751007",671619827348,CGYPC1045B,16-10-1973
Harsh Agarwal,harsh.agarwal72@icloud.com,6743574835,"Flat 208, 14th Floor, C Wing, Bypass Road, Mysuru, Karnataka - 570014",267398344883,RJFPA5364M,15-05-1972
Vijay Kumar,vijaykum154@hotmail.com,8065795515,"House No. 290, 3th Floor, Block F, MG Road, Lucknow, Uttar Pradesh - 226006",285510740913,DCDPK7861T,17-09-1961
Aryan Choudhury,aryan.choudhury38@hotmail.com,7206953541,"Flat 342, 3th Floor, B Wing, Ring Road, Chennai, Tamil Nadu - 600001",795002601515,GXFPC5947U,26-06-1990
Diya Kulkarni,diya.kulkarni37@gmail.com,9327980595,"Flat 25, 1th Floor, D Wing, Park Street, Mumbai, Maharashtra - 400030",540391045203,NBQPK9411R,26-11-1986
Saanvi Mishra,saanvi.mishra84@outlook.com,8535952056,"Flat 209, 8th Floor, Block E, MG Road, Nagpur, Maharashtra - 440003",269680186774,BYWPM3784W,30-03-1971
Amit Arora,amitaro968@outlook.com,8300677625,"House No. 83, 11th Floor, C Wing, MG Road, Surat, Gujarat - 395001",373654262417,RIFPA9029W,29-05-1973
Sanjay Mishra,sanjay.mishra40@outlook.com,6090605308,"Plot No. 125, 1th Floor, B Wing, Station Road, Thiruvananthapuram, Kerala - 695027",366732904575,YSRPM8759F,14-11-1967
Diya Ansari,diyaans889@hotmail.com,7603362027,"House No. 40, 5th Floor, D Wing, Ring Road, Kolkata, West Bengal - 700091",292071152380,FGNPA2192C,19-08-1991
Prakash Pillai,prakashpil600@gmail.com,6611863855,"Flat 374, 10th Floor, C Wing, Ring Road, Thiruvananthapuram, Kerala - 695036",921688005378,YZWPP9318M,13-11-1973
Harish Ansari,harishans922@icloud.com,8401822720,"House No. 315, 5th Floor, Block E, Link Road, Pune, Maharashtra - 411012",522041447432,XQXPA1165S,10-08-1977
Vihaan Grover,vihaan.grover17@gmail.com,6423227752,"Plot No. 368, 4th Floor, A Wing, Link Road, Bengaluru, Karnataka - 560032",365064630059,HOOPG7569D,13-02-1980
Atharva Agarwal,atharva.agarwal10@gmail.com,9174690298,"Flat 135, 4th Floor, Block F, Park Street, Coimbatore, Tamil Nadu - 641008",396622913167,AQBPA5685N,13-04-1995
Suman Yash,suman.yash6@hotmail.com,6986550494,"Flat 226, 7th Floor, D Wing, Main Road, Delhi, Delhi - 110039",693396504962,OGEPY2626D,08-12-1967
Shruti Iyengar,shruti.iyengar33@yahoo.com,8854218808,"Flat 379, 10th Floor, D Wing, Link Road, Chandigarh, Chandigarh - 160055",541996433853,EXJPI7250L,27-02-1981
Sanjay Pandey,sanjay.pandey34@yahoo.com,6158760545,"Plot No. 256, 6th Floor, D Wing, Bypass Road, Jaipur, Rajasthan - 302025",653536597466,XTYPP8616G,24-02-1985
Atharva Joshi,atharva.joshi23@outlook.com,6959481526,"Plot No. 403, 6th Floor, Block E, Bypass Road, Patna, Bihar - 800005",847213074235,YWSPJ1426D,25-08-1985
Kabir Arora,kabir.arora34@icloud.com,7614543079,"Villa 116, 2th Floor, Block F, MG Road, Kanpur, Uttar Pradesh - 208008",281785221158,OCRPA4523L,23-01-1985
Dhruv Shetty,dhruvshe365@outlook.com,6173208652,"Villa 232, 3th Floor, Block E, Bypass Road, Hyderabad, Telangana - 500057",856337014005,EORPS1055U,04-02-1964
Diya Verma,diya.verma20@hotmail.com,6425731609,"Flat 394, 15th Floor, B Wing, Bypass Road, Ahmedabad, Gujarat - 380015",372031369552,QYMPV2092S,24-06-2003
Neha Bose,neha.bose17@outlook.com,7222739389,"Flat 148, 6th Floor, D Wing, Main Road, Patna, Bihar - 800006",732366185076,CBRPB7082M,30-08-2004
Shaurya Yash,shauryayas949@yahoo.com,6107126158,"House No. 362, 2th Floor, D Wing, Bypass Road, Hyderabad, Telangana - 500072",684673574223,GWEPY2280U,09-07-1969
Shruti Trivedi,shruti.trivedi20@outlook.com,7256062953,"Villa 125, 14th Floor, Block F, Ring Road, Kolkata, West Bengal - 700013",511804674130,PVKPT3841U,23-01-1989
Ayaans Sharma,ayaans.sharma85@gmail.com,9084639756,"Plot No. 405, 8th Floor, A Wing, Circular Road, Nagpur, Maharashtra - 440021",749121516411,SYVPS5564A,11-03-1968
Deepak Ansari,deepakans428@hotmail.com,8207020426,"Flat 319, 14th Floor, Block F, Ring Road, Chennai, Tamil Nadu - 600004",321241393696,ORSPA7609Q,29-07-2002
Amit Singh,amit.singh22@hotmail.com,6922760759,"Villa 333, 9th Floor, D Wing, Circular Road, Kochi, Kerala - 682035",539431916543,AQVPS9523D,25-12-1972
Advait Reddy,advait.reddy16@icloud.com,8764497470,"House No. 216, 9th Floor, D Wing, Bypass Road, Pune, Maharashtra - 411001",648676497974,CNGPR6560I,29-08-1989
Diya Verma,diya.verma53@yahoo.com,9309649692,"Flat 57, 15th Floor, Block F, Circular Road, Jaipur, Rajasthan - 302029",496353059702,LLDPV2827N,07-07-1978
Meena Mukherjee,meenamuk973@outlook.com,8965466345,"House No. 158, 12th Floor, C Wing, Station Road, Delhi, Delhi - 110038",691699939344,SOJPM3946I,16-07-1961
Prakash Yash,prakash.yash87@icloud.com,6958629739,"Plot No. 52, 4th Floor, B Wing, Station Road, Thiruvananthapuram, Kerala - 695042",297202170754,QLGPY4655P,01-11-1971
Atharva Gupta,atharvagup143@outlook.com,9461293900,"Plot No. 55, 3th Floor, A Wing, Main Road, Mysuru, Karnataka - 570029",956589635957,ARNPG1993C,04-06-1983
Gaurav Khan,gauravkha365@outlook.com,9311388503,"House No. 98, 14th Floor, D Wing, Link Road, Ahmedabad, Gujarat - 380057",403347424631,AJHPK7968X,20-07-1995
Vijay Verma,vijay.verma5@icloud.com,8690217741,"House No. 20, 5th Floor, B Wing, Circular Road, Jaipur, Rajasthan - 302017",223850228946,MKFPV7523G,22-12-1971
Satish Iyengar,satish.iyengar80@yahoo.com,7569133030,"Plot No. 210, 8th Floor, D Wing, Station Road, Hyderabad, Telangana - 500026",367507627995,YKHPI0245G,10-01-1965
Aanya Patel,aanyapat669@outlook.com,7303420284,"Flat 47, 8th Floor, Block F, Link Road, Jaipur, Rajasthan - 302005",424050764871,PUUPP7546D,28-05-1976
Pooja Kumar,pooja.kumar50@outlook.com,9272581225,"Plot No. 198, 7th Floor, Block E, Park Street, Patna, Bihar - 800002",682373379121,ECCPK0187Q,07-10-1963
Priya Bajaj,priya.bajaj45@icloud.com,6707403925,"Plot No. 356, 6th Floor, B Wing, Circular Road, Bengaluru, Karnataka - 560076",371222764338,OFFPB0542E,19-02-1970
Deepak Patel,deepakpat801@outlook.com,7308334447,"Villa 261, 10th Floor, Block E, Circular Road, Mumbai, Maharashtra - 400040",247020596851,TYKPP3774T,18-04-1976
Sunita Shetty,sunitashe263@icloud.com,9342777522,"House No. 9, 7th Floor, A Wing, Bypass Road, Kolkata, West Bengal - 700146",781292059229,JDCPS5630E,03-07-1988
Karan Yash,karanyas511@yahoo.com,7726294206,"Plot No. 340, 5th Floor, Block E, MG Road, Lucknow, Uttar Pradesh - 226003",713313800498,HWFPY1122D,06-07-1975
Reyansh Sen,reyanshsen623@gmail.com,7686876401,"Plot No. 135, 9th Floor, Block E, MG Road, Bhubaneswar, Odisha - 751004",844200629877,UQPPS3585Y,13-10-1994
Anita Banerjee,anitaban893@gmail.com,7342192622,"House No. 9, 5th Floor, Block F, Station Road, Nagpur, Maharashtra - 440013",242948314789,YWDPB1797E,12-06-1996
Riya Sheikh,riya.sheikh89@icloud.com,6800366602,"Flat 179, 15th Floor, B Wing, Link Road, Mumbai, Maharashtra - 400008",738631050524,HQHPS8058W,09-07-1974
Kavita Kapoor,kavita.kapoor22@icloud.com,6768627633,"Villa 345, 13th Floor, B Wing, Main Road, Chennai, Tamil Nadu - 600053",961851862671,HNRPK4101G,28-11-1973
Naresh Reddy,naresh.reddy26@yahoo.com,6883527918,"Flat 208, 15th Floor, D Wing, Ring Road, Chandigarh, Chandigarh - 160037",810659208814,HYCPR9279O,04-10-1996
Ishaan Deshmukh,ishaandes460@icloud.com,7845720266,"Villa 392, 3th Floor, Block E, Circular Road, Kolkata, West Bengal - 700103",325734989925,KHTPD4607X,21-09-1986
Pranav Ansari,pranavans555@outlook.com,7966941799,"Flat 288, 1th Floor, Block E, Ring Road, Lucknow, Uttar Pradesh - 226016",674859946418,GZTPA8416O,04-10-1981
Kriti Deshmukh,kriti.deshmukh67@outlook.com,9498044509,"Flat 168, 3th Floor, A Wing, MG Road, Chennai, Tamil Nadu - 600101",462706648900,RFIPD8458D,13-11-1979
Aarav Khan,aarav.khan70@icloud.com,8748839974,"Plot No. 213, 14th Floor, B Wing, MG Road, Bengaluru, Karnataka - 560071",475000305661,SYTPK5305M,07-04-1986
Saanvi Khan,saanvikha296@hotmail.com,9790870187,"Flat 16, 2th Floor, Block F, Main Road, Chennai, Tamil Nadu - 600107",851034444299,BMPPK4568M,28-07-1993
Diya Mukherjee,diya.mukherjee5@hotmail.com,8599672562,"Flat 312, 1th Floor, C Wing, Main Road, Chennai, Tamil Nadu - 600047",547047476484,VZKPM5939N,08-04-1989
Diya Nair,diya.nair30@icloud.com,9124553129,"House No. 202, 3th Floor, Block F, Link Road, Pune, Maharashtra - 411001",317327726488,XHTPN5855R,17-02-1989
Diya Patel,diya.patel75@outlook.com,8161857591,"Flat 173, 15th Floor, A Wing, MG Road, Jaipur, Rajasthan - 302005",749147744735,UGLPP2478X,15-07-1986
Ishaan Deshmukh,ishaandes694@outlook.com,7449305378,"House No. 100, 2th Floor, Block E, Main Road, Thiruvananthapuram, Kerala - 695002",811338926087,QRFPD8152P,19-08-2002
Rohan Sharma,rohansha545@yahoo.com,6521746535,"Flat 52, 9th Floor, Block E, Station Road, Hyderabad, Telangana - 500062",767344671776,FSZPS6914H,31-10-1978
Sunita Iyer,sunitaiye689@outlook.com,9450999900,"Plot No. 246, 4th Floor, Block E, MG Road, Bengaluru, Karnataka - 560007",552118968442,UJMPI4884T,26-01-2001
Sandeep Kulkarni,sandeepkul997@outlook.com,8958281902,"Villa 382, 10th Floor, D Wing, Station Road, Mysuru, Karnataka - 570003",448839717059,QJIPK5143N,12-07-2004
Kiara D'Souza,kiara.d'souza51@icloud.com,7038856811,"Villa 428, 9th Floor, A Wing, Park Street, Bhubaneswar, Odisha - 751008",790099217790,LKEPD8669G,30-10-1979
Sandeep Joshi,sandeep.joshi81@outlook.com,9053260119,"Flat 6, 4th Floor, Block E, Link Road, Hyderabad, Telangana - 500075",942551360908,KRZPJ1810J,27-05-1989
Sai Iyer,sai.iyer39@yahoo.com,9158736627,"Plot No. 261, 12th Floor, Block E, Bypass Road, Nagpur, Maharashtra - 440014",535390058561,LUJPI7315M,10-09-1993
Priya Ansari,priyaans290@outlook.com,6164369028,"Villa 94, 8th Floor, A Wing, Link Road, Hyderabad, Telangana - 500061",866053428164,ICWPA6101T,07-06-2001
Arnav Malhotra,arnavmal648@outlook.com,8051038802,"Flat 136, 3th Floor, D Wing, Bypass Road, Chandigarh, Chandigarh - 160030",562814447189,HSKPM3096S,11-01-1964
Kavita Gaekwad,kavita.gaekwad52@outlook.com,7288498745,"House No. 426, 14th Floor, C Wing, Ring Road, Kolkata, West Bengal - 700029",471743068811,YMIPG0343S,16-03-2005
Satish Singh,satishsin310@icloud.com,9583336477,"Flat 120, 12th Floor, A Wing, MG Road, Mumbai, Maharashtra - 400033",353860282625,IZFPS0412H,17-08-1967
Diya Yadav,diya.yadav84@outlook.com,6441007941,"House No. 139, 6th Floor, B Wing, Station Road, Bhubaneswar, Odisha - 751007",297941224870,SXXPY8726I,02-07-1996
Rahul Patel,rahulpat180@hotmail.com,7240432611,"Flat 19, 4th Floor, C Wing, Bypass Road, Thiruvananthapuram, Kerala - 695040",816307028672,BEYPP0095Y,18-03-1981
Sunita Hegde,sunitaheg171@icloud.com,7689005779,"Flat 50, 8th Floor, B Wing, Link Road, Surat, Gujarat - 395001",790073971307,FFCPH1386S,13-09-1963
Harish Chavan,harish.chavan10@hotmail.com,6045461719,"Villa 428, 1th Floor, D Wing, Park Street, Chennai, Tamil Nadu - 600018",636023442252,CUMPC0252G,18-03-1984
Aanya Iyengar,aanyaiye697@outlook.com,9726903265,"House No. 473, 3th Floor, D Wing, Bypass Road, Surat, Gujarat - 395002",379480245598,LDMPI0211S,27-11-1969
Karan Gomes,karangom274@hotmail.com,8986478686,"Villa 195, 1th Floor, A Wing, Park Street, Mysuru, Karnataka - 570007",674083781919,BPJPG9921N,25-12-1986
Advait Kumar,advait.kumar52@icloud.com,9923534848,"Villa 484, 1th Floor, Block E, Link Road, Kanpur, Uttar Pradesh - 208009",339865462202,CFGPK7205K,18-02-1960
Rahul Yash,rahul.yash28@gmail.com,9346739190,"Flat 63, 5th Floor, A Wing, Bypass Road, Mumbai, Maharashtra - 400067",209169232737,XSVPY8979B,29-10-1994
Vihaan Gomes,vihaan.gomes94@outlook.com,9746300099,"House No. 128, 7th Floor, A Wing, Station Road, Kochi, Kerala - 682018",571181519854,KQEPG9420G,22-04-1983
Vihaan Singh,vihaansin431@yahoo.com,9607569994,"Plot No. 442, 7th Floor, D Wing, Ring Road, Ahmedabad, Gujarat - 380038",401082402818,EEUPS3879Y,04-12-1985
Aarav Iyengar,aaraviye134@icloud.com,6745273536,"House No. 177, 8th Floor, A Wing, MG Road, Ahmedabad, Gujarat - 380011",612918285181,VNCPI2559A,25-09-1985
Sunita Pillai,sunita.pillai5@gmail.com,7046600128,"House No. 235, 2th Floor, A Wing, Station Road, Hyderabad, Telangana - 500067",432961512048,WLAPP7665H,13-03-1983
Aditi Roy,aditi.roy93@gmail.com,7763460191,"Flat 188, 8th Floor, Block F, Main Road, Surat, Gujarat - 395004",672435861768,FFKPR1272M,23-08-2000
Aarav Fernandes,aaravfer820@hotmail.com,9224197687,"Plot No. 243, 8th Floor, A Wing, Link Road, Kochi, Kerala - 682018",235006184897,JEEPF3543J,23-10-1964
Aditi Yadav,aditi.yadav54@hotmail.com,7156495254,"House No. 9, 7th Floor, Block F, Park Street, Bhubaneswar, Odisha - 751026",611197388182,OHAPY6343K,16-10-1985
Naresh Fernandes,nareshfer640@icloud.com,9806640511,"Flat 83, 14th Floor, C Wing, Park Street, Pune, Maharashtra - 411012",541230160498,NAHPF7218M,28-09-1964
Sai Shah,sai.shah21@gmail.com,9899901140,"Plot No. 471, 15th Floor, D Wing, Station Road, Mumbai, Maharashtra - 400027",517197860162,YLVPS9084D,23-07-1985
Preeti D'Souza,preeti.d'souza43@outlook.com,7753582107,"Flat 242, 3th Floor, D Wing, MG Road, Chennai, Tamil Nadu - 600114",571616088197,EEGPD9964P,30-12-2003
Shaurya Gomes,shaurya.gomes26@hotmail.com,9681024808,"Villa 444, 9th Floor, A Wing, MG Road, Kolkata, West Bengal - 700091",444323622169,BZMPG9685O,15-04-1983
Sunita Arora,sunitaaro498@hotmail.com,6691395215,"Flat 430, 7th Floor, C Wing, Link Road, Pune, Maharashtra - 411048",810703350842,JGWPA1983S,14-04-1972
Kriti Gomes,kriti.gomes38@icloud.com,6416910530,"Plot No. 467, 2th Floor, D Wing, Ring Road, Mysuru, Karnataka - 570004",786463395348,CCAPG5014P,25-09-1997
Pooja Agarwal,poojaaga617@icloud.com,6573855128,"Villa 169, 13th Floor, A Wing, Link Road, Nagpur, Maharashtra - 440029",595978155426,UBYPA9723X,23-05-1994
Vivaan Iyengar,vivaaniye545@outlook.com,9772051710,"Flat 424, 9th Floor, D Wing, Station Road, Jaipur, Rajasthan - 302014",764783703175,JHQPI0274C,25-01-1987
Naresh Das,nareshdas787@yahoo.com,6292546862,"Plot No. 24, 8th Floor, D Wing, Bypass Road, Jaipur, Rajasthan - 302012",620763271353,XRMPD7625T,01-04-1971
Amit D'Souza,amit.d'souza56@icloud.com,9048869320,"House No. 133, 1th Floor, C Wing, MG Road, Surat, Gujarat - 395006",473961597640,KGVPD5670X,30-06-2002
Naresh Malik,nareshmal827@outlook.com,8261903842,"House No. 441, 7th Floor, Block F, Link Road, Chennai, Tamil Nadu - 600123",932022271117,LUPPM6917D,10-12-1997
Diya Kumar,diyakum731@icloud.com,6448698305,"Villa 490, 10th Floor, A Wing, Main Road, Chennai, Tamil Nadu - 600027",420269801426,IPCPK0680C,03-06-2000
Preeti Yash,preetiyas925@gmail.com,7705004933,"Villa 94, 5th Floor, C Wing, Bypass Road, Chennai, Tamil Nadu - 600106",517294763808,HSBPY6540F,20-05-1991
Arnav Nair,arnav.nair90@icloud.com,7727281291,"Plot No. 334, 1th Floor, C Wing, Bypass Road, Lucknow, Uttar Pradesh - 226008",226676527284,LGSPN7499L,05-02-1962
Rekha Yadav,rekhayad979@icloud.com,8067560208,"Flat 290, 14th Floor, B Wing, MG Road, Mumbai, Maharashtra - 400086",421543904489,BSHPY2253H,04-07-1978
Dhruv Sharma,dhruv.sharma22@yahoo.com,7555019354,"Flat 116, 14th Floor, D Wing, Park Street, Surat, Gujarat - 395012",593332436296,EAZPS8059X,04-09-1980
Shaurya Iyer,shaurya.iyer35@outlook.com,9596599920,"House No. 496, 8th Floor, D Wing, Main Road, Bengaluru, Karnataka - 560019",377495421062,TYIPI1937K,09-10-1968
Atharva Patel,atharva.patel51@hotmail.com,9536264752,"Villa 129, 7th Floor, A Wing, Link Road, Kochi, Kerala - 682041",296173009928,IKEPP4032W,01-07-1969
Arjun Bose,arjunbos980@outlook.com,6514321914,"Flat 265, 14th Floor, D Wing, Ring Road, Hyderabad, Telangana - 500086",924792542218,RHWPB4581S,06-03-1976
Aarav Mukherjee,aarav.mukherjee99@icloud.com,9769333299,"Plot No. 49, 6th Floor, Block E, MG Road, Thiruvananthapuram, Kerala - 695028",457846408585,XQQPM3825W,24-03-1999
Suresh Iyer,sureshiye118@icloud.com,9729254355,"House No. 285, 3th Floor, B Wing, Link Road, Nagpur, Maharashtra - 440026",701825624728,NGSPI4201F,31-07-1974
Neha Chatterjee,neha.chatterjee12@outlook.com,6096627026,"Plot No. 471, 14th Floor, C Wing, MG Road, Lucknow, Uttar Pradesh - 226001",763217400391,BXYPC1933L,05-01-1978
Ashok Kapoor,ashokkap264@outlook.com,6193600608,"Villa 338, 1th Floor, C Wing, Bypass Road, Mysuru, Karnataka - 570015",661607626438,WLAPK0953O,25-07-1975
Rohan Chatterjee,rohan.chatterjee55@gmail.com,7133610944,"Plot No. 71, 4th Floor, Block F, Station Road, Nagpur, Maharashtra - 440028",854413727768,LPNPC0634T,23-03-1986
Rudra Kapoor,rudrakap538@gmail.com,8518870179,"House No. 89, 5th Floor, Block F, Link Road, Patna, Bihar - 800019",224837444172,HILPK6538M,04-12-1982
Rekha Sheikh,rekhashe269@outlook.com,8362689047,"Villa 376, 12th Floor, C Wing, Station Road, Chennai, Tamil Nadu - 600051",209538557421,MXIPS3599A,01-12-1962
Sanjay Chavan,sanjay.chavan69@gmail.com,8761437884,"Villa 27, 7th Floor, Block F, Bypass Road, Delhi, Delhi - 110028",387564672636,RZZPC1541Q,10-06-1993
Satish Chawla,satish.chawla78@icloud.com,9729108450,"Villa 11, 5th Floor, B Wing, Circular Road, Jaipur, Rajasthan - 302036",860503374698,HGAPC6773A,17-04-1996
Ramesh Bajaj,ramesh.bajaj16@icloud.com,9679419087,"Villa 169, 4th Floor, Block E, Circular Road, Kochi, Kerala - 682042",267396342898,YPMPB0550V,26-02-1987
Pranav Iyer,pranaviye160@outlook.com,6867066320,"House No. 296, 15th Floor, Block F, MG Road, Nagpur, Maharashtra - 440026",939928919827,DREPI6533O,11-02-1968
Suman Chawla,sumancha533@outlook.com,7694203983,"Plot No. 155, 11th Floor, Block F, MG Road, Nagpur, Maharashtra - 440016",345996706921,TKRPC7305I,27-07-1974
Anjali Mishra,anjali.mishra72@icloud.com,6217816780,"Villa 489, 11th Floor, C Wing, Main Road, Lucknow, Uttar Pradesh - 226021",358901649281,KAGPM7017B,01-01-1974
Geeta Malhotra,geeta.malhotra39@gmail.com,6880817262,"Villa 282, 3th Floor, Block F, Park Street, Kochi, Kerala - 682011",685007288959,FUUPM7411N,12-03-1960
Meena Ansari,meenaans836@icloud.com,6276620808,"Flat 123, 10th Floor, A Wing, Ring Road, Mysuru, Karnataka - 570027",226344435962,UIKPA8701F,24-12-1960
Shruti Arora,shrutiaro405@yahoo.com,7690912375,"House No. 283, 15th Floor, C Wing, Ring Road, Hyderabad, Telangana - 500002",803967024365,EYWPA4055H,13-02-1998
Sneha Fernandes,snehafer816@icloud.com,8403648821,"Villa 256, 4th Floor, Block E, Circular Road, Kolkata, West Bengal - 700146",666232360667,TYTPF8649C,09-08-1971
Sandeep Ansari,sandeep.ansari40@icloud.com,7042986226,"House No. 6, 7th Floor, D Wing, Bypass Road, Bhubaneswar, Odisha - 751020",379962356999,VESPA9833K,01-11-2002
Anita Khan,anitakha827@hotmail.com,7560413482,"Plot No. 459, 10th Floor, B Wing, Station Road, Pune, Maharashtra - 411034",739839122600,ACJPK4076E,15-01-1966
Aditi Chawla,aditicha973@gmail.com,6341038975,"Villa 68, 1th Floor, Block E, Bypass Road, Mysuru, Karnataka - 570029",764224059208,FHKPC3097N,29-05-1998
Krishna Kapoor,krishna.kapoor34@icloud.com,6568201753,"Villa 210, 2th Floor, Block E, Bypass Road, Mumbai, Maharashtra - 400058",772404347412,KHCPK3795M,11-09-1968
Vihaan Kumar,vihaan.kumar64@hotmail.com,6750361920,"Plot No. 427, 10th Floor, Block F, Station Road, Mysuru, Karnataka - 570023",587337034244,IOJPK8904P,09-09-1998
Ananya Kulkarni,ananya.kulkarni96@icloud.com,8107651917,"Plot No. 46, 8th Floor, Block F, Main Road, Pune, Maharashtra - 411059",489514563409,CRZPK5805L,03-02-1967
Saanvi Das,saanvidas377@icloud.com,8391607700,"House No. 457, 14th Floor, A Wing, Park Street, Ahmedabad, Gujarat - 380001",741840398221,ZRAPD3966Y,20-05-1974
Advait Pandey,advaitpan940@icloud.com,8078802652,"Plot No. 47, 15th Floor, D Wing, Park Street, Patna, Bihar - 800023",893335623039,OJIPP0880Y,03-10-1998
Mahesh Gupta,mahesh.gupta65@icloud.com,7019918431,"House No. 416, 7th Floor, D Wing, Station Road, Nagpur, Maharashtra - 440013",358485805263,FVDPG1960J,20-10-2000
Kiara Iyengar,kiaraiye331@icloud.com,6774544708,"House No. 41, 8th Floor, A Wing, Park Street, Mysuru, Karnataka - 570030",819953946766,ENFPI3596A,04-08-1992
Vikram Sharma,vikramsha175@icloud.com,6257870368,"Plot No. 476, 14th Floor, A Wing, Bypass Road, Lucknow, Uttar Pradesh - 226002",506636050281,UUNPS4098S,29-10-1970
Vihaan Mehta,vihaan.mehta76@gmail.com,6302520945,"Villa 388, 6th Floor, Block E, Ring Road, Chennai, Tamil Nadu - 600052",731926009860,EOLPM7454Z,10-07-1984
Pranav Gupta,pranavgup865@icloud.com,8538118081,"Villa 179, 11th Floor, C Wing, Main Road, Thiruvananthapuram, Kerala - 695039",645662295217,TPBPG5660H,21-08-1996
Krishna Hegde,krishna.hegde18@outlook.com,9047266023,"Plot No. 259, 6th Floor, A Wing, Station Road, Kolkata, West Bengal - 700017",730173167156,BLQPH7905E,30-01-1976
Sneha Mukherjee,snehamuk351@icloud.com,8794064531,"Villa 299, 1th Floor, C Wing, Ring Road, Surat, Gujarat - 395012",391898664693,NKMPM1833K,25-05-2004
Pooja Malhotra,pooja.malhotra86@icloud.com,8702377184,"Flat 289, 3th Floor, B Wing, MG Road, Hyderabad, Telangana - 500001",767333297323,SMJPM4028E,25-11-1988
Priya Yash,priyayas923@hotmail.com,7427739238,"House No. 24, 3th Floor, B Wing, Link Road, Surat, Gujarat - 395011",291401693328,IJEPY3471T,25-05-1973
Vihaan Grover,vihaan.grover62@outlook.com,8452607569,"Flat 104, 9th Floor, B Wing, Station Road, Patna, Bihar - 800020",206433226227,OOOPG3316X,01-06-2005
Diya Rao,diya.rao52@outlook.com,9038503605,"House No. 320, 9th Floor, C Wing, Link Road, Patna, Bihar - 800011",610740274067,ZYLPR8267N,09-05-1972
Sandeep Sheikh,sandeep.sheikh1@hotmail.com,6363856461,"Villa 137, 6th Floor, Block E, Ring Road, Ahmedabad, Gujarat - 380037",518399798491,ITWPS8609X,04-04-1988
Karan Sharma,karan.sharma37@icloud.com,9643223946,"Flat 81, 12th Floor, Block E, Station Road, Bengaluru, Karnataka - 560017",359485340012,VONPS2239Q,16-04-1987
Dinesh Mukherjee,dineshmuk449@hotmail.com,9188822378,"Villa 30, 6th Floor, Block F, Park Street, Thiruvananthapuram, Kerala - 695042",368061349564,OXSPM9846A,12-02-1989
Harish Shetty,harishshe738@outlook.com,7830972361,"Flat 294, 15th Floor, B Wing, Bypass Road, Pune, Maharashtra - 411054",366201655578,NIKPS7865K,28-02-1992
Dinesh Bose,dineshbos360@hotmail.com,8000687586,"Plot No. 350, 1th Floor, C Wing, Station Road, Kochi, Kerala - 682009",865451224441,YQSPB9740E,04-02-1978
Rohan D'Souza,rohan.d'souza53@icloud.com,8701703630,"Plot No. 79, 15th Floor, B Wing, Bypass Road, Patna, Bihar - 800010",220508983094,XCGPD4909Y,14-11-1998
Arjun Malik,arjunmal596@icloud.com,7452841356,"Flat 153, 6th Floor, A Wing, Ring Road, Patna, Bihar - 800009",556748095739,IVAPM5980E,10-10-1998
Aarav Reddy,aarav.reddy92@icloud.com,6315892584,"Flat 240, 4th Floor, C Wing, Link Road, Patna, Bihar - 800027",231977748675,TLDPR4186X,25-12-1983
Satish Yadav,satish.yadav21@yahoo.com,8868419623,"Villa 16, 12th Floor, Block F, Circular Road, Hyderabad, Telangana - 500022",894276748317,GWAPY6629G,03-10-1967
Sandeep Joshi,sandeep.joshi68@gmail.com,8265594698,"Flat 478, 7th Floor, B Wing, Main Road, Bhubaneswar, Odisha - 751027",472371798902,FHPPJ9006K,19-06-1984
Vijay Malhotra,vijaymal156@icloud.com,9795417675,"Flat 420, 15th Floor, Block E, MG Road, Surat, Gujarat - 395004",937815915790,RSJPM5896F,01-05-1996
Rahul Fernandes,rahulfer624@hotmail.com,7802076123,"Flat 93, 2th Floor, Block F, MG Road, Bhubaneswar, Odisha - 751013",718812988618,YEZPF0706M,15-04-1963
Shaurya Kumar,shauryakum235@yahoo.com,7982689334,"Plot No. 312, 15th Floor, D Wing, MG Road, Kochi, Kerala - 682028",550675789683,GKLPK7077H,09-02-1969
Diya Arora,diyaaro430@outlook.com,6570521879,"House No. 265, 5th Floor, Block F, Park Street, Patna, Bihar - 800022",604588311414,PBUPA1235B,20-10-1977
Anita Gomes,anita.gomes57@gmail.com,6977978023,"Plot No. 183, 7th Floor, Block E, Park Street, Ahmedabad, Gujarat - 380052",667940366401,NGEPG9573Y,24-09-2004
Naresh Arora,naresharo463@icloud.com,8729273186,"Flat 70, 10th Floor, A Wing, Circular Road, Thiruvananthapuram, Kerala - 695014",742332416518,LUXPA4839N,26-11-1994
Ananya Deshmukh,ananyades398@hotmail.com,8621595841,"Flat 218, 2th Floor, D Wing, MG Road, Chandigarh, Chandigarh - 160034",702218169814,DHZPD4476W,03-04-1965
Sneha Khan,snehakha930@hotmail.com,6292864330,"Plot No. 497, 15th Floor, Block F, MG Road, Mysuru, Karnataka - 570014",821836677196,NNNPK1025X,12-05-1995
Priya Chatterjee,priya.chatterjee23@gmail.com,7499801376,"Villa 250, 6th Floor, Block E, MG Road, Thiruvananthapuram, Kerala - 695015",377915244614,JATPC2335C,30-01-2001
Tanvi Rao,tanvirao414@yahoo.com,6186372631,"Plot No. 377, 15th Floor, Block F, Bypass Road, Bhubaneswar, Odisha - 751019",759227764149,BAGPR8502X,04-01-1990
Dev Singh,devsin951@outlook.com,8867228839,"Villa 387, 4th Floor, B Wing, Station Road, Mumbai, Maharashtra - 400039",654615749325,CDIPS9788O,03-06-1988
Amit Singh,amitsin396@gmail.com,8377661830,"Flat 31, 2th Floor, Block F, Ring Road, Kochi, Kerala - 682024",514391511436,PRNPS2107Z,18-12-1966
Suman Nair,sumannai787@hotmail.com,9425706802,"House No. 126, 15th Floor, Block F, Station Road, Kanpur, Uttar Pradesh - 208027",742306002302,QNKPN5052F,12-11-1985
Saanvi Nair,saanvinai127@hotmail.com,9015145992,"Villa 218, 15th Floor, B Wing, Main Road, Mumbai, Maharashtra - 400013",422240053922,VFBPN5620D,28-02-1964
Reyansh Pillai,reyanshpil362@icloud.com,7391332528,"House No. 82, 4th Floor, Block F, Park Street, Lucknow, Uttar Pradesh - 226004",764523428644,TONPP0249Q,31-07-1998
Meena Shah,meenasha863@gmail.com,7677349852,"House No. 183, 7th Floor, A Wing, Circular Road, Patna, Bihar - 800016",466559147625,ZHUPS8096N,05-12-1986
Krishna Chatterjee,krishnacha324@yahoo.com,8247466535,"Villa 66, 13th Floor, Block F, Circular Road, Coimbatore, Tamil Nadu - 641036",524367924157,CFUPC7638H,24-01-1989
Anjali Mehta,anjalimeh520@icloud.com,9390616824,"House No. 316, 10th Floor, Block E, Station Road, Bhubaneswar, Odisha - 751016",815381168371,AHAPM7372M,15-04-1965
Ramesh Bajaj,rameshbaj197@outlook.com,9808264931,"Plot No. 204, 13th Floor, B Wing, Park Street, Mysuru, Karnataka - 570004",962542926456,GGTPB1729Z,19-12-1986
Vihaan Mehta,vihaan.mehta51@icloud.com,6266497196,"Villa 350, 15th Floor, Block E, Main Road, Jaipur, Rajasthan - 302002",553910161259,ADMPM3994X,15-01-1963
Aanya Shah,aanya.shah29@yahoo.com,9673481409,"Plot No. 46, 12th Floor, A Wing, Station Road, Thiruvananthapuram, Kerala - 695045",879301481160,JSUPS9100J,29-06-1974
Diya Iyengar,diyaiye950@hotmail.com,6680199034,"House No. 133, 9th Floor, Block F, Circular Road, Mysuru, Karnataka - 570004",684203531607,SVDPI7913R,14-04-1994
Sai Joshi,saijos201@gmail.com,6321940247,"Flat 149, 2th Floor, A Wing, Link Road, Mumbai, Maharashtra - 400021",945271936785,PMJPJ6391H,24-02-1967
Diya Malhotra,diyamal729@gmail.com,6942321540,"Flat 472, 6th Floor, B Wing, Circular Road, Nagpur, Maharashtra - 440016",269626168455,FKFPM7410E,04-08-1992
Kriti Gaekwad,kritigae824@hotmail.com,8669489930,"Flat 303, 11th Floor, Block F, Circular Road, Mumbai, Maharashtra - 400048",875635584227,UXCPG7266E,10-06-1992
Anita Sen,anitasen491@gmail.com,6014413068,"Plot No. 21, 13th Floor, Block F, Ring Road, Kanpur, Uttar Pradesh - 208006",300668904172,REAPS7623Q,26-12-1969
Shaurya Bose,shaurya.bose85@yahoo.com,7228240847,"House No. 184, 10th Floor, Block E, Park Street, Surat, Gujarat - 395003",204108479135,ZDWPB1350Y,16-03-1988
Om Das,om.das57@yahoo.com,6641578097,"Flat 66, 15th Floor, Block E, MG Road, Kochi, Kerala - 682016",304194534195,YEZPD8144P,12-10-1996
Suman Banerjee,suman.banerjee94@yahoo.com,6889306357,"Flat 345, 4th Floor, D Wing, Station Road, Thiruvananthapuram, Kerala - 695042",413974369905,KRKPB5759S,17-06-1987
Vivaan Gomes,vivaan.gomes98@outlook.com,9969045289,"Flat 194, 2th Floor, Block F, MG Road, Thiruvananthapuram, Kerala - 695028",856733745701,MKEPG7613N,14-03-1966
Tanvi Ansari,tanvi.ansari71@gmail.com,6843769929,"Plot No. 155, 8th Floor, D Wing, Link Road, Lucknow, Uttar Pradesh - 226010",708423242348,AYBPA4172J,03-12-1969
Aditya Choudhury,adityacho714@gmail.com,8574906279,"House No. 143, 3th Floor, C Wing, Ring Road, Lucknow, Uttar Pradesh - 226001",233329594523,CKUPC8286H,19-02-1964
Riya Verma,riya.verma18@icloud.com,6721742922,"Flat 209, 8th Floor, Block E, Link Road, Mumbai, Maharashtra - 400039",353926693706,HELPV0313S,28-01-1974
Naresh Gupta,naresh.gupta39@icloud.com,7206190193,"Plot No. 317, 4th Floor, D Wing, Ring Road, Hyderabad, Telangana - 500028",390000295616,EFKPG6471Q,20-01-1993
Harsh Malik,harsh.malik40@gmail.com,7045323167,"Flat 146, 6th Floor, D Wing, Park Street, Jaipur, Rajasthan - 302035",943701945391,CVOPM7666K,29-03-1965
Yash Patel,yash.patel85@hotmail.com,7092815780,"Flat 409, 12th Floor, Block E, MG Road, Kanpur, Uttar Pradesh - 208022",423116787067,UNGPP5322G,17-08-2003
Shaurya Gomes,shaurya.gomes46@icloud.com,9848563711,"House No. 311, 5th Floor, B Wing, MG Road, Ahmedabad, Gujarat - 380055",203753989231,GEIPG6598M,02-02-1994
Rahul Iyer,rahul.iyer62@icloud.com,9837659153,"Flat 49, 2th Floor, C Wing, MG Road, Kochi, Kerala - 682009",852664267351,ZEPPI2455H,01-05-1982
Mahesh Sen,maheshsen421@hotmail.com,9487849622,"Plot No. 363, 6th Floor, A Wing, MG Road, Delhi, Delhi - 110074",662506929656,RKDPS2062Y,17-02-2000
Kavita Thakur,kavitatha711@yahoo.com,6979344212,"Plot No. 224, 14th Floor, Block F, Circular Road, Bhubaneswar, Odisha - 751004",222347780457,XSOPT2518J,28-08-1964
Suman Verma,suman.verma27@yahoo.com,6478233720,"Plot No. 163, 2th Floor, Block F, Bypass Road, Bhubaneswar, Odisha - 751023",967063632863,ADCPV2200X,19-03-1986
Naresh Chatterjee,naresh.chatterjee17@hotmail.com,7367960828,"Villa 371, 12th Floor, Block F, Station Road, Patna, Bihar - 800013",560549469208,LNIPC9013E,19-06-1983
Sandeep Yash,sandeep.yash12@icloud.com,6115461758,"Flat 111, 9th Floor, Block F, MG Road, Pune, Maharashtra - 411035",641040431566,QKCPY3538U,30-03-1969
Riya Fernandes,riyafer588@outlook.com,8580309016,"Villa 145, 8th Floor, A Wing, Ring Road, Kochi, Kerala - 682021",984019027169,QWRPF3716C,28-07-1969
Gaurav D'Souza,gauravd's918@icloud.com,6199767598,"House No. 82, 7th Floor, A Wing, Ring Road, Coimbatore, Tamil Nadu - 641043",250583534581,SLNPD5728L,24-02-1982
Gaurav Pandey,gaurav.pandey32@icloud.com,8266217758,"Plot No. 277, 14th Floor, C Wing, Bypass Road, Pune, Maharashtra - 411005",887930302853,FOFPP7669R,30-11-1979
Sneha Das,sneha.das9@outlook.com,8285461308,"Flat 275, 15th Floor, Block E, Ring Road, Jaipur, Rajasthan - 302013",407382777711,YQJPD2527U,18-03-2005
Rajesh Shah,rajeshsha162@gmail.com,6210242344,"Flat 179, 12th Floor, Block F, Ring Road, Chandigarh, Chandigarh - 160030",971961997165,WTNPS5667N,22-07-1986
Advait Malik,advait.malik79@hotmail.com,8400952242,"Plot No. 101, 13th Floor, D Wing, Main Road, Lucknow, Uttar Pradesh - 226022",421914390705,WJPPM3601K,19-03-2004
Ishaan Joshi,ishaan.joshi43@gmail.com,6626008026,"House No. 343, 5th Floor, D Wing, Circular Road, Kolkata, West Bengal - 700144",983354883571,TFDPJ4967S,10-03-1968
Sneha Roy,sneharoy523@hotmail.com,7203172665,"House No. 159, 7th Floor, Block E, Circular Road, Mysuru, Karnataka - 570025",692724000208,MVBPR1460K,19-09-1967
Ananya Khan,ananya.khan99@outlook.com,9163033563,"House No. 416, 1th Floor, A Wing, MG Road, Lucknow, Uttar Pradesh - 226020",209089931878,DXAPK4802Q,09-09-1980
Aditya Bajaj,aditya.bajaj36@gmail.com,6930437661,"Villa 202, 3th Floor, Block E, MG Road, Hyderabad, Telangana - 500099",322681594747,ALWPB3110L,10-01-1979
Neha Sharma,nehasha609@yahoo.com,8218914269,"Villa 376, 14th Floor, C Wing, MG Road, Hyderabad, Telangana - 500061",367671877628,RZGPS6368Q,28-01-1992
Ananya Joshi,ananyajos894@yahoo.com,9292266678,"House No. 230, 11th Floor, D Wing, Station Road, Kochi, Kerala - 682001",852289890749,SHZPJ5981E,07-01-1989
Dev Kapoor,devkap576@yahoo.com,8976408385,"Plot No. 16, 15th Floor, A Wing, Park Street, Thiruvananthapuram, Kerala - 695002",371657893912,SLMPK5188O,15-03-1967
Ishaan Mukherjee,ishaanmuk140@gmail.com,6092449287,"Plot No. 328, 8th Floor, A Wing, Main Road, Thiruvananthapuram, Kerala - 695032",229301125018,MUBPM7429Y,22-01-1962
Anita Arora,anita.arora83@icloud.com,7336931806,"Flat 401, 8th Floor, Block F, Main Road, Chennai, Tamil Nadu - 600011",224266249753,PZXPA4057Z,03-04-1968
Riya Mukherjee,riyamuk476@hotmail.com,8068735445,"Plot No. 371, 2th Floor, C Wing, Bypass Road, Hyderabad, Telangana - 500033",888658348348,XHVPM5862N,13-05-2004
Amit Shetty,amit.shetty51@outlook.com,7077587089,"House No. 396, 15th Floor, Block F, Bypass Road, Ahmedabad, Gujarat - 380016",544369580504,KZBPS5092R,23-02-1984
Anita Deshmukh,anita.deshmukh22@gmail.com,8293907737,"Plot No. 139, 11th Floor, C Wing, MG Road, Mysuru, Karnataka - 570028",580162585150,VEWPD0450V,05-08-1976
Saanvi Mukherjee,saanvi.mukherjee27@outlook.com,9943379531,"House No. 123, 11th Floor, C Wing, MG Road, Bengaluru, Karnataka - 560015",626527428662,ZVLPM1085P,17-01-1980
Prakash Shah,prakashsha456@outlook.com,6460919351,"Plot No. 177, 14th Floor, C Wing, Circular Road, Nagpur, Maharashtra - 440031",570627281673,HOIPS6121V,24-06-1988
Ramesh Sen,rameshsen879@hotmail.com,6260848187,"Flat 302, 10th Floor, A Wing, Bypass Road, Lucknow, Uttar Pradesh - 226006",519630399516,XPBPS4505X,24-10-1972
Atharva Grover,atharva.grover91@hotmail.com,7343888048,"Plot No. 333, 3th Floor, A Wing, Link Road, Kolkata, West Bengal - 700024",793645028231,HIEPG7557M,09-11-2001
Rudra Malik,rudramal212@outlook.com,6443183436,"House No. 469, 13th Floor, A Wing, MG Road, Patna, Bihar - 800012",497711506291,VOTPM2651O,02-03-1979
Kiara Fernandes,kiara.fernandes15@hotmail.com,6873922198,"Flat 403, 6th Floor, D Wing, Main Road, Hyderabad, Telangana - 500051",967105298770,OUJPF5991L,17-08-1977
Sai Trivedi,sai.trivedi36@outlook.com,6268387890,"Plot No. 327, 6th Floor, A Wing, Link Road, Coimbatore, Tamil Nadu - 641048",786760304093,INVPT7541R,11-02-1973
Priya Shetty,priya.shetty70@icloud.com,7827210513,"Villa 31, 2th Floor, Block E, Park Street, Hyderabad, Telangana - 500036",420138825320,YRXPS3168D,17-11-1996
Sanjay Hegde,sanjay.hegde2@yahoo.com,9369078947,"House No. 24, 1th Floor, A Wing, Circular Road, Kanpur, Uttar Pradesh - 208016",414107071634,RLZPH0895D,05-03-1976
Amit Deshmukh,amit.deshmukh1@icloud.com,6944545697,"Villa 177, 6th Floor, D Wing, Station Road, Mysuru, Karnataka - 570020",476713771886,YENPD3956D,24-01-1972
Anita Yash,anita.yash49@hotmail.com,8573713887,"Flat 85, 12th Floor, B Wing, Main Road, Ahmedabad, Gujarat - 380053",661446627633,AJVPY1176Y,05-09-1968
Tanvi Patel,tanvipat483@yahoo.com,7196863647,"Villa 161, 7th Floor, Block E, Bypass Road, Mumbai, Maharashtra - 400033",903688300483,PVTPP3631Y,28-11-1990
Rudra Chawla,rudracha216@yahoo.com,6659341040,"House No. 297, 2th Floor, A Wing, Ring Road, Lucknow, Uttar Pradesh - 226024",428247183018,DOWPC9607K,17-03-2000
Prakash Kapoor,prakashkap771@outlook.com,8997990522,"Flat 57, 5th Floor, Block E, Bypass Road, Bengaluru, Karnataka - 560063",765818981061,PGUPK5631N,14-12-1977
Saanvi Reddy,saanvired475@outlook.com,7616949637,"Flat 46, 10th Floor, B Wing, MG Road, Thiruvananthapuram, Kerala - 695033",882013071675,GZVPR2163Z,12-06-1977
Kavita Pillai,kavitapil581@icloud.com,8900490372,"Plot No. 191, 9th Floor, C Wing, Main Road, Patna, Bihar - 800012",763998127439,UEEPP5517Z,06-06-1984
Arjun Malik,arjun.malik90@yahoo.com,8762123601,"House No. 293, 10th Floor, C Wing, Circular Road, Thiruvananthapuram, Kerala - 695026",613845315630,THAPM7968V,17-04-1990
Advait Khanna,advaitkha812@outlook.com,9240899217,"House No. 169, 11th Floor, A Wing, Bypass Road, Chandigarh, Chandigarh - 160057",881133973670,PWEPK1734A,03-03-1976
Aditi Iyer,aditiiye761@yahoo.com,6983063236,"Flat 49, 15th Floor, Block E, Station Road, Surat, Gujarat - 395005",644248420243,ZYLPI0947N,29-06-1991
Aadhya Pillai,aadhyapil536@gmail.com,9409941475,"Flat 460, 4th Floor, D Wing, MG Road, Coimbatore, Tamil Nadu - 641040",742451908261,VYCPP0356K,20-12-1983
Rudra Chawla,rudra.chawla74@icloud.com,7766696922,"House No. 119, 9th Floor, D Wing, Station Road, Bhubaneswar, Odisha - 751012",611839093424,UUEPC4066V,10-12-1975
Harish Chawla,harish.chawla25@outlook.com,8889334375,"Villa 224, 15th Floor, Block E, Park Street, Bengaluru, Karnataka - 560095",286542438269,ERKPC5074G,03-07-1990
Vivaan Sheikh,vivaanshe877@icloud.com,8703969645,"Flat 430, 14th Floor, D Wing, Bypass Road, Coimbatore, Tamil Nadu - 641021",704718830099,KIEPS8873I,20-07-1985
Anita Arora,anitaaro544@hotmail.com,8706170690,"Villa 465, 2th Floor, A Wing, MG Road, Nagpur, Maharashtra - 440017",584715675665,AUKPA1886A,09-08-1968
Rajesh Gaekwad,rajesh.gaekwad85@outlook.com,7435969850,"Flat 331, 6th Floor, D Wing, Bypass Road, Delhi, Delhi - 110042",575402428617,WRSPG2571J,26-12-1962
Atharva Choudhury,atharvacho651@outlook.com,9264816384,"Villa 441, 9th Floor, A Wing, Bypass Road, Bhubaneswar, Odisha - 751008",558530101278,SMTPC5193A,16-05-1986
Naresh Sen,nareshsen570@outlook.com,9036562036,"Plot No. 349, 5th Floor, B Wing, Park Street, Coimbatore, Tamil Nadu - 641017",889633181233,LOVPS6170O,21-09-1979
Shaurya Kulkarni,shauryakul987@outlook.com,9626263678,"Flat 261, 10th Floor, Block E, Ring Road, Surat, Gujarat - 395012",947594434852,SLGPK7740Y,14-07-1981
Ramesh Roy,rameshroy670@hotmail.com,6420767514,"Plot No. 103, 5th Floor, A Wing, Station Road, Patna, Bihar - 800015",773309900094,XBZPR6565X,01-06-2005
Ayaans Pandey,ayaanspan839@outlook.com,7856535232,"Flat 324, 11th Floor, Block F, MG Road, Kanpur, Uttar Pradesh - 208014",247091103495,NCCPP9989S,21-10-1995
Karan Joshi,karan.joshi12@icloud.com,9466144776,"Villa 262, 8th Floor, Block F, MG Road, Nagpur, Maharashtra - 440033",679666829052,LMKPJ9950Q,30-01-1966
Riya Thakur,riya.thakur22@yahoo.com,7927640547,"Villa 90, 15th Floor, B Wing, Station Road, Hyderabad, Telangana - 500080",605131866047,JOHPT3891I,16-09-2000
Naresh Choudhury,nareshcho566@outlook.com,7035944102,"Villa 331, 4th Floor, C Wing, Station Road, Hyderabad, Telangana - 500065",864774131351,QVGPC0258L,19-07-1977
Anjali Hegde,anjaliheg647@gmail.com,7988521789,"Flat 415, 10th Floor, Block E, Park Street, Surat, Gujarat - 395006",328655816759,FGRPH3193J,23-03-1968
Advait Yadav,advaityad645@gmail.com,9342924219,"Villa 382, 14th Floor, B Wing, MG Road, Kolkata, West Bengal - 700148",321852734114,XMCPY3315U,21-12-1991
Gaurav Shah,gaurav.shah7@gmail.com,7044077811,"Villa 185, 10th Floor, Block E, Park Street, Pune, Maharashtra - 411040",757663454182,TSDPS2699I,12-08-1990
Ayaans Kumar,ayaans.kumar54@outlook.com,6616691008,"Plot No. 69, 13th Floor, Block F, Station Road, Mysuru, Karnataka - 570006",882682217562,UZMPK9962A,13-05-1977
Anjali Gaekwad,anjali.gaekwad74@gmail.com,8932572287,"House No. 81, 3th Floor, A Wing, MG Road, Pune, Maharashtra - 411046",948597243871,ETLPG1452W,04-01-1964
Aditya Grover,adityagro823@yahoo.com,6604802240,"Plot No. 434, 5th Floor, D Wing, Park Street, Kanpur, Uttar Pradesh - 208026",969509041898,KNMPG4301M,15-07-1989
Harsh Shetty,harshshe627@icloud.com,9656993136,"House No. 454, 15th Floor, B Wing, MG Road, Pune, Maharashtra - 411027",313860479471,YSTPS0380G,16-07-1989
Shaurya Yash,shauryayas977@icloud.com,7829441914,"Flat 491, 6th Floor, B Wing, Park Street, Jaipur, Rajasthan - 302037",928395167309,KXHPY2670Z,14-12-1982
Harish Yash,harishyas934@icloud.com,8629258228,"Flat 270, 4th Floor, B Wing, Main Road, Chennai, Tamil Nadu - 600001",730688568467,NUPPY8096I,23-01-1989
Sanjay Chavan,sanjaycha688@outlook.com,8213531755,"House No. 473, 9th Floor, Block F, Ring Road, Surat, Gujarat - 395010",687411486267,KYDPC1997N,27-01-1983
Aditya Mishra,adityamis516@outlook.com,6564196789,"Flat 468, 13th Floor, A Wing, Main Road, Kanpur, Uttar Pradesh - 208008",782016301597,UUEPM2422Q,10-03-1985
Vijay Chawla,vijay.chawla28@outlook.com,9668098460,"Flat 141, 1th Floor, B Wing, Main Road, Nagpur, Maharashtra - 440033",680153735866,XPDPC5544N,31-05-1961
Yash Pandey,yashpan502@gmail.com,9462720536,"Flat 55, 10th Floor, Block F, Link Road, Ahmedabad, Gujarat - 380040",767285021553,RHAPP7755R,12-06-1972
Aadhya Reddy,aadhya.reddy50@yahoo.com,8678446078,"Flat 426, 8th Floor, C Wing, Station Road, Patna, Bihar - 800025",398177551294,JDZPR4925G,30-12-1968
Meena Chatterjee,meena.chatterjee80@icloud.com,8974776565,"Flat 247, 1th Floor, C Wing, Circular Road, Bhubaneswar, Odisha - 751029",694343687715,NZSPC2209I,27-10-1964
Mahesh Rao,maheshrao405@gmail.com,7597710011,"Plot No. 237, 8th Floor, B Wing, Park Street, Surat, Gujarat - 395011",631487225578,KMIPR1354U,06-10-2003
Aditi Nair,aditinai436@outlook.com,7952328555,"Plot No. 249, 12th Floor, Block E, Park Street, Thiruvananthapuram, Kerala - 695002",958166028413,NFHPN3470J,20-08-1961
Preeti Nair,preetinai926@icloud.com,6479734185,"Plot No. 22, 9th Floor, Block F, Main Road, Surat, Gujarat - 395010",945601703961,ACOPN5900Y,29-05-1969
Asha Chawla,ashacha571@icloud.com,6786928551,"House No. 57, 12th Floor, C Wing, Main Road, Lucknow, Uttar Pradesh - 226029",876353673558,TNBPC7072E,27-03-1979
Anjali Agarwal,anjali.agarwal11@yahoo.com,7901430974,"Plot No. 500, 10th Floor, B Wing, Bypass Road, Chennai, Tamil Nadu - 600127",835796714803,WYVPA0073Z,03-09-1992
Lata Sen,lata.sen72@yahoo.com,8263794128,"Villa 481, 10th Floor, A Wing, Station Road, Kochi, Kerala - 682025",423214252611,SPZPS8925Z,19-06-1987
Sunita Yash,sunitayas562@outlook.com,9532554411,"Plot No. 44, 4th Floor, D Wing, Ring Road, Kochi, Kerala - 682007",580520388193,OXNPY8418Y,26-01-1985
Dinesh Joshi,dinesh.joshi34@hotmail.com,6148333540,"House No. 227, 3th Floor, Block E, Main Road, Bengaluru, Karnataka - 560015",803087647709,ANVPJ7618H,20-09-2001
Deepak Iyengar,deepakiye482@gmail.com,9716217204,"Villa 288, 1th Floor, Block F, Park Street, Thiruvananthapuram, Kerala - 695034",386930326456,ITNPI7419T,23-06-1967
Anita Gupta,anitagup723@gmail.com,8909703425,"Villa 350, 1th Floor, A Wing, Station Road, Bengaluru, Karnataka - 560091",789136829670,OIFPG1531T,03-05-1982
Sunita Yadav,sunita.yadav18@outlook.com,7216908875,"Flat 73, 14th Floor, Block E, Main Road, Delhi, Delhi - 110066",558384391065,OHZPY5174K,05-10-1982
Deepak Sheikh,deepak.sheikh28@outlook.com,6401283319,"Villa 290, 10th Floor, A Wing, Main Road, Surat, Gujarat - 395006",797177170305,NQOPS0941E,03-10-1982
Deepak Sharma,deepak.sharma43@gmail.com,8337684187,"Villa 444, 11th Floor, D Wing, MG Road, Lucknow, Uttar Pradesh - 226015",264345973173,BHHPS2496X,23-06-2000
Aditya Yash,aditya.yash64@outlook.com,6484809473,"Flat 177, 7th Floor, A Wing, Circular Road, Bengaluru, Karnataka - 560070",627079959476,DDDPY0797M,07-07-1987
Rekha Sen,rekhasen528@outlook.com,7897226934,"Plot No. 483, 11th Floor, A Wing, Main Road, Kochi, Kerala - 682022",298468560669,XTFPS6138E,05-10-1996
Ramesh Gupta,rameshgup551@hotmail.com,8703996263,"House No. 451, 12th Floor, D Wing, Station Road, Chandigarh, Chandigarh - 160046",307351289622,VZBPG6824G,16-09-1974
Vikram Shah,vikram.shah88@yahoo.com,7446060694,"Flat 205, 10th Floor, C Wing, Link Road, Hyderabad, Telangana - 500088",557865294128,KHPPS0064I,04-03-1990
Kriti Gomes,kriti.gomes62@outlook.com,6425542805,"Villa 390, 5th Floor, B Wing, Circular Road, Hyderabad, Telangana - 500057",707868878602,BHXPG9221H,28-09-1966
Suresh Gupta,sureshgup834@outlook.com,9399287987,"House No. 424, 13th Floor, Block F, Station Road, Chennai, Tamil Nadu - 600128",624956291796,JJDPG6033Y,24-05-1976
Vijay Khan,vijay.khan65@gmail.com,8102874512,"House No. 375, 12th Floor, Block F, MG Road, Mumbai, Maharashtra - 400019",375454164879,EVWPK1046N,22-10-1971
Preeti Das,preetidas898@gmail.com,7697442036,"Plot No. 150, 12th Floor, Block E, Main Road, Pune, Maharashtra - 411031",509587238368,WUAPD6014K,17-12-1999
Ayaans Mishra,ayaansmis597@gmail.com,8819701501,"Villa 312, 14th Floor, D Wing, Link Road, Bhubaneswar, Odisha - 751014",292519201828,XXLPM2332S,14-05-2000
Aarav Chatterjee,aaravcha872@hotmail.com,7915855116,"Villa 43, 5th Floor, Block E, Link Road, Coimbatore, Tamil Nadu - 641039",275741424873,SNFPC6259C,30-04-1981
Arjun Patel,arjunpat910@hotmail.com,7677244343,"Villa 266, 8th Floor, B Wing, Bypass Road, Surat, Gujarat - 395005",771564380299,BYZPP3480U,18-08-1986
Atharva Banerjee,atharva.banerjee61@icloud.com,6094091657,"Villa 66, 5th Floor, B Wing, Bypass Road, Hyderabad, Telangana - 500062",822549203693,BTYPB1401V,16-10-1989
Aryan Deshmukh,aryandes827@gmail.com,7264147569,"Flat 268, 5th Floor, B Wing, Main Road, Mumbai, Maharashtra - 400002",559847422983,ZYUPD5966W,07-03-2003
Suresh Joshi,suresh.joshi46@yahoo.com,7262473650,"House No. 74, 10th Floor, Block E, MG Road, Pune, Maharashtra - 411047",206476144278,PHXPJ5540W,28-06-1985
Dhruv Khanna,dhruvkha510@icloud.com,7067549393,"Villa 301, 1th Floor, C Wing, Circular Road, Ahmedabad, Gujarat - 380015",592528783573,HZQPK1330P,07-11-1980
Riya Choudhury,riya.choudhury32@yahoo.com,9412247409,"House No. 366, 14th Floor, D Wing, Link Road, Thiruvananthapuram, Kerala - 695024",233505160232,KDAPC7155K,25-09-2004
Kabir Ansari,kabir.ansari35@gmail.com,8564119925,"House No. 165, 4th Floor, Block E, MG Road, Kolkata, West Bengal - 700023",981913505349,IYCPA9715W,09-08-2004
Karan Bose,karan.bose64@gmail.com,7824630616,"Flat 344, 11th Floor, Block E, Circular Road, Mysuru, Karnataka - 570028",835200761504,EBKPB9868Z,29-02-1992
Kavita Malik,kavitamal998@gmail.com,7360809010,"Villa 376, 2th Floor, A Wing, Main Road, Nagpur, Maharashtra - 440019",478888189304,ZMVPM1638Q,20-03-1970
Geeta Fernandes,geeta.fernandes61@icloud.com,8690509656,"House No. 195, 8th Floor, B Wing, MG Road, Thiruvananthapuram, Kerala - 695035",272720814723,OGLPF6407Q,12-01-1980
Ananya Gomes,ananyagom887@hotmail.com,8145498367,"Villa 247, 5th Floor, Block E, MG Road, Nagpur, Maharashtra - 440017",868867518571,CNJPG5605V,13-10-1992
Anita Mehta,anita.mehta39@yahoo.com,9392002585,"House No. 123, 13th Floor, D Wing, Ring Road, Kanpur, Uttar Pradesh - 208011",930316787192,NDLPM4872A,14-04-1969
Aryan Trivedi,aryantri241@outlook.com,8500549080,"House No. 291, 14th Floor, D Wing, Bypass Road, Bhubaneswar, Odisha - 751019",938872461630,GZZPT4383Y,01-05-1965
Ananya Verma,ananyaver398@yahoo.com,7949307417,"Villa 161, 5th Floor, D Wing, Bypass Road, Bhubaneswar, Odisha - 751019",489735189622,KEOPV5600F,06-06-1971
Neha Gupta,nehagup393@gmail.com,9771251589,"Plot No. 53, 15th Floor, Block E, Link Road, Pune, Maharashtra - 411053",251666081239,EPQPG8447U,07-01-1963
Deepak Shah,deepaksha434@yahoo.com,9958444202,"House No. 129, 9th Floor, Block E, Bypass Road, Chennai, Tamil Nadu - 600067",513737145031,DRBPS2669Z,04-12-1970
Pooja Pillai,poojapil785@icloud.com,6610471891,"House No. 376, 6th Floor, D Wing, Link Road, Bengaluru, Karnataka - 560075",676883410341,ICGPP1811R,16-04-1969
Aditi Sharma,aditi.sharma44@gmail.com,8179044708,"Flat 294, 12th Floor, C Wing, MG Road, Kolkata, West Bengal - 700107",871487831031,IZZPS5645P,24-03-1971
Ayaans Deshmukh,ayaans.deshmukh42@hotmail.com,9403374499,"Villa 2, 10th Floor, B Wing, Main Road, Patna, Bihar - 800017",336941264106,AHFPD6753C,30-01-1964
Yash Gaekwad,yash.gaekwad51@yahoo.com,6896546125,"Flat 199, 15th Floor, C Wing, MG Road, Hyderabad, Telangana - 500051",247486794869,QSIPG8481O,01-02-1961
Neha Rao,neharao154@hotmail.com,6177375949,"Flat 228, 9th Floor, A Wing, Station Road, Coimbatore, Tamil Nadu - 641013",371960049021,IJJPR1559N,02-03-2000
Riya Mishra,riyamis781@icloud.com,9552391703,"House No. 465, 1th Floor, A Wing, Park Street, Hyderabad, Telangana - 500047",466536197731,OGSPM4624Q,08-06-2004
Ayaans Shah,ayaanssha942@outlook.com,8392768714,"Plot No. 296, 4th Floor, A Wing, Ring Road, Nagpur, Maharashtra - 440016",870605581735,OTEPS1162K,13-03-1962
Sunita Bajaj,sunitabaj727@yahoo.com,8646398970,"Plot No. 185, 8th Floor, A Wing, Main Road, Bengaluru, Karnataka - 560038",542718669255,ETUPB0509F,08-12-1994
Kabir Sharma,kabir.sharma7@gmail.com,6561619738,"Flat 72, 2th Floor, B Wing, MG Road, Delhi, Delhi - 110033",288238469908,MPEPS3310I,17-07-1983
Prakash Pillai,prakashpil743@yahoo.com,8561922188,"House No. 11, 7th Floor, B Wing, Station Road, Mysuru, Karnataka - 570029",841761302364,YDWPP6936Q,24-12-1976
Karan Malhotra,karanmal167@hotmail.com,9403239193,"House No. 404, 15th Floor, Block E, Link Road, Chennai, Tamil Nadu - 600088",871269379499,SKFPM2529N,29-01-1983
Pooja Mukherjee,poojamuk385@yahoo.com,9811143306,"Flat 165, 9th Floor, D Wing, Ring Road, Delhi, Delhi - 110004",355590627879,BFLPM9120W,26-11-1983
Rajesh Pandey,rajesh.pandey60@yahoo.com,9603235841,"House No. 319, 6th Floor, C Wing, Ring Road, Thiruvananthapuram, Kerala - 695001",937939579551,SUEPP4741C,10-10-1965
Suresh Grover,suresh.grover28@hotmail.com,9256761125,"House No. 106, 4th Floor, A Wing, MG Road, Thiruvananthapuram, Kerala - 695019",256308292482,QOHPG2107V,09-03-1978
Aanya Reddy,aanyared335@hotmail.com,8852207201,"Flat 282, 5th Floor, B Wing, Ring Road, Patna, Bihar - 800015",616279636512,TXXPR5551V,30-09-1961
Vivaan Sen,vivaansen625@gmail.com,8226230036,"House No. 67, 4th Floor, C Wing, MG Road, Mumbai, Maharashtra - 400058",483034243753,SDNPS9280T,13-01-1970
Kavita Thakur,kavitatha226@hotmail.com,9874033045,"Flat 483, 1th Floor, D Wing, Station Road, Delhi, Delhi - 110033",864970084458,ADKPT1764E,15-01-1997
Diya D'Souza,diya.d'souza1@icloud.com,6505096996,"House No. 63, 6th Floor, B Wing, Circular Road, Bengaluru, Karnataka - 560094",723228058837,UOUPD4354X,19-02-1965
Aditi Gaekwad,aditigae448@yahoo.com,6111525586,"Villa 361, 9th Floor, Block E, Link Road, Chennai, Tamil Nadu - 600119",803174890304,LZRPG8097D,26-09-1998
Arjun Mukherjee,arjunmuk723@yahoo.com,8459205596,"Villa 254, 10th Floor, Block E, Station Road, Jaipur, Rajasthan - 302021",337983045762,OIKPM1160R,30-12-1991
Prakash Sheikh,prakashshe917@gmail.com,7213368960,"House No. 140, 8th Floor, D Wing, Station Road, Mumbai, Maharashtra - 400066",489899307461,XDXPS3997S,12-05-1971
Preeti Nair,preeti.nair82@outlook.com,7387885285,"Villa 263, 11th Floor, A Wing, Park Street, Thiruvananthapuram, Kerala - 695040",597630900737,SJTPN9944K,30-06-2001
Sneha Mukherjee,snehamuk970@gmail.com,9926265434,"Flat 353, 7th Floor, A Wing, Park Street, Jaipur, Rajasthan - 302023",559839859079,WZSPM6585O,08-07-2005
Sanjay Grover,sanjay.grover64@outlook.com,9784340730,"Villa 239, 7th Floor, A Wing, Main Road, Jaipur, Rajasthan - 302007",700788369223,GWWPG8540H,18-12-1976
Geeta Ansari,geetaans448@yahoo.com,6231265327,"Plot No. 415, 2th Floor, C Wing, Ring Road, Hyderabad, Telangana - 500041",449032234771,JNZPA9509H,09-01-1992
Karan Sen,karan.sen45@hotmail.com,6617413644,"Plot No. 410, 8th Floor, D Wing, Station Road, Kolkata, West Bengal - 700145",418939127065,AOXPS6122E,01-04-1981
Ananya Sen,ananyasen390@hotmail.com,7045555950,"House No. 362, 6th Floor, D Wing, MG Road, Mysuru, Karnataka - 570014",977894332763,SXTPS0460A,18-12-1975
Neha Rao,neharao838@yahoo.com,6222097550,"Villa 396, 10th Floor, A Wing, Bypass Road, Lucknow, Uttar Pradesh - 226004",901512003934,JTBPR7697F,10-04-1970
Deepak Patel,deepak.patel94@gmail.com,7919296921,"House No. 13, 8th Floor, A Wing, Link Road, Mumbai, Maharashtra - 400044",460082283774,FOYPP0549R,29-01-1989
Mahesh Chawla,mahesh.chawla70@icloud.com,6632280126,"Flat 462, 5th Floor, C Wing, Bypass Road, Bhubaneswar, Odisha - 751018",858952476096,WAUPC6472W,23-01-1983
Dev Patel,devpat322@hotmail.com,8778840709,"Plot No. 246, 8th Floor, D Wing, MG Road, Delhi, Delhi - 110054",812988972842,MQBPP9282M,22-05-1966
Deepak Trivedi,deepaktri127@gmail.com,7718605668,"House No. 39, 12th Floor, Block F, Bypass Road, Kochi, Kerala - 682001",847951279831,FYYPT4285H,21-06-1993
Anjali Joshi,anjali.joshi52@gmail.com,8808701708,"Flat 188, 3th Floor, A Wing, Ring Road, Lucknow, Uttar Pradesh - 226016",910740433689,LXOPJ9672U,07-05-1986
Geeta Joshi,geeta.joshi86@gmail.com,6900701785,"House No. 7, 6th Floor, A Wing, Link Road, Mumbai, Maharashtra - 400093",749723920102,TPLPJ9974U,01-05-2001
Aditya Malhotra,adityamal532@outlook.com,8425269420,"Villa 146, 2th Floor, C Wing, Main Road, Ahmedabad, Gujarat - 380006",940513379376,ZYMPM9976R,03-05-1970
Deepak Agarwal,deepakaga427@outlook.com,6749058496,"Flat 141, 5th Floor, Block E, MG Road, Kochi, Kerala - 682033",235862405744,KASPA9986G,21-05-1976
Pooja Sen,poojasen424@yahoo.com,6111085184,"Villa 460, 9th Floor, Block E, Circular Road, Kanpur, Uttar Pradesh - 208022",521359618307,XWGPS4800E,05-04-1973
Kavita Trivedi,kavita.trivedi20@outlook.com,6554829878,"House No. 496, 2th Floor, C Wing, Ring Road, Bengaluru, Karnataka - 560092",698474604293,ODPPT8472C,12-07-1983
Lata Joshi,lata.joshi59@yahoo.com,8529267698,"Villa 302, 9th Floor, Block E, Ring Road, Kochi, Kerala - 682042",954458474134,ADTPJ2936A,14-06-1989
Lata Patel,lata.patel90@hotmail.com,8638901248,"Plot No. 246, 10th Floor, B Wing, Bypass Road, Ahmedabad, Gujarat - 380051",761156862230,ZOAPP6594Q,18-09-1962
Karan Mishra,karan.mishra14@hotmail.com,9433037271,"House No. 146, 5th Floor, D Wing, Circular Road, Thiruvananthapuram, Kerala - 695027",831121380782,RPRPM0661K,22-10-1986
Yash Kapoor,yashkap625@hotmail.com,7565418028,"Plot No. 72, 2th Floor, B Wing, Bypass Road, Kochi, Kerala - 682012",890594699842,RQFPK8470K,29-10-1973
Advait Pandey,advaitpan959@yahoo.com,6232036686,"Villa 476, 14th Floor, Block F, Ring Road, Ahmedabad, Gujarat - 380009",826852728760,XHEPP0877R,26-04-1980
Anjali Kulkarni,anjali.kulkarni11@gmail.com,7455735623,"Villa 256, 11th Floor, Block F, MG Road, Mysuru, Karnataka - 570028",245358597302,YOHPK2285Z,16-03-2000
Vivaan Mukherjee,vivaan.mukherjee91@yahoo.com,7555468939,"Flat 151, 2th Floor, A Wing, Bypass Road, Jaipur, Rajasthan - 302030",988159646738,MZKPM6904I,25-09-1983
Lata Gaekwad,lata.gaekwad96@yahoo.com,6248955877,"Villa 457, 3th Floor, B Wing, Park Street, Mumbai, Maharashtra - 400002",799426407608,TKGPG0120H,22-12-1981
Harish Verma,harishver347@icloud.com,6628335689,"Flat 20, 9th Floor, Block F, MG Road, Pune, Maharashtra - 411021",353374356702,UUOPV7287C,06-08-1988
Deepak Sen,deepaksen775@icloud.com,9945759599,"Flat 457, 6th Floor, C Wing, Main Road, Kolkata, West Bengal - 700095",829171485418,HTLPS2525E,14-07-1965
Suman Arora,sumanaro267@gmail.com,8119214574,"House No. 31, 13th Floor, B Wing, MG Road, Ahmedabad, Gujarat - 380021",476947308824,BGXPA5321Z,13-02-1975
Kriti Banerjee,kritiban696@yahoo.com,7409412180,"Plot No. 245, 10th Floor, C Wing, MG Road, Kolkata, West Bengal - 700043",247941232546,ACRPB9113Z,23-02-1987
Vikram Trivedi,vikram.trivedi65@outlook.com,7996276861,"House No. 149, 14th Floor, B Wing, Station Road, Chennai, Tamil Nadu - 600127",320291381301,JSJPT8029Q,20-07-1964
Vijay Khanna,vijaykha692@hotmail.com,8523191990,"Flat 344, 4th Floor, B Wing, Circular Road, Kochi, Kerala - 682010",883172366704,WWCPK7103W,10-04-1968
Ishaan Fernandes,ishaanfer397@gmail.com,6133203449,"Flat 491, 8th Floor, A Wing, Park Street, Kolkata, West Bengal - 700111",965077525723,CMYPF3160G,17-08-2004
Naresh Yadav,nareshyad767@gmail.com,9039963066,"Flat 177, 10th Floor, Block E, Park Street, Jaipur, Rajasthan - 302002",896693233700,PDXPY5800S,13-06-2004
Arjun Chatterjee,arjun.chatterjee84@gmail.com,7234306587,"House No. 320, 15th Floor, Block F, Link Road, Ahmedabad, Gujarat - 380019",575909722858,WEVPC5854L,19-05-1988
Ishaan Mehta,ishaan.mehta80@gmail.com,7482367883,"House No. 203, 15th Floor, Block E, Main Road, Thiruvananthapuram, Kerala - 695032",438004364758,JNNPM4867W,04-11-1983
Saanvi Rao,saanvi.rao30@hotmail.com,6631755297,"Flat 63, 5th Floor, C Wing, Park Street, Chandigarh, Chandigarh - 160042",281144157281,WJWPR3611N,14-03-1994
Shaurya Nair,shauryanai131@yahoo.com,6189260555,"Plot No. 466, 5th Floor, B Wing, Bypass Road, Delhi, Delhi - 110049",568437714034,ZVIPN5459L,21-10-1996
Meena Verma,meena.verma2@yahoo.com,9227238697,"House No. 354, 2th Floor, Block F, Ring Road, Delhi, Delhi - 110088",568385095709,GIAPV9916V,11-05-1992
Diya Gomes,diyagom293@hotmail.com,6348484377,"Villa 89, 13th Floor, D Wing, Circular Road, Pune, Maharashtra - 411001",714295449669,KJEPG1756E,01-08-2002
Dev Reddy,devred112@gmail.com,6734479459,"Plot No. 346, 2th Floor, D Wing, Main Road, Chennai, Tamil Nadu - 600060",526489710017,AORPR1294U,23-04-1990
Rekha Rao,rekharao141@outlook.com,8142355283,"House No. 346, 9th Floor, D Wing, Circular Road, Coimbatore, Tamil Nadu - 641031",879813026564,UOWPR7115Q,27-08-1971
Arjun D'Souza,arjund's791@icloud.com,6079116114,"Plot No. 196, 12th Floor, Block F, Station Road, Lucknow, Uttar Pradesh - 226009",398309754247,GXYPD8852H,04-08-2004
Suresh Banerjee,suresh.banerjee72@hotmail.com,9881253251,"Flat 282, 3th Floor, B Wing, Bypass Road, Chennai, Tamil Nadu - 600023",999096660286,LXGPB8395O,01-09-1965
Geeta Mukherjee,geeta.mukherjee52@icloud.com,6370907037,"Villa 471, 12th Floor, Block F, Bypass Road, Kochi, Kerala - 682004",520709834849,EVWPM6748O,22-09-1996
Dhruv Kapoor,dhruvkap160@hotmail.com,8565726765,"House No. 258, 2th Floor, D Wing, Park Street, Delhi, Delhi - 110012",979500345220,FNFPK6930G,20-03-1971
Rajesh Arora,rajesharo275@outlook.com,7309074063,"Villa 264, 6th Floor, B Wing, Link Road, Surat, Gujarat - 395002",676751258379,SABPA5366T,27-09-1978
Om Iyer,omiye336@yahoo.com,7285628372,"House No. 96, 6th Floor, Block E, Main Road, Hyderabad, Telangana - 500064",303370089423,IBGPI7043G,03-12-1980
Rohan Grover,rohan.grover16@icloud.com,8561257804,"Villa 52, 10th Floor, Block E, Circular Road, Jaipur, Rajasthan - 302015",376968064554,JXWPG2157V,16-12-1979
Preeti Kapoor,preeti.kapoor86@yahoo.com,8327396885,"Plot No. 372, 3th Floor, Block E, Main Road, Patna, Bihar - 800007",239799783315,AHFPK1985Y,25-09-1997
Yash Sen,yash.sen11@gmail.com,9668606734,"Villa 48, 14th Floor, C Wing, Bypass Road, Chandigarh, Chandigarh - 160043",528959103852,JEPPS6221K,15-08-1991
Anita Pandey,anitapan402@yahoo.com,7994959403,"Plot No. 165, 13th Floor, Block F, Park Street, Thiruvananthapuram, Kerala - 695037",856531708730,BEXPP1027G,08-02-1994
Deepak Mishra,deepakmis459@hotmail.com,7223487493,"Villa 342, 7th Floor, A Wing, Station Road, Patna, Bihar - 800003",309048866073,XENPM4478S,26-09-1977
Ramesh Fernandes,ramesh.fernandes46@icloud.com,9609093716,"Plot No. 327, 9th Floor, A Wing, MG Road, Ahmedabad, Gujarat - 380059",657346694473,WHRPF7805E,17-12-2004
Ananya Arora,ananya.arora43@hotmail.com,7784771988,"Villa 141, 4th Floor, C Wing, Circular Road, Kochi, Kerala - 682016",296859380625,BEHPA0899V,25-12-1994
Riya Rao,riyarao371@yahoo.com,7548695212,"Plot No. 200, 1th Floor, B Wing, Ring Road, Bengaluru, Karnataka - 560088",308803546946,NAJPR9037M,15-04-1983
Asha Chatterjee,asha.chatterjee59@hotmail.com,6612215039,"Plot No. 180, 9th Floor, D Wing, Station Road, Lucknow, Uttar Pradesh - 226023",204158933352,RNWPC6013Q,25-02-1988
Karan Chawla,karancha271@icloud.com,9380101245,"Flat 467, 6th Floor, Block E, MG Road, Jaipur, Rajasthan - 302007",819499913650,LKDPC9193S,10-12-1996
Ashok Kulkarni,ashok.kulkarni11@icloud.com,9080492932,"Flat 252, 15th Floor, Block F, Station Road, Thiruvananthapuram, Kerala - 695024",812933213495,FEBPK9400G,19-11-2002
Reyansh Chavan,reyanshcha634@icloud.com,9274806611,"House No. 370, 1th Floor, Block F, Main Road, Chennai, Tamil Nadu - 600107",269516571211,RNBPC1811V,27-10-1971
Vikram Grover,vikram.grover79@icloud.com,7559879206,"Flat 405, 5th Floor, Block F, Circular Road, Mysuru, Karnataka - 570008",888910961968,BJLPG0521C,24-08-1972
Kabir Mehta,kabirmeh631@gmail.com,8180446081,"Flat 132, 1th Floor, Block E, Main Road, Patna, Bihar - 800016",669544950609,VZXPM5806E,22-12-2000
Pooja Choudhury,pooja.choudhury51@hotmail.com,8907429414,"Flat 149, 10th Floor, C Wing, Ring Road, Mysuru, Karnataka - 570022",962538476691,TZLPC3016J,10-06-2004
Pranav D'Souza,pranavd's226@hotmail.com,9859026297,"Flat 389, 7th Floor, D Wing, Link Road, Lucknow, Uttar Pradesh - 226003",860349824689,UZVPD6701M,26-02-1993
Deepak Reddy,deepak.reddy64@hotmail.com,7157231252,"House No. 175, 3th Floor, C Wing, Bypass Road, Delhi, Delhi - 110023",208589496172,DLBPR5205X,04-06-1980
Aditya Shah,adityasha292@gmail.com,8605993423,"Flat 4, 10th Floor, A Wing, Link Road, Mysuru, Karnataka - 570005",643141408783,IWZPS3779Y,23-07-1973
Tanvi Gupta,tanvigup198@gmail.com,7313799818,"Flat 492, 1th Floor, Block F, Bypass Road, Bengaluru, Karnataka - 560084",442657896355,QPOPG4526G,17-12-1986
Naresh D'Souza,naresh.d'souza69@yahoo.com,8442253511,"House No. 284, 1th Floor, C Wing, MG Road, Jaipur, Rajasthan - 302034",545538828720,IOMPD7666W,21-12-1963
Ashok Iyer,ashokiye607@outlook.com,9120753136,"House No. 53, 6th Floor, Block F, Link Road, Thiruvananthapuram, Kerala - 695024",821074144301,AZMPI1445E,07-04-1994
Aditi Bose,aditi.bose91@hotmail.com,7199711533,"Villa 85, 10th Floor, D Wing, Ring Road, Hyderabad, Telangana - 500036",210034344997,LXWPB8586U,05-03-1966
Prakash D'Souza,prakashd's957@hotmail.com,6215992794,"Villa 471, 4th Floor, Block E, Link Road, Coimbatore, Tamil Nadu - 641030",949033122239,KIRPD0704O,19-07-1978
Shaurya Mukherjee,shauryamuk323@hotmail.com,8777407036,"Plot No. 206, 1th Floor, A Wing, Ring Road, Lucknow, Uttar Pradesh - 226014",822821282193,QNRPM2784Y,04-07-1999
Pranav Shetty,pranav.shetty34@yahoo.com,6459692066,"Plot No. 279, 6th Floor, B Wing, Station Road, Lucknow, Uttar Pradesh - 226002",434435849811,QVJPS6512I,07-04-1976
Shaurya Verma,shaurya.verma50@yahoo.com,9048364811,"Plot No. 297, 6th Floor, C Wing, Circular Road, Kanpur, Uttar Pradesh - 208024",621937931363,WMKPV9727M,18-05-2001
Meena D'Souza,meena.d'souza64@hotmail.com,8861341749,"House No. 397, 14th Floor, Block E, MG Road, Nagpur, Maharashtra - 440023",626723399076,DLAPD0111H,14-07-1969
Aditya Mukherjee,aditya.mukherjee68@gmail.com,7647921499,"Flat 443, 12th Floor, Block E, Bypass Road, Mumbai, Maharashtra - 400012",364790499157,HQVPM0679S,04-03-1994
Preeti Arora,preeti.arora30@hotmail.com,9102372643,"Plot No. 261, 13th Floor, D Wing, Ring Road, Chennai, Tamil Nadu - 600015",445971557932,YPOPA0115J,07-08-1968
Preeti Grover,preetigro740@yahoo.com,6968568888,"Flat 18, 15th Floor, Block E, Circular Road, Kanpur, Uttar Pradesh - 208025",935867943364,IPBPG2632P,29-06-1995
Dinesh Arora,dinesharo708@hotmail.com,8876694947,"Plot No. 432, 11th Floor, Block F, Main Road, Nagpur, Maharashtra - 440023",674502405377,FTUPA0848T,27-09-1995
Karan Mishra,karan.mishra83@icloud.com,7754807805,"House No. 102, 12th Floor, Block E, Circular Road, Hyderabad, Telangana - 500069",893291369648,BWIPM0737G,19-12-1964
Riya Joshi,riya.joshi46@gmail.com,7405102658,"Villa 324, 10th Floor, D Wing, Main Road, Hyderabad, Telangana - 500069",546746466033,EPGPJ9974D,11-02-1990
Aryan Kumar,aryan.kumar91@icloud.com,6027607819,"Villa 154, 9th Floor, C Wing, Ring Road, Surat, Gujarat - 395002",997383306144,GKOPK5478S,15-11-1978
Dev Verma,dev.verma45@yahoo.com,9068756707,"Flat 483, 3th Floor, Block E, Link Road, Nagpur, Maharashtra - 440035",561391237745,TUSPV8413H,11-09-2004
Geeta Fernandes,geeta.fernandes58@gmail.com,9910651064,"Flat 495, 8th Floor, Block E, Main Road, Pune, Maharashtra - 411032",678483034857,GNKPF4044T,07-08-1971
Suresh Patel,suresh.patel66@gmail.com,6788364316,"Plot No. 383, 10th Floor, Block E, Park Street, Chandigarh, Chandigarh - 160050",640889593032,UBOPP5605E,23-12-1997
Kabir Pillai,kabir.pillai96@outlook.com,7999663309,"Plot No. 436, 7th Floor, C Wing, Park Street, Chennai, Tamil Nadu - 600063",230799154027,GFAPP1295G,19-05-1968
Arnav Sharma,arnav.sharma3@outlook.com,7068204810,"Flat 466, 6th Floor, C Wing, Park Street, Bhubaneswar, Odisha - 751008",938577973982,IWKPS5381L,05-08-1967
Ashok Reddy,ashok.reddy63@yahoo.com,9429518525,"Villa 397, 9th Floor, Block E, Station Road, Kolkata, West Bengal - 700120",759030819695,JIXPR8761V,17-05-1990
Vihaan Thakur,vihaantha624@icloud.com,6508924464,"Plot No. 14, 8th Floor, D Wing, Circular Road, Pune, Maharashtra - 411016",759355881082,VEOPT7547Y,20-07-2000
Dinesh Gaekwad,dineshgae688@yahoo.com,8123872493,"Villa 316, 1th Floor, A Wing, Ring Road, Chandigarh, Chandigarh - 160055",245594849674,XDNPG6239K,02-11-1997
Mahesh Pillai,mahesh.pillai20@outlook.com,8027674906,"House No. 467, 13th Floor, B Wing, Ring Road, Ahmedabad, Gujarat - 380008",476531451341,PUBPP0545K,03-08-1981
Shruti Bose,shrutibos444@outlook.com,7168335766,"Plot No. 389, 1th Floor, C Wing, Station Road, Kochi, Kerala - 682004",286043171557,RKYPB2197S,08-10-1980
Sanjay Rao,sanjay.rao72@hotmail.com,6608988850,"Plot No. 191, 13th Floor, Block E, Main Road, Nagpur, Maharashtra - 440003",311532026400,TWGPR3396H,01-11-2004
Advait Patel,advaitpat656@icloud.com,7188938447,"Villa 396, 8th Floor, D Wing, Bypass Road, Kochi, Kerala - 682007",542083481242,XYMPP6474E,20-01-1997
Aditi Chatterjee,aditi.chatterjee4@outlook.com,7796637958,"Villa 423, 14th Floor, C Wing, Park Street, Nagpur, Maharashtra - 440031",446871446939,TWKPC3155Z,21-03-1999
Anita Mukherjee,anitamuk300@icloud.com,6269089649,"Villa 342, 13th Floor, Block E, Station Road, Lucknow, Uttar Pradesh - 226013",382292324687,EFBPM3733P,17-03-1984
Kabir Roy,kabirroy308@icloud.com,9485783045,"Villa 352, 13th Floor, C Wing, Ring Road, Surat, Gujarat - 395010",857868005512,MUXPR7644T,06-09-1983
Amit Hegde,amitheg578@gmail.com,9146534420,"House No. 45, 11th Floor, Block E, Bypass Road, Pune, Maharashtra - 411019",947152035191,SQLPH0565U,31-01-1969
Priya Mishra,priya.mishra41@icloud.com,8322987663,"Flat 400, 5th Floor, B Wing, Main Road, Chennai, Tamil Nadu - 600126",581060891700,LEEPM9184L,10-03-2001
Shruti Ansari,shruti.ansari99@hotmail.com,8270259961,"Plot No. 111, 6th Floor, Block E, Main Road, Bengaluru, Karnataka - 560103",240775130610,TYEPA2168S,20-11-2000
Kriti Choudhury,kriticho212@outlook.com,7204319274,"House No. 212, 7th Floor, D Wing, Circular Road, Hyderabad, Telangana - 500012",802336165580,NYEPC4755K,09-06-1973
Kavita Deshmukh,kavitades790@yahoo.com,9027510056,"Flat 219, 10th Floor, A Wing, Circular Road, Thiruvananthapuram, Kerala - 695032",911218167932,HLZPD3933A,31-03-1993
Anjali D'Souza,anjali.d'souza37@icloud.com,9570794321,"Flat 76, 5th Floor, B Wing, Bypass Road, Kochi, Kerala - 682015",668551902041,YUCPD5488B,09-05-1988
Saanvi Kumar,saanvikum294@outlook.com,8336330575,"Villa 359, 14th Floor, A Wing, MG Road, Ahmedabad, Gujarat - 380013",616437702170,XIOPK0125W,21-03-1975
Sanjay Mehta,sanjay.mehta81@icloud.com,9856817697,"Plot No. 310, 2th Floor, D Wing, Main Road, Kolkata, West Bengal - 700010",501055916983,HWUPM1793M,17-10-1985
Dinesh Verma,dineshver830@outlook.com,6654525935,"Villa 437, 7th Floor, C Wing, MG Road, Jaipur, Rajasthan - 302002",662078562271,SVFPV6026Z,26-10-1965
Shaurya Khan,shaurya.khan56@icloud.com,6936091949,"Flat 335, 8th Floor, A Wing, MG Road, Mumbai, Maharashtra - 400072",527628058777,PZBPK1497E,08-08-1994
Naresh Iyer,nareshiye676@outlook.com,9460773595,"Flat 304, 14th Floor, B Wing, Link Road, Lucknow, Uttar Pradesh - 226023",251356397489,FLBPI0751N,22-11-2001
Anjali Yadav,anjali.yadav68@hotmail.com,8818217748,"Villa 231, 10th Floor, B Wing, Circular Road, Jaipur, Rajasthan - 302019",784383569997,YDFPY5201T,15-12-1977
Sai Bajaj,sai.bajaj49@outlook.com,7671919699,"Plot No. 123, 11th Floor, A Wing, Main Road, Coimbatore, Tamil Nadu - 641014",338783056828,ZXXPB7533K,27-09-1989
Dhruv Shetty,dhruvshe154@yahoo.com,9478112826,"House No. 149, 12th Floor, C Wing, Station Road, Bhubaneswar, Odisha - 751028",939222931778,NKAPS3947L,22-12-1964
Karan Das,karan.das62@hotmail.com,9431243453,"Flat 36, 12th Floor, C Wing, Ring Road, Kolkata, West Bengal - 700064",709272094803,MSWPD5756F,07-01-1983
Rohan Shah,rohansha516@icloud.com,9088550694,"Plot No. 137, 13th Floor, A Wing, MG Road, Hyderabad, Telangana - 500100",304279749354,SEDPS0181Q,16-04-1997
Ishaan Mehta,ishaanmeh351@outlook.com,8384811157,"House No. 154, 8th Floor, C Wing, Bypass Road, Pune, Maharashtra - 411055",216426245546,FAFPM1354Z,07-12-1994
Diya Iyengar,diya.iyengar85@yahoo.com,9173434660,"Plot No. 242, 11th Floor, A Wing, MG Road, Patna, Bihar - 800011",803981079516,GKEPI1412A,17-04-1975
Diya Banerjee,diyaban599@outlook.com,6680956418,"Flat 99, 4th Floor, Block F, Main Road, Surat, Gujarat - 395005",865028591565,RDOPB9157R,16-04-1975
Sai Thakur,sai.thakur43@yahoo.com,7191142999,"Flat 149, 2th Floor, C Wing, MG Road, Delhi, Delhi - 110065",338569939142,NKEPT0120D,22-05-2000
Tanvi Gupta,tanvigup734@icloud.com,8698886659,"Flat 354, 9th Floor, B Wing, Ring Road, Ahmedabad, Gujarat - 380035",491367591644,WUSPG1532X,14-03-1970
Ananya Nair,ananyanai163@icloud.com,7315682342,"Flat 373, 3th Floor, B Wing, Park Street, Thiruvananthapuram, Kerala - 695017",826713202534,FHRPN6707P,12-07-1994
Ananya Mukherjee,ananyamuk733@yahoo.com,9674087721,"Plot No. 92, 13th Floor, C Wing, MG Road, Pune, Maharashtra - 411029",233051097247,ZELPM4265J,22-10-1965
Lata Chawla,lata.chawla86@icloud.com,9639852381,"House No. 465, 7th Floor, Block F, Main Road, Thiruvananthapuram, Kerala - 695011",478680704235,OYUPC3189T,10-12-1992
Priya Singh,priya.singh11@hotmail.com,6353470507,"Villa 192, 1th Floor, Block F, Park Street, Mumbai, Maharashtra - 400064",699963576866,EYCPS3805S,26-02-1992
Reyansh Kapoor,reyanshkap386@outlook.com,7259551330,"Flat 180, 5th Floor, A Wing, Bypass Road, Surat, Gujarat - 395010",551109674513,ZNHPK6590K,24-09-1962
Sneha Singh,sneha.singh63@yahoo.com,7426787032,"Flat 72, 9th Floor, A Wing, Ring Road, Coimbatore, Tamil Nadu - 641041",389935475211,FOXPS5963Y,05-09-2004
Amit Singh,amit.singh12@outlook.com,6088623065,"Plot No. 345, 14th Floor, A Wing, MG Road, Bhubaneswar, Odisha - 751029",581803648510,BECPS8241W,06-09-1982
Ananya Gomes,ananyagom146@yahoo.com,9168787321,"Villa 442, 15th Floor, A Wing, Main Road, Ahmedabad, Gujarat - 380037",404347433442,DBNPG5100J,12-06-1995
Aarav Singh,aarav.singh2@outlook.com,7555794207,"House No. 348, 4th Floor, Block E, Circular Road, Mysuru, Karnataka - 570022",872176189898,PWRPS7767X,16-04-1999
Sandeep Singh,sandeep.singh28@icloud.com,7398189397,"Plot No. 260, 8th Floor, B Wing, MG Road, Chennai, Tamil Nadu - 600011",651945586817,XHIPS1880P,17-02-1996
Aditi Yadav,aditiyad353@gmail.com,9585939185,"Villa 369, 3th Floor, A Wing, Circular Road, Hyderabad, Telangana - 500085",649339271954,ANHPY8567A,01-08-1972
Kabir Chawla,kabir.chawla60@gmail.com,9842055553,"Plot No. 480, 13th Floor, A Wing, Ring Road, Surat, Gujarat - 395005",877888922100,OYEPC0409J,12-05-2004
Arjun Pillai,arjunpil512@gmail.com,8780410486,"Flat 268, 7th Floor, C Wing, Park Street, Kanpur, Uttar Pradesh - 208016",462447049867,CDZPP0187O,27-03-1961
Vikram Pandey,vikrampan574@gmail.com,8307324668,"Villa 337, 15th Floor, C Wing, MG Road, Bhubaneswar, Odisha - 751020",504381779989,SEIPP6924O,01-01-1962
Kriti D'Souza,kriti.d'souza16@gmail.com,6864323145,"Plot No. 50, 9th Floor, A Wing, Link Road, Lucknow, Uttar Pradesh - 226027",959170034374,GXEPD5674A,29-08-1989
Rahul Roy,rahul.roy18@outlook.com,6154111902,"Flat 251, 2th Floor, B Wing, Bypass Road, Mumbai, Maharashtra - 400049",500522144267,UHXPR5384V,17-03-1972
Karan Agarwal,karan.agarwal55@gmail.com,8999442618,"Plot No. 108, 8th Floor, C Wing, Link Road, Delhi, Delhi - 110043",882950814994,BFZPA3235R,26-03-1993
Vikram Bose,vikrambos810@yahoo.com,7880507507,"Villa 414, 4th Floor, C Wing, Park Street, Kochi, Kerala - 682006",625247777444,SMIPB9304N,29-04-1985
Kabir Kumar,kabir.kumar56@gmail.com,9486275537,"House No. 403, 15th Floor, Block E, Circular Road, Jaipur, Rajasthan - 302038",660912104072,LIZPK5396B,21-04-1968
Lata Kumar,lata.kumar74@icloud.com,8707926251,"House No. 64, 11th Floor, D Wing, MG Road, Chandigarh, Chandigarh - 160035",525039439884,IEOPK8952V,12-10-1981
Meena Joshi,meenajos370@icloud.com,8549595781,"House No. 372, 2th Floor, D Wing, Park Street, Chennai, Tamil Nadu - 600115",471832240239,GMVPJ2761O,29-08-1996
Anjali Thakur,anjalitha141@outlook.com,8511286381,"Plot No. 4, 3th Floor, Block F, Link Road, Bengaluru, Karnataka - 560003",407459528276,PPZPT4239G,23-07-1988
Pooja Mehta,pooja.mehta97@yahoo.com,7783969215,"Flat 71, 7th Floor, A Wing, Ring Road, Bengaluru, Karnataka - 560006",921434869653,PCLPM5731A,12-12-1991
Rudra Sharma,rudra.sharma72@icloud.com,9309507933,"House No. 54, 3th Floor, Block E, Ring Road, Jaipur, Rajasthan - 302029",541485027590,QENPS8009B,08-05-2002
Ayaans Patel,ayaans.patel4@icloud.com,7189452395,"Flat 68, 4th Floor, B Wing, Station Road, Bhubaneswar, Odisha - 751014",799875175790,GFGPP0888B,06-12-1998
Aarav Malik,aarav.malik37@gmail.com,7413007886,"Plot No. 265, 12th Floor, D Wing, Circular Road, Chandigarh, Chandigarh - 160058",785095914504,TOFPM3669J,16-04-1995
Atharva Kulkarni,atharva.kulkarni23@icloud.com,6420438450,"House No. 55, 8th Floor, D Wing, Park Street, Delhi, Delhi - 110052",549394166740,ORVPK8698X,15-04-1992
Ashok Das,ashok.das58@outlook.com,6667264187,"Villa 276, 10th Floor, C Wing, Main Road, Patna, Bihar - 800008",970124931645,VVTPD8243O,23-04-1961
Anjali Kulkarni,anjali.kulkarni1@outlook.com,9518756926,"Flat 427, 13th Floor, B Wing, Link Road, Bhubaneswar, Odisha - 751005",935712567212,HAAPK8578S,21-04-1991
Ishaan Sen,ishaan.sen30@yahoo.com,8660098057,"Villa 335, 10th Floor, A Wing, Main Road, Thiruvananthapuram, Kerala - 695014",234136532985,NXRPS4997X,31-07-1999
Ananya Chawla,ananya.chawla64@gmail.com,9461433700,"Flat 374, 14th Floor, Block F, Ring Road, Delhi, Delhi - 110094",643687163876,FCLPC7740X,27-02-1989
Sneha Sen,sneha.sen65@hotmail.com,8874142785,"Flat 129, 2th Floor, Block F, Ring Road, Hyderabad, Telangana - 500081",463492122339,SZQPS2159Z,19-02-1962
Vihaan Deshmukh,vihaan.deshmukh90@gmail.com,8484567715,"Villa 333, 12th Floor, D Wing, Bypass Road, Delhi, Delhi - 110015",245689391164,LOUPD6776L,05-07-2002
Lata Roy,lata.roy52@outlook.com,8208529645,"Flat 252, 6th Floor, A Wing, Park Street, Surat, Gujarat - 395003",982988727544,EFAPR6185W,23-08-1963
Kavita Malik,kavitamal946@icloud.com,7864006724,"House No. 300, 1th Floor, B Wing, Link Road, Kanpur, Uttar Pradesh - 208014",343031839330,CDDPM8406L,28-07-1982
Naresh Gomes,nareshgom635@hotmail.com,8245296151,"Villa 312, 8th Floor, C Wing, Circular Road, Delhi, Delhi - 110025",983517983871,VHKPG5669N,14-03-1982
Rahul Gomes,rahulgom463@icloud.com,8178256019,"Flat 397, 14th Floor, Block F, Bypass Road, Patna, Bihar - 800024",446947629368,JENPG8517S,18-01-2001
Om Shetty,om.shetty62@icloud.com,6027190952,"Villa 82, 2th Floor, B Wing, Station Road, Mumbai, Maharashtra - 400025",719045624462,EBDPS6566G,26-02-1981
Amit Grover,amitgro634@yahoo.com,7262538140,"Villa 161, 6th Floor, Block E, Park Street, Hyderabad, Telangana - 500007",342024843507,ILAPG9332Q,08-11-1964
Preeti Verma,preetiver376@gmail.com,7109077182,"Plot No. 360, 12th Floor, B Wing, Link Road, Hyderabad, Telangana - 500087",973765547617,EOLPV7355J,29-07-1969
Kriti Deshmukh,kritides498@hotmail.com,6539392942,"House No. 493, 2th Floor, C Wing, MG Road, Jaipur, Rajasthan - 302004",334339062798,TUKPD8247P,13-12-1976
Amit Thakur,amit.thakur73@gmail.com,7719127593,"Plot No. 162, 8th Floor, Block F, Station Road, Bhubaneswar, Odisha - 751023",621162206591,BAWPT4436I,05-05-1979
Sunita Chatterjee,sunitacha315@yahoo.com,6422007227,"House No. 164, 3th Floor, D Wing, MG Road, Lucknow, Uttar Pradesh - 226023",985710933853,BABPC9006G,09-08-1972
Dev Fernandes,devfer760@hotmail.com,8465861728,"Flat 124, 5th Floor, C Wing, Bypass Road, Ahmedabad, Gujarat - 380030",532465684154,XNXPF3517K,31-05-2004
Rahul Das,rahuldas937@icloud.com,6769659596,"Flat 22, 13th Floor, Block F, Main Road, Surat, Gujarat - 395007",575229648421,ASFPD2251X,29-10-1983
Dev Bose,dev.bose62@icloud.com,9237660414,"Villa 158, 4th Floor, A Wing, Link Road, Mysuru, Karnataka - 570030",908137229821,ATYPB3524V,23-01-1977
Ayaans Reddy,ayaansred133@gmail.com,9284076953,"Villa 276, 15th Floor, B Wing, Park Street, Patna, Bihar - 800002",967900782446,NMMPR9483N,08-06-1960
Aditi Mehta,aditimeh617@yahoo.com,6855925629,"Villa 195, 10th Floor, B Wing, Main Road, Chandigarh, Chandigarh - 160028",457273468927,BXVPM4723Y,13-08-1981
Sneha Malhotra,sneha.malhotra33@hotmail.com,6514961806,"House No. 258, 14th Floor, Block E, Bypass Road, Kochi, Kerala - 682026",992449403951,QNTPM5613V,20-11-1986
Anjali Kumar,anjali.kumar72@icloud.com,7801693476,"House No. 331, 14th Floor, B Wing, Ring Road, Bhubaneswar, Odisha - 751003",993980122016,GDQPK5200U,01-10-1973
Priya Ansari,priya.ansari13@outlook.com,7363140982,"Villa 24, 3th Floor, B Wing, Station Road, Nagpur, Maharashtra - 440011",872012959031,VYOPA7569W,26-03-1961
Aarav Bajaj,aarav.bajaj1@gmail.com,9653244834,"Villa 59, 6th Floor, A Wing, Circular Road, Coimbatore, Tamil Nadu - 641033",674691170870,EPEPB8204B,06-03-1964
Priya Arora,priya.arora94@icloud.com,8912321600,"House No. 136, 12th Floor, A Wing, Main Road, Kolkata, West Bengal - 700055",452762520213,DDNPA7954F,19-04-1979
Diya Roy,diyaroy203@gmail.com,9811678629,"Plot No. 50, 6th Floor, B Wing, Bypass Road, Mumbai, Maharashtra - 400023",626730220994,CPVPR5304V,25-01-1961
Gaurav Shah,gaurav.shah10@icloud.com,6507550848,"Plot No. 212, 15th Floor, D Wing, Ring Road, Surat, Gujarat - 395003",237846797008,UXHPS0764V,21-05-1986
Advait Choudhury,advait.choudhury66@yahoo.com,6727279732,"Flat 61, 14th Floor, Block F, Main Road, Thiruvananthapuram, Kerala - 695012",405112134063,MRAPC1990L,23-08-1962
Dhruv Mukherjee,dhruv.mukherjee6@hotmail.com,9471170648,"Villa 468, 9th Floor, Block E, Bypass Road, Kolkata, West Bengal - 700113",512407904481,HRVPM8190D,14-12-1968
Riya Choudhury,riyacho611@hotmail.com,9619524960,"Flat 291, 3th Floor, A Wing, Ring Road, Bengaluru, Karnataka - 560062",845177022380,IWLPC3478F,06-07-1999
Suman Arora,suman.arora18@outlook.com,6959284898,"Plot No. 363, 9th Floor, D Wing, Link Road, Chandigarh, Chandigarh - 160032",929933570240,THSPA8663W,30-08-1987
Rajesh Banerjee,rajeshban372@yahoo.com,7983565239,"Villa 208, 3th Floor, B Wing, Ring Road, Nagpur, Maharashtra - 440027",553340620166,GHIPB0142C,03-08-1993
Sunita Bajaj,sunita.bajaj26@outlook.com,9362886233,"Flat 146, 5th Floor, C Wing, Circular Road, Kolkata, West Bengal - 700118",714344211175,ISIPB4957U,29-11-1985
Diya Yash,diya.yash11@icloud.com,8638151291,"Plot No. 386, 8th Floor, Block F, Link Road, Bengaluru, Karnataka - 560053",664299872473,KGUPY9987L,10-08-1970
Gaurav Pandey,gaurav.pandey1@gmail.com,8518347923,"Villa 417, 15th Floor, Block E, Link Road, Pune, Maharashtra - 411022",653108124643,XPRPP6243X,03-04-1964
Reyansh Chatterjee,reyanshcha113@hotmail.com,9106963749,"Flat 266, 15th Floor, D Wing, MG Road, Bengaluru, Karnataka - 560019",850614715901,DFKPC0231N,16-12-1963
Aarav Trivedi,aarav.trivedi98@gmail.com,9832120861,"Plot No. 73, 6th Floor, A Wing, Ring Road, Delhi, Delhi - 110096",869978420014,CIIPT2460U,04-09-2002
Sanjay Gaekwad,sanjaygae822@icloud.com,6595285994,"Villa 358, 7th Floor, B Wing, Ring Road, Jaipur, Rajasthan - 302021",493055779798,GMOPG6074X,11-12-1968
Advait Sen,advait.sen76@yahoo.com,8043903560,"Plot No. 393, 9th Floor, Block F, Bypass Road, Mysuru, Karnataka - 570017",860963547607,KCZPS2101Q,07-02-1986
Atharva Roy,atharvaroy488@outlook.com,6802459408,"Plot No. 208, 6th Floor, B Wing, Circular Road, Kolkata, West Bengal - 700060",443779507655,OHPPR4852K,27-10-1966
Diya Reddy,diyared949@outlook.com,9901752279,"Villa 168, 15th Floor, B Wing, Main Road, Chennai, Tamil Nadu - 600071",874999020385,IBOPR0084Y,17-01-1968
Dev Sheikh,dev.sheikh92@gmail.com,9957538513,"Villa 193, 12th Floor, B Wing, Circular Road, Patna, Bihar - 800028",494614262040,QLEPS0633I,26-07-1996
Reyansh Singh,reyanshsin610@icloud.com,7728265933,"Plot No. 53, 12th Floor, Block E, Station Road, Kochi, Kerala - 682003",916033308544,CQUPS4366B,19-03-1976
Vivaan Malhotra,vivaanmal189@yahoo.com,6210936767,"Villa 123, 14th Floor, D Wing, Circular Road, Jaipur, Rajasthan - 302030",964554590348,DTKPM4351D,13-07-1964
Pranav Roy,pranavroy687@outlook.com,7308923331,"Flat 160, 11th Floor, Block E, Circular Road, Coimbatore, Tamil Nadu - 641024",707026406260,MOJPR1514J,27-06-2005
Suresh Shetty,suresh.shetty21@gmail.com,8279730294,"Plot No. 423, 8th Floor, B Wing, Circular Road, Pune, Maharashtra - 411028",402358937712,LRFPS8488T,05-08-1967
Tanvi Malik,tanvi.malik46@gmail.com,8564464523,"Flat 133, 2th Floor, C Wing, Link Road, Bhubaneswar, Odisha - 751001",628678554701,QSPPM7950D,10-01-1987
Deepak Kulkarni,deepakkul795@yahoo.com,9250280041,"Flat 425, 11th Floor, D Wing, Main Road, Jaipur, Rajasthan - 302031",660316134079,TEZPK1645P,12-01-1989
Dhruv Gaekwad,dhruv.gaekwad45@outlook.com,7867851506,"Flat 178, 6th Floor, Block F, Ring Road, Lucknow, Uttar Pradesh - 226017",355661668940,SHNPG3646U,08-04-1961
Dev Sheikh,dev.sheikh48@outlook.com,6339563224,"House No. 192, 7th Floor, Block E, Bypass Road, Kolkata, West Bengal - 700020",392126974869,PRJPS8798U,19-08-1996
Rohan Joshi,rohanjos329@gmail.com,7704369225,"Flat 217, 5th Floor, B Wing, Main Road, Bhubaneswar, Odisha - 751024",212746901763,DYTPJ1986H,13-11-2001
Vivaan D'Souza,vivaan.d'souza47@outlook.com,9223063567,"Plot No. 252, 8th Floor, C Wing, Bypass Road, Coimbatore, Tamil Nadu - 641042",629841040032,PGAPD3248F,17-11-1999
Tanvi Bajaj,tanvi.bajaj49@yahoo.com,7561188203,"Villa 439, 14th Floor, Block F, Circular Road, Thiruvananthapuram, Kerala - 695001",821853111281,OPZPB9036N,14-07-1994
Sunita Mishra,sunita.mishra51@icloud.com,6326598450,"Villa 313, 1th Floor, Block F, Link Road, Coimbatore, Tamil Nadu - 641013",603753531324,XKEPM7567D,16-09-1990
Kabir Yadav,kabiryad478@hotmail.com,6712652494,"Flat 257, 6th Floor, B Wing, Main Road, Thiruvananthapuram, Kerala - 695039",401514977764,SCHPY6165O,18-02-1997
Yash Iyer,yash.iyer66@yahoo.com,8490294849,"Plot No. 380, 14th Floor, C Wing, Ring Road, Ahmedabad, Gujarat - 380013",966138865500,WSCPI5956X,18-10-1999
Harish Shah,harish.shah19@yahoo.com,9019412706,"Plot No. 344, 4th Floor, D Wing, MG Road, Lucknow, Uttar Pradesh - 226004",980720203388,DCFPS0996M,08-10-2002
Meena Mishra,meenamis117@yahoo.com,7448365670,"Flat 178, 7th Floor, Block F, Circular Road, Jaipur, Rajasthan - 302007",943967705467,GTHPM1649A,28-08-1990
Anjali Shetty,anjali.shetty71@icloud.com,8886810253,"House No. 217, 14th Floor, D Wing, Link Road, Bengaluru, Karnataka - 560018",747800958040,CYJPS6159Z,18-11-2001
Vihaan Gupta,vihaan.gupta4@gmail.com,9388546734,"House No. 433, 7th Floor, Block E, Main Road, Chandigarh, Chandigarh - 160035",289413198596,PCQPG3213A,31-05-1991
Shruti Iyer,shruti.iyer85@icloud.com,8111903594,"Plot No. 86, 11th Floor, Block E, Park Street, Mumbai, Maharashtra - 400074",325979990323,RRWPI7676N,03-04-1963
Rajesh Reddy,rajesh.reddy94@icloud.com,7403997838,"Plot No. 343, 12th Floor, Block F, Main Road, Jaipur, Rajasthan - 302019",281836329397,WAFPR6638F,24-05-1960
Ramesh Pillai,rameshpil672@gmail.com,6331178605,"Villa 432, 8th Floor, D Wing, Station Road, Jaipur, Rajasthan - 302029",488920302875,ZOIPP0589Y,29-08-1976
Priya Grover,priyagro527@gmail.com,9787192497,"Plot No. 175, 13th Floor, D Wing, Station Road, Chennai, Tamil Nadu - 600097",564967451453,OLYPG2574Z,29-08-1986
Satish Gomes,satish.gomes19@outlook.com,6851115673,"Plot No. 39, 6th Floor, D Wing, Bypass Road, Hyderabad, Telangana - 500070",667050680983,QXGPG1934N,12-01-1989
Sai Patel,saipat427@icloud.com,6345633389,"Plot No. 320, 15th Floor, C Wing, Link Road, Mysuru, Karnataka - 570008",657051557826,GRRPP0324V,14-01-1973
Preeti Joshi,preetijos781@icloud.com,7869747623,"House No. 351, 9th Floor, C Wing, Park Street, Chandigarh, Chandigarh - 160018",987268193192,FXSPJ4123E,16-10-2005
Aarav Yash,aaravyas456@yahoo.com,6854554189,"House No. 44, 5th Floor, A Wing, MG Road, Chennai, Tamil Nadu - 600082",556303282673,KVJPY9047S,12-02-1994
Gaurav Kulkarni,gauravkul948@icloud.com,7132508628,"Plot No. 198, 5th Floor, Block F, Main Road, Kanpur, Uttar Pradesh - 208018",676088230925,ROFPK8946O,24-02-1979
Sunita Mehta,sunita.mehta10@hotmail.com,8601726280,"Villa 160, 10th Floor, A Wing, Park Street, Hyderabad, Telangana - 500027",949116343031,BWWPM1663Y,03-09-1993
Lata Patel,latapat636@outlook.com,8414085796,"Plot No. 39, 13th Floor, A Wing, MG Road, Mysuru, Karnataka - 570006",686106600260,JNSPP0174T,05-02-1990
Rohan Fernandes,rohan.fernandes82@icloud.com,8410667884,"House No. 435, 14th Floor, B Wing, Station Road, Surat, Gujarat - 395008",850242389354,XIAPF7110V,19-08-2001
Diya Kapoor,diya.kapoor67@outlook.com,6506671485,"House No. 398, 2th Floor, D Wing, Station Road, Hyderabad, Telangana - 500029",679554129824,YYSPK2202Q,24-06-1966
Harsh Khanna,harshkha621@icloud.com,7176801269,"Plot No. 495, 1th Floor, C Wing, MG Road, Kanpur, Uttar Pradesh - 208006",932491394303,WYFPK5027I,28-08-1995
Ayaans Pandey,ayaanspan617@outlook.com,6376543999,"Plot No. 378, 9th Floor, A Wing, Main Road, Delhi, Delhi - 110020",508641486329,UBQPP5050Y,08-06-1984
Harish Gaekwad,harish.gaekwad85@gmail.com,8182377210,"Villa 130, 5th Floor, C Wing, Ring Road, Patna, Bihar - 800002",591171740034,LMQPG8486K,02-09-2003
Rahul Chavan,rahulcha713@hotmail.com,9072366047,"House No. 4, 9th Floor, A Wing, MG Road, Delhi, Delhi - 110014",568938252894,AJGPC9351M,19-08-1961
Pranav Rao,pranavrao594@hotmail.com,7668480316,"Villa 268, 2th Floor, D Wing, Circular Road, Coimbatore, Tamil Nadu - 641026",448135376429,QHYPR9303T,09-02-1992
Priya Malik,priya.malik47@yahoo.com,8329873401,"Villa 428, 12th Floor, C Wing, Ring Road, Nagpur, Maharashtra - 440017",747377049909,NORPM1945Z,06-12-1994
Dev Sheikh,devshe338@icloud.com,6034057368,"Flat 266, 14th Floor, Block F, MG Road, Bhubaneswar, Odisha - 751004",617569430721,VQVPS8771V,25-01-1998
Saanvi Roy,saanvi.roy41@icloud.com,9341104857,"Villa 478, 15th Floor, A Wing, Link Road, Thiruvananthapuram, Kerala - 695027",857281829127,YRTPR8852I,27-09-1965
Anita Verma,anitaver399@gmail.com,8537304376,"Plot No. 189, 10th Floor, D Wing, Ring Road, Coimbatore, Tamil Nadu - 641008",271694481440,ABXPV4075N,19-01-1964
Ayaans Pandey,ayaanspan844@hotmail.com,6797296822,"Plot No. 384, 13th Floor, C Wing, Link Road, Thiruvananthapuram, Kerala - 695033",934497992519,PWGPP6654O,08-11-1992
Harish Deshmukh,harish.deshmukh72@yahoo.com,6539259067,"Plot No. 100, 12th Floor, D Wing, MG Road, Jaipur, Rajasthan - 302008",374304025600,JDGPD1667O,04-08-1991
Aryan Chavan,aryancha213@yahoo.com,9176350642,"Flat 353, 5th Floor, B Wing, Station Road, Jaipur, Rajasthan - 302011",967622702543,CMUPC3915Q,20-09-1987
Kavita Chatterjee,kavita.chatterjee62@yahoo.com,8678203690,"Flat 164, 12th Floor, Block F, Circular Road, Lucknow, Uttar Pradesh - 226023",226134097312,EZYPC0667N,02-06-1996
Arnav Banerjee,arnav.banerjee84@gmail.com,8216943532,"Flat 239, 9th Floor, Block F, MG Road, Kochi, Kerala - 682028",781380573213,MYZPB7886J,07-01-1992
Aditya Sen,aditya.sen18@hotmail.com,6705570529,"Villa 273, 8th Floor, C Wing, Park Street, Kolkata, West Bengal - 700010",323599896258,MTEPS6356A,20-02-1963
Rajesh Khanna,rajesh.khanna24@outlook.com,8179751937,"Plot No. 112, 2th Floor, B Wing, Ring Road, Kochi, Kerala - 682017",544580197621,GINPK1646C,10-09-1988
Ayaans Bajaj,ayaans.bajaj56@outlook.com,7470810148,"Villa 38, 10th Floor, Block E, Park Street, Bengaluru, Karnataka - 560022",289437481268,DPYPB9300Q,16-08-1961
Arnav Fernandes,arnavfer722@gmail.com,6814033405,"Flat 356, 12th Floor, A Wing, Circular Road, Pune, Maharashtra - 411036",835869902131,DNWPF6946A,19-04-1972
Reyansh Reddy,reyanshred558@hotmail.com,7812598362,"Plot No. 319, 9th Floor, Block E, Park Street, Pune, Maharashtra - 411030",791260920331,XIXPR6565P,06-10-1970
Kavita Rao,kavita.rao46@hotmail.com,7049950438,"Villa 149, 11th Floor, A Wing, Bypass Road, Bhubaneswar, Odisha - 751022",650862953223,APEPR4876I,08-06-1968
Rudra Hegde,rudraheg785@icloud.com,8745861805,"House No. 160, 15th Floor, A Wing, Main Road, Kochi, Kerala - 682013",744278859881,SFAPH6965M,06-08-1977
Dhruv Sen,dhruvsen524@yahoo.com,9223683127,"Plot No. 63, 9th Floor, B Wing, Circular Road, Surat, Gujarat - 395004",778022801771,VANPS2945A,24-12-1971
Rajesh Arora,rajesharo393@outlook.com,7534143910,"House No. 377, 12th Floor, A Wing, Bypass Road, Coimbatore, Tamil Nadu - 641012",879066747720,WDCPA0408H,09-09-2005
Sneha Pandey,sneha.pandey95@hotmail.com,9018777953,"Plot No. 73, 3th Floor, C Wing, Main Road, Coimbatore, Tamil Nadu - 641048",592242577727,OILPP7502D,20-11-1990
Rudra Joshi,rudrajos638@outlook.com,6363839687,"Plot No. 91, 13th Floor, A Wing, Park Street, Thiruvananthapuram, Kerala - 695033",959835894770,MSWPJ3928K,26-08-1981
Atharva Khanna,atharvakha253@outlook.com,9167946778,"Villa 111, 12th Floor, D Wing, Station Road, Nagpur, Maharashtra - 440034",595945921185,XOFPK3501T,10-03-1985
Suman Mehta,suman.mehta64@hotmail.com,9389654997,"Flat 363, 8th Floor, Block E, Link Road, Jaipur, Rajasthan - 302037",400810014286,VNTPM0625C,14-11-1988
Mahesh Das,mahesh.das76@outlook.com,9710800458,"Plot No. 81, 11th Floor, B Wing, Ring Road, Chandigarh, Chandigarh - 160028",696652948305,DODPD9725C,25-02-1976
Amit Trivedi,amittri435@yahoo.com,9577773426,"Villa 166, 1th Floor, B Wing, Station Road, Surat, Gujarat - 395009",249791407712,QAZPT6199B,09-03-2003
Pooja Rao,poojarao718@hotmail.com,9217124356,"House No. 401, 12th Floor, A Wing, Main Road, Kanpur, Uttar Pradesh - 208017",453695255876,PGKPR0781X,19-12-1964
Dinesh Patel,dineshpat768@icloud.com,9646126149,"Villa 344, 15th Floor, B Wing, Station Road, Patna, Bihar - 800007",827564439095,CUTPP5663A,13-07-1965
Sunita Shah,sunita.shah50@yahoo.com,8164078704,"Flat 105, 12th Floor, Block F, Circular Road, Kochi, Kerala - 682007",573965272959,XRMPS7770K,06-05-1992
Tanvi D'Souza,tanvid's831@gmail.com,6299699154,"Villa 5, 1th Floor, Block F, Link Road, Thiruvananthapuram, Kerala - 695012",531326893746,AFCPD3688J,17-10-1966
Gaurav Gaekwad,gaurav.gaekwad62@gmail.com,8251956176,"House No. 80, 4th Floor, Block F, Circular Road, Kolkata, West Bengal - 700087",728587063022,RYWPG2933L,22-11-1972
Vijay Kulkarni,vijaykul609@gmail.com,7596472684,"Villa 142, 11th Floor, C Wing, Circular Road, Chandigarh, Chandigarh - 160034",272831018508,RBRPK7564L,17-04-1962
Dev Gomes,dev.gomes15@gmail.com,6088679744,"Flat 302, 4th Floor, D Wing, Bypass Road, Chandigarh, Chandigarh - 160044",836465333477,IXSPG6337S,08-04-1973
Ayaans Bajaj,ayaans.bajaj56@yahoo.com,8023743873,"Flat 166, 3th Floor, A Wing, Park Street, Ahmedabad, Gujarat - 380021",250472609796,FTCPB4597O,12-03-1981
Geeta Roy,geeta.roy3@icloud.com,6747366539,"Plot No. 269, 8th Floor, C Wing, Circular Road, Jaipur, Rajasthan - 302034",771319844496,CNHPR9525P,07-07-1982
Suresh Chavan,suresh.chavan62@outlook.com,6238487756,"Villa 171, 6th Floor, D Wing, Main Road, Nagpur, Maharashtra - 440006",429000590545,XDOPC3658L,06-07-1985
Diya Das,diya.das94@icloud.com,8424627123,"House No. 481, 15th Floor, A Wing, Bypass Road, Patna, Bihar - 800008",733535975980,SMZPD2821T,08-03-1996
Aarav D'Souza,aaravd's600@outlook.com,7737630977,"House No. 445, 7th Floor, D Wing, Bypass Road, Hyderabad, Telangana - 500075",297978550044,LVBPD7296F,10-06-1962
Aanya Verma,aanya.verma57@icloud.com,9527825463,"Plot No. 344, 2th Floor, Block F, Circular Road, Mumbai, Maharashtra - 400043",871177539872,IZUPV5819Z,19-04-2001
Diya Fernandes,diyafer411@gmail.com,8538053659,"Villa 268, 4th Floor, Block E, Circular Road, Chandigarh, Chandigarh - 160026",270513069672,CYEPF8156R,27-09-1981
Rekha Verma,rekhaver985@icloud.com,7798214924,"Villa 53, 8th Floor, B Wing, MG Road, Nagpur, Maharashtra - 440015",839085830684,VQGPV6816O,10-07-1974
Rohan Gomes,rohan.gomes51@hotmail.com,9775595735,"Flat 164, 12th Floor, Block F, Ring Road, Ahmedabad, Gujarat - 380007",925040258988,CAUPG8558O,27-07-1973
Amit Choudhury,amitcho398@outlook.com,7080241041,"Villa 377, 15th Floor, C Wing, Main Road, Kolkata, West Bengal - 700016",366081611556,NCHPC4047V,19-12-1991
Advait Gupta,advaitgup443@icloud.com,6892270699,"Villa 159, 10th Floor, C Wing, Main Road, Pune, Maharashtra - 411060",765803638364,PEFPG4558X,22-09-1968
Mahesh Gupta,mahesh.gupta68@yahoo.com,8244966390,"Flat 134, 6th Floor, B Wing, MG Road, Pune, Maharashtra - 411047",688672514096,DXOPG0998O,28-11-1978
Reyansh Gaekwad,reyanshgae613@gmail.com,9881303846,"House No. 282, 2th Floor, C Wing, MG Road, Patna, Bihar - 800004",364546625731,ELHPG6127M,27-11-2004
Rekha Rao,rekharao905@icloud.com,9947450809,"Villa 62, 8th Floor, B Wing, Main Road, Kochi, Kerala - 682040",357160426144,OCNPR5044Y,26-05-1969
Sandeep Patel,sandeep.patel56@outlook.com,9945419137,"Plot No. 305, 9th Floor, D Wing, Bypass Road, Thiruvananthapuram, Kerala - 695003",409383739652,JFPPP6074V,11-11-1970
Aditi Shetty,aditishe103@yahoo.com,6353425556,"House No. 419, 7th Floor, Block F, Link Road, Nagpur, Maharashtra - 440013",338415510954,EULPS2750L,23-01-1996
Vijay Fernandes,vijay.fernandes82@gmail.com,6727126334,"House No. 337, 10th Floor, B Wing, Ring Road, Pune, Maharashtra - 411045",332672733262,OOXPF6746T,13-02-1990
Naresh Fernandes,nareshfer749@outlook.com,9749294499,"House No. 214, 8th Floor, C Wing, Ring Road, Coimbatore, Tamil Nadu - 641005",466849053667,UQGPF2031M,27-01-1971
Rahul Nair,rahulnai711@gmail.com,7403883331,"Flat 263, 1th Floor, A Wing, Bypass Road, Surat, Gujarat - 395011",848023628019,HQQPN9531D,22-09-1991
Riya Agarwal,riya.agarwal86@yahoo.com,8734159106,"Villa 434, 3th Floor, B Wing, Bypass Road, Kanpur, Uttar Pradesh - 208001",704602622478,UTEPA2518W,18-02-1973
Meena Khanna,meenakha445@gmail.com,7108401579,"Flat 203, 3th Floor, Block F, Station Road, Bhubaneswar, Odisha - 751016",299752686650,RGNPK8168Z,16-09-1974
Ishaan Banerjee,ishaan.banerjee6@hotmail.com,6871439039,"House No. 14, 15th Floor, A Wing, Circular Road, Mumbai, Maharashtra - 400078",826070247485,UOTPB8889F,30-08-1965
Vikram Reddy,vikramred645@gmail.com,7293229725,"Flat 152, 10th Floor, Block F, Main Road, Delhi, Delhi - 110005",675431886459,IORPR0079F,09-03-1984
Meena Mehta,meena.mehta52@hotmail.com,9555045838,"Flat 7, 14th Floor, Block F, Ring Road, Chandigarh, Chandigarh - 160040",909903172113,YLSPM8043G,19-03-1981
Ishaan Yash,ishaanyas694@hotmail.com,6101460193,"House No. 4, 14th Floor, D Wing, Link Road, Coimbatore, Tamil Nadu - 641021",460931642663,HDMPY1408E,26-01-1977
Krishna Sharma,krishna.sharma9@hotmail.com,8574051995,"Flat 307, 15th Floor, Block F, MG Road, Mumbai, Maharashtra - 400071",256735263595,CPZPS6352I,25-10-1969
Priya Khanna,priyakha821@yahoo.com,9106656024,"House No. 188, 15th Floor, D Wing, Ring Road, Bhubaneswar, Odisha - 751006",941490571753,EEWPK7997W,18-03-1991
Kiara Rao,kiara.rao16@outlook.com,9831715111,"Plot No. 60, 3th Floor, C Wing, Park Street, Delhi, Delhi - 110021",746731371741,SAVPR6695J,25-06-1988
Kabir Gomes,kabir.gomes46@hotmail.com,8011761706,"Flat 59, 2th Floor, Block F, Link Road, Bengaluru, Karnataka - 560027",938318172035,PSMPG5640A,16-09-1965
Arjun Arora,arjunaro397@yahoo.com,6782411643,"House No. 156, 11th Floor, Block F, Station Road, Delhi, Delhi - 110089",347546624822,HBUPA6421Z,09-02-1967
Meena Fernandes,meenafer156@yahoo.com,6592346652,"Plot No. 218, 5th Floor, C Wing, Main Road, Nagpur, Maharashtra - 440032",516495060541,DWGPF7134U,25-02-1998
Priya Malhotra,priya.malhotra14@gmail.com,9869576018,"Flat 141, 2th Floor, Block F, Circular Road, Kochi, Kerala - 682015",647473343597,HNYPM9701V,08-04-1998
Naresh Agarwal,naresh.agarwal47@yahoo.com,6750409370,"Plot No. 319, 7th Floor, Block E, Ring Road, Nagpur, Maharashtra - 440008",609529055095,PSEPA8184O,02-10-1973
Rajesh Rao,rajesh.rao65@gmail.com,8161195406,"Flat 262, 9th Floor, Block F, MG Road, Chennai, Tamil Nadu - 600125",883112179592,REYPR2331F,18-07-1989
Rajesh Gaekwad,rajesh.gaekwad64@yahoo.com,8616271413,"Villa 335, 12th Floor, D Wing, Main Road, Delhi, Delhi - 110023",435737421420,TIFPG0793P,29-05-1983
Ishaan Sen,ishaansen566@gmail.com,7505925309,"Villa 254, 10th Floor, Block F, Main Road, Kolkata, West Bengal - 700092",842737957238,XUDPS6129E,19-08-1967
Priya Das,priya.das14@gmail.com,7010753502,"Plot No. 489, 9th Floor, C Wing, Station Road, Delhi, Delhi - 110052",432223208738,YKWPD7094G,27-05-1969
Neha Chavan,nehacha461@icloud.com,7792131682,"Flat 265, 1th Floor, Block E, Main Road, Mysuru, Karnataka - 570013",915193178449,RRZPC3803O,19-12-1984
Asha Chawla,asha.chawla30@icloud.com,7704946245,"Flat 226, 14th Floor, D Wing, MG Road, Surat, Gujarat - 395005",253558823481,VDYPC8082S,04-11-1980
Satish Das,satishdas846@icloud.com,9798258753,"Plot No. 219, 13th Floor, C Wing, Station Road, Jaipur, Rajasthan - 302005",733070666706,GYHPD1191W,23-08-1998
Aadhya Nair,aadhya.nair76@outlook.com,7731340377,"Villa 5, 13th Floor, B Wing, Ring Road, Patna, Bihar - 800003",506189200458,EBPPN2162I,05-04-2000
Tanvi Iyer,tanviiye672@outlook.com,7255065299,"House No. 197, 13th Floor, D Wing, Station Road, Mumbai, Maharashtra - 400043",407209578903,KWWPI5081S,06-03-1997
Vijay Chawla,vijaycha429@hotmail.com,9817442054,"Plot No. 463, 2th Floor, C Wing, Circular Road, Pune, Maharashtra - 411060",874092016759,XTVPC3001H,06-02-1983
Aanya Mukherjee,aanya.mukherjee5@outlook.com,9709144654,"Flat 500, 1th Floor, A Wing, MG Road, Kochi, Kerala - 682017",600464549768,ZGJPM8752L,13-06-1996
Vivaan Banerjee,vivaanban719@yahoo.com,9625760138,"Villa 309, 6th Floor, Block F, Station Road, Pune, Maharashtra - 411045",381216525081,LSKPB9043D,05-05-1990
Vivaan Kulkarni,vivaankul362@gmail.com,8776310323,"Villa 206, 8th Floor, A Wing, Link Road, Bengaluru, Karnataka - 560075",746168444696,JLYPK8924V,29-08-1987
Aanya Arora,aanya.arora70@yahoo.com,6372447929,"Flat 368, 14th Floor, C Wing, Park Street, Jaipur, Rajasthan - 302021",600946584639,EUXPA4887R,22-08-1961
Suresh Yash,sureshyas506@hotmail.com,8973780534,"Flat 289, 2th Floor, Block E, Ring Road, Mysuru, Karnataka - 570012",362897476766,WMYPY0919D,07-01-1977
Gaurav Reddy,gaurav.reddy49@outlook.com,6769708567,"Flat 14, 11th Floor, C Wing, Bypass Road, Surat, Gujarat - 395010",596704477714,BLZPR7702L,21-08-1961
Aanya Sen,aanyasen362@icloud.com,6998575256,"Plot No. 487, 15th Floor, C Wing, Park Street, Coimbatore, Tamil Nadu - 641032",755766335420,WKAPS9530V,23-04-2000
Kiara Chavan,kiara.chavan94@hotmail.com,9695887089,"Villa 419, 7th Floor, A Wing, Main Road, Delhi, Delhi - 110021",869802764482,UYTPC4350B,28-03-2003
Sunita Nair,sunitanai329@hotmail.com,9842471649,"Villa 99, 11th Floor, D Wing, Circular Road, Nagpur, Maharashtra - 440008",272592501691,LNTPN7807T,20-09-2005
Aryan Mehta,aryan.mehta7@hotmail.com,6334902374,"Villa 294, 14th Floor, Block F, Link Road, Hyderabad, Telangana - 500023",694180169599,DDUPM2946I,15-07-1963
Neha Singh,nehasin259@icloud.com,6465951120,"Flat 189, 10th Floor, D Wing, Bypass Road, Coimbatore, Tamil Nadu - 641015",894239438375,VXJPS2884M,27-09-1981
Ramesh Yadav,rameshyad413@icloud.com,6302772179,"Villa 82, 6th Floor, A Wing, Circular Road, Coimbatore, Tamil Nadu - 641005",732679924483,WOEPY6877S,01-08-1981
Harish Arora,harish.arora68@icloud.com,7867287747,"Flat 27, 5th Floor, A Wing, Ring Road, Thiruvananthapuram, Kerala - 695025",829696524157,HCVPA8020J,23-10-1961
Pooja Singh,pooja.singh91@gmail.com,7943370265,"Flat 150, 10th Floor, D Wing, Main Road, Jaipur, Rajasthan - 302034",750193531101,XKQPS4567H,21-03-1968
Sanjay Chavan,sanjaycha841@gmail.com,8931756073,"Flat 362, 15th Floor, Block F, Ring Road, Mumbai, Maharashtra - 400024",573397010149,FNFPC1892F,03-06-1983
Vihaan Sharma,vihaansha313@icloud.com,8496602514,"Flat 428, 5th Floor, D Wing, Station Road, Hyderabad, Telangana - 500044",380045015311,SKTPS6027M,03-02-1977
Riya Yash,riyayas721@hotmail.com,6548562575,"House No. 92, 5th Floor, D Wing, Park Street, Mumbai, Maharashtra - 400035",269486175418,FPYPY7114R,17-09-1968
Deepak Kumar,deepakkum121@gmail.com,8570826786,"Plot No. 139, 12th Floor, C Wing, Station Road, Surat, Gujarat - 395001",642942670880,WLBPK1513O,30-11-2005
Kavita Agarwal,kavitaaga622@outlook.com,6424169814,"Flat 228, 7th Floor, Block F, Station Road, Mysuru, Karnataka - 570028",900681436597,EVHPA9766X,26-05-1969
Kabir Das,kabir.das33@gmail.com,8007601751,"Flat 461, 8th Floor, D Wing, Park Street, Thiruvananthapuram, Kerala - 695001",484557618677,ZBNPD6721T,17-04-1974
Dhruv Khan,dhruv.khan98@yahoo.com,8309215272,"House No. 101, 7th Floor, D Wing, Park Street, Kolkata, West Bengal - 700125",289120599447,UYMPK9880C,28-10-1975
Diya Choudhury,diya.choudhury97@hotmail.com,7610880257,"Flat 436, 7th Floor, Block F, Link Road, Pune, Maharashtra - 411051",263703559591,KDMPC7616W,30-01-1997
Ayaans Sheikh,ayaans.sheikh52@outlook.com,9025368732,"House No. 92, 6th Floor, C Wing, Circular Road, Pune, Maharashtra - 411040",280694097873,URPPS1834D,06-01-1965
Kabir Malhotra,kabirmal498@outlook.com,8393004603,"Villa 1, 12th Floor, Block E, Ring Road, Surat, Gujarat - 395011",264937590447,TBUPM5830I,26-02-2002
Vihaan Iyer,vihaan.iyer63@icloud.com,9645130050,"Plot No. 469, 8th Floor, C Wing, Park Street, Bengaluru, Karnataka - 560080",938808427406,FQFPI8507F,26-11-1990
Karan Mishra,karanmis479@yahoo.com,6550135247,"Villa 284, 9th Floor, D Wing, Circular Road, Nagpur, Maharashtra - 440006",251391841805,XCJPM1200P,04-03-1983
Advait Chatterjee,advaitcha169@outlook.com,7327692689,"Villa 116, 9th Floor, D Wing, Main Road, Bhubaneswar, Odisha - 751009",292523906056,GNZPC0712J,16-01-1971
Rahul Chavan,rahul.chavan27@icloud.com,7581936694,"Plot No. 107, 7th Floor, C Wing, Main Road, Coimbatore, Tamil Nadu - 641028",345945681508,SKDPC4631R,02-03-2000
Suresh Hegde,suresh.hegde30@yahoo.com,7042333883,"Villa 3, 13th Floor, B Wing, Circular Road, Bengaluru, Karnataka - 560085",292704004386,MNQPH4707U,16-09-1973
Rajesh Gupta,rajeshgup575@outlook.com,9636805373,"House No. 104, 4th Floor, A Wing, Ring Road, Kochi, Kerala - 682004",219982477075,DQWPG6210S,26-06-2005
Geeta Shah,geeta.shah52@hotmail.com,9896006688,"Villa 302, 1th Floor, C Wing, Link Road, Nagpur, Maharashtra - 440011",728465806817,TEFPS4199Z,09-12-2000
Asha Sharma,asha.sharma28@gmail.com,7480985448,"Flat 484, 14th Floor, C Wing, Main Road, Jaipur, Rajasthan - 302036",546586726021,GCVPS8066X,26-03-1997
Tanvi Kumar,tanvikum691@hotmail.com,7087803782,"House No. 225, 2th Floor, B Wing, Bypass Road, Surat, Gujarat - 395012",904155781373,WCJPK2175M,03-05-1972
Anjali Chavan,anjali.chavan77@icloud.com,7178273059,"Villa 70, 1th Floor, Block E, Park Street, Chandigarh, Chandigarh - 160043",278464015774,NMEPC1997Q,27-05-1988
Meena Choudhury,meenacho423@outlook.com,7458667292,"Flat 238, 3th Floor, B Wing, Bypass Road, Bhubaneswar, Odisha - 751020",994060154138,FOWPC3868Q,13-08-1979
Priya Kapoor,priyakap954@icloud.com,7254686296,"Flat 117, 6th Floor, D Wing, Circular Road, Kanpur, Uttar Pradesh - 208003",948084371492,NEPPK3506B,09-09-1964
Reyansh Iyengar,reyanshiye982@outlook.com,6961490910,"Flat 221, 7th Floor, C Wing, Circular Road, Pune, Maharashtra - 411039",654300178462,UXPPI4205F,17-09-1971
Dev Arora,devaro684@icloud.com,7073216656,"Flat 24, 12th Floor, D Wing, MG Road, Bhubaneswar, Odisha - 751029",811713402500,NIFPA2764H,27-10-1987
Aditi Yash,aditiyas446@yahoo.com,8053477411,"House No. 261, 6th Floor, Block F, Circular Road, Kanpur, Uttar Pradesh - 208001",588755987592,BIXPY1552Z,10-10-1974
Vikram Kumar,vikram.kumar13@hotmail.com,7297744433,"Plot No. 177, 11th Floor, D Wing, Bypass Road, Mysuru, Karnataka - 570019",940477246497,EZZPK8341S,29-11-1960
Geeta Kulkarni,geetakul122@gmail.com,8429829931,"Plot No. 68, 2th Floor, B Wing, Link Road, Lucknow, Uttar Pradesh - 226021",858597024891,AKUPK5799S,13-12-1967
Gaurav Agarwal,gauravaga334@outlook.com,9512343440,"Flat 213, 14th Floor, Block F, Main Road, Jaipur, Rajasthan - 302002",339594357845,TAXPA7312Q,02-09-1974
Reyansh Malhotra,reyanshmal286@hotmail.com,7181544788,"Villa 326, 8th Floor, A Wing, Ring Road, Bhubaneswar, Odisha - 751007",250709506263,FOMPM2432N,10-01-1990
Rekha Iyengar,rekha.iyengar1@hotmail.com,8707893798,"Plot No. 84, 12th Floor, Block F, Main Road, Chandigarh, Chandigarh - 160048",836918454419,RVHPI8579E,08-11-1974
Anita Iyengar,anitaiye118@gmail.com,8159952747,"Flat 185, 11th Floor, C Wing, Main Road, Thiruvananthapuram, Kerala - 695032",531793134756,CTNPI1765U,15-07-1964
Aryan Pillai,aryan.pillai3@gmail.com,9864995870,"Flat 326, 3th Floor, C Wing, Main Road, Mumbai, Maharashtra - 400045",263190537693,FXRPP7927J,10-07-1994
Rudra Patel,rudrapat792@icloud.com,8311524387,"Flat 228, 6th Floor, D Wing, Main Road, Mysuru, Karnataka - 570028",344494199645,VSYPP6243R,07-12-1984
Aarav Sheikh,aaravshe885@hotmail.com,6573685070,"Flat 459, 9th Floor, B Wing, Circular Road, Surat, Gujarat - 395011",310318672075,SDIPS4566C,14-08-1996
Anita Yadav,anita.yadav59@hotmail.com,8043401026,"Villa 194, 12th Floor, C Wing, Ring Road, Kolkata, West Bengal - 700088",766573297741,YBKPY0685T,19-11-1961
Ayaans Pandey,ayaanspan726@outlook.com,7147061653,"Flat 165, 4th Floor, C Wing, Link Road, Jaipur, Rajasthan - 302015",278162930961,LBPPP1066D,23-08-1995
Kabir Mishra,kabir.mishra56@hotmail.com,8117977963,"Plot No. 212, 8th Floor, A Wing, Bypass Road, Bengaluru, Karnataka - 560077",287496122983,AQVPM7884W,31-01-2002
Rekha Sheikh,rekhashe616@yahoo.com,7759686862,"House No. 481, 12th Floor, B Wing, MG Road, Jaipur, Rajasthan - 302017",297154759501,ZGYPS3672X,18-11-1967
Arjun Das,arjun.das49@hotmail.com,8082824649,"House No. 231, 2th Floor, D Wing, Circular Road, Bengaluru, Karnataka - 560083",294231596378,CZHPD1915D,28-12-2005
Reyansh Thakur,reyansh.thakur31@hotmail.com,6479046449,"Plot No. 350, 13th Floor, Block E, Station Road, Delhi, Delhi - 110008",719394278911,TVFPT6890A,26-11-2004
Meena Grover,meena.grover7@hotmail.com,8416661177,"Plot No. 84, 1th Floor, D Wing, Ring Road, Mysuru, Karnataka - 570027",280585824049,UPPPG9572J,09-08-1960
Diya Mishra,diya.mishra8@yahoo.com,9175989622,"Plot No. 325, 15th Floor, D Wing, Bypass Road, Ahmedabad, Gujarat - 380040",619495832519,SBCPM0263G,15-07-1983
Pranav Iyengar,pranav.iyengar57@hotmail.com,8942682395,"House No. 356, 5th Floor, C Wing, Link Road, Kolkata, West Bengal - 700068",338011557694,YDVPI5139R,09-07-1992
Sandeep Pandey,sandeep.pandey21@yahoo.com,7973175252,"Plot No. 121, 5th Floor, Block F, Link Road, Hyderabad, Telangana - 500019",339579656280,PGHPP5006W,28-03-1983
Arnav Agarwal,arnav.agarwal42@icloud.com,8078286255,"House No. 296, 4th Floor, Block F, Ring Road, Kochi, Kerala - 682029",262587360805,LREPA2623W,02-06-1967
Geeta Deshmukh,geetades165@gmail.com,7270341477,"Villa 109, 12th Floor, D Wing, Station Road, Surat, Gujarat - 395007",579987080538,FRSPD8122U,03-01-1980
Rajesh Choudhury,rajeshcho965@yahoo.com,9445125622,"House No. 402, 5th Floor, D Wing, Park Street, Mysuru, Karnataka - 570001",629961380718,VMBPC6993T,05-08-1983
Dev Singh,dev.singh5@hotmail.com,7921629860,"House No. 249, 9th Floor, C Wing, Ring Road, Ahmedabad, Gujarat - 380045",303630569562,KUBPS9694C,29-07-1972
Amit Das,amit.das22@icloud.com,9081107149,"Villa 14, 4th Floor, D Wing, MG Road, Chennai, Tamil Nadu - 600053",788444372132,NZWPD7763R,24-01-1980
Reyansh Thakur,reyansh.thakur76@gmail.com,8384309797,"Plot No. 91, 2th Floor, Block E, Station Road, Surat, Gujarat - 395007",218747291311,FMLPT9746A,27-06-1979
Sai Iyer,sai.iyer88@yahoo.com,9817042327,"Flat 447, 2th Floor, Block E, Circular Road, Surat, Gujarat - 395009",406304165272,MCRPI9109L,16-03-1980
Saanvi Gupta,saanvi.gupta3@gmail.com,8136223801,"Villa 489, 1th Floor, B Wing, MG Road, Coimbatore, Tamil Nadu - 641043",394014696136,BOPPG2720U,30-04-1985
Gaurav Kumar,gauravkum664@gmail.com,7533350162,"Plot No. 499, 2th Floor, A Wing, Park Street, Kanpur, Uttar Pradesh - 208005",661730515133,VEAPK9673B,10-06-1973
Shruti Sharma,shrutisha195@yahoo.com,9653390363,"Villa 143, 4th Floor, B Wing, Station Road, Kochi, Kerala - 682024",780008416267,LBCPS4683U,18-11-1970
Anjali Rao,anjali.rao47@gmail.com,8558464201,"Flat 72, 4th Floor, B Wing, MG Road, Kochi, Kerala - 682007",365198890609,DPYPR5075D,28-06-1974
Rajesh Deshmukh,rajeshdes921@gmail.com,9162284396,"Villa 402, 3th Floor, A Wing, Link Road, Kolkata, West Bengal - 700109",248710365347,MYJPD1442X,28-01-2002
Ishaan Grover,ishaan.grover75@hotmail.com,6459550800,"Flat 219, 12th Floor, Block E, Circular Road, Mysuru, Karnataka - 570021",673564272943,NUCPG0909Q,23-04-1974
Pooja Das,poojadas219@outlook.com,8702360741,"Villa 7, 3th Floor, B Wing, Circular Road, Chandigarh, Chandigarh - 160020",455313417622,RASPD5417L,09-11-1983
Diya Nair,diya.nair50@yahoo.com,8848281739,"Villa 317, 11th Floor, A Wing, MG Road, Coimbatore, Tamil Nadu - 641014",496561206464,XNPPN6478L,22-04-1994
Diya Choudhury,diya.choudhury7@icloud.com,6439992570,"House No. 264, 7th Floor, A Wing, MG Road, Bhubaneswar, Odisha - 751019",485514382552,AHFPC8659D,17-12-1970
Prakash Gupta,prakash.gupta45@yahoo.com,8306730830,"Plot No. 10, 2th Floor, Block F, Bypass Road, Hyderabad, Telangana - 500072",976921910507,DSOPG0957J,02-07-1987
Yash Thakur,yash.thakur36@gmail.com,8387673843,"Plot No. 382, 13th Floor, C Wing, Bypass Road, Bengaluru, Karnataka - 560099",969597929626,HFWPT7324H,15-11-2003
Advait Shah,advait.shah87@icloud.com,8665141343,"Villa 266, 11th Floor, B Wing, Link Road, Mumbai, Maharashtra - 400058",968160519170,FVIPS2363O,17-06-1982
Amit Deshmukh,amit.deshmukh32@icloud.com,6843413571,"House No. 212, 2th Floor, A Wing, Station Road, Kanpur, Uttar Pradesh - 208024",676207347873,XLJPD1455Z,17-06-1997
Aditi Kulkarni,aditikul767@gmail.com,8926637008,"Plot No. 115, 9th Floor, B Wing, MG Road, Kochi, Kerala - 682039",348578165608,QBVPK4189B,26-08-1971
Kriti Banerjee,kriti.banerjee52@yahoo.com,9173460873,"House No. 41, 5th Floor, Block E, Main Road, Kanpur, Uttar Pradesh - 208027",381372293804,KAUPB3083I,16-01-1970
Aanya Rao,aanya.rao37@hotmail.com,9386813372,"Flat 286, 2th Floor, C Wing, Circular Road, Chennai, Tamil Nadu - 600125",592588302136,PCNPR0338J,09-07-1966
Ramesh Yash,ramesh.yash67@hotmail.com,9490726488,"Plot No. 356, 1th Floor, B Wing, Station Road, Nagpur, Maharashtra - 440001",878128837939,URKPY9308E,28-06-1976
Rekha Khanna,rekhakha380@hotmail.com,7953698232,"House No. 324, 5th Floor, Block E, Bypass Road, Pune, Maharashtra - 411029",315623067801,VSIPK6701I,13-12-1966
Ayaans Khan,ayaans.khan1@outlook.com,7083624874,"Villa 96, 4th Floor, D Wing, Bypass Road, Kochi, Kerala - 682022",373277606395,UCWPK3689S,01-06-1964
Meena Sen,meenasen398@gmail.com,8366337561,"Plot No. 114, 6th Floor, D Wing, Ring Road, Kochi, Kerala - 682018",978592945836,CRVPS8374J,28-11-1974
Om Yash,om.yash80@hotmail.com,8450256702,"House No. 317, 6th Floor, Block E, Station Road, Bengaluru, Karnataka - 560062",810376329403,ZQXPY0437I,29-01-1968
Kiara Shetty,kiarashe109@icloud.com,8510861997,"House No. 320, 13th Floor, B Wing, Station Road, Mumbai, Maharashtra - 400064",529402759425,BCMPS5755K,05-08-2002
Tanvi D'Souza,tanvi.d'souza49@yahoo.com,6705605573,"Plot No. 60, 1th Floor, Block E, Bypass Road, Kochi, Kerala - 682041",206616153176,MAZPD2445M,16-07-2001
Aadhya Fernandes,aadhyafer318@yahoo.com,9575546068,"House No. 214, 1th Floor, C Wing, Main Road, Coimbatore, Tamil Nadu - 641018",588249969660,RWZPF1875Q,01-04-1963
Kriti Nair,kriti.nair38@gmail.com,8874512619,"Flat 444, 3th Floor, B Wing, Main Road, Hyderabad, Telangana - 500058",294431213455,OTTPN9007F,27-09-1990
Anita Roy,anita.roy97@icloud.com,6636578371,"Flat 146, 2th Floor, B Wing, Bypass Road, Kolkata, West Bengal - 700028",977679593224,TMPPR3719N,25-04-2002
Karan Choudhury,karan.choudhury58@icloud.com,8540289443,"House No. 194, 14th Floor, Block E, Ring Road, Thiruvananthapuram, Kerala - 695034",894136674886,QTSPC6908Y,19-12-2002
Satish Shetty,satish.shetty30@icloud.com,7590949044,"Plot No. 96, 8th Floor, A Wing, Ring Road, Delhi, Delhi - 110060",454452786109,KIOPS2874B,10-12-2000
Karan Joshi,karanjos725@gmail.com,9037828035,"Flat 347, 15th Floor, A Wing, Circular Road, Kanpur, Uttar Pradesh - 208017",977075013993,ZTUPJ2567T,23-11-2002
Tanvi Agarwal,tanvi.agarwal87@hotmail.com,9718626678,"Villa 462, 4th Floor, B Wing, Bypass Road, Kanpur, Uttar Pradesh - 208003",581303262498,NJAPA9466L,31-10-1984
Mahesh Kulkarni,maheshkul330@hotmail.com,8349541217,"Flat 464, 9th Floor, Block F, MG Road, Lucknow, Uttar Pradesh - 226006",328934828009,FALPK3650J,03-11-1991
Anita D'Souza,anita.d'souza55@icloud.com,6192331524,"Flat 476, 6th Floor, Block F, Ring Road, Mumbai, Maharashtra - 400035",784276861277,XSXPD3333K,08-02-1999
Aditi Iyengar,aditiiye664@outlook.com,8766162950,"Flat 8, 4th Floor, A Wing, Park Street, Kanpur, Uttar Pradesh - 208010",373265234655,JNXPI1203Y,27-02-1985
Geeta Deshmukh,geetades546@outlook.com,6198928914,"House No. 174, 15th Floor, Block F, Park Street, Coimbatore, Tamil Nadu - 641022",456286078138,JWOPD5134Y,22-11-1963
Preeti Grover,preetigro190@icloud.com,6582405546,"House No. 31, 7th Floor, Block E, MG Road, Kolkata, West Bengal - 700020",811959737253,ZAHPG1584M,03-10-1987
Vikram Yash,vikram.yash77@outlook.com,8400923195,"Villa 125, 1th Floor, C Wing, Main Road, Pune, Maharashtra - 411031",203432926205,VLYPY5562Q,19-01-1987
Dinesh Sen,dinesh.sen50@outlook.com,7939943109,"Plot No. 391, 8th Floor, Block E, Ring Road, Kolkata, West Bengal - 700021",480957283978,GAVPS1898N,02-06-1992
Satish Banerjee,satishban952@hotmail.com,8625670327,"Villa 183, 9th Floor, D Wing, Circular Road, Bengaluru, Karnataka - 560069",298020752046,ZSBPB7439A,15-10-1995
Pooja Gomes,pooja.gomes33@hotmail.com,6244407319,"Flat 62, 2th Floor, B Wing, MG Road, Chandigarh, Chandigarh - 160022",567291694261,UYMPG6647C,14-08-1962
Mahesh Bajaj,maheshbaj454@yahoo.com,8652083130,"Villa 41, 11th Floor, Block E, Main Road, Mumbai, Maharashtra - 400010",415290074166,WWIPB3086A,16-08-1986
Aryan Khan,aryankha198@hotmail.com,7324644710,"Villa 32, 7th Floor, D Wing, Main Road, Lucknow, Uttar Pradesh - 226002",978892141810,BOFPK9084P,03-03-1964
Krishna Khanna,krishnakha162@outlook.com,8765857579,"House No. 205, 11th Floor, D Wing, Circular Road, Mumbai, Maharashtra - 400029",679109999378,JRWPK6523Y,09-11-1963
Ashok Sharma,ashok.sharma37@outlook.com,8304982070,"House No. 202, 13th Floor, D Wing, Circular Road, Mumbai, Maharashtra - 400004",747539641638,EKCPS1723B,07-04-1977
Yash Fernandes,yashfer586@yahoo.com,7308048088,"Flat 55, 3th Floor, C Wing, MG Road, Kanpur, Uttar Pradesh - 208023",643065772112,ODWPF6810S,01-07-1968
Suman Hegde,suman.hegde55@yahoo.com,8267371107,"Villa 270, 11th Floor, D Wing, Park Street, Mumbai, Maharashtra - 400051",841473594689,KGUPH7425F,26-06-1988
Suman Kulkarni,sumankul696@icloud.com,9395166032,"Villa 379, 14th Floor, A Wing, Station Road, Hyderabad, Telangana - 500085",609507151996,XVUPK3230U,16-07-1987
Mahesh Gaekwad,maheshgae834@icloud.com,6159533841,"Flat 223, 3th Floor, Block E, Station Road, Lucknow, Uttar Pradesh - 226005",766030980518,GIGPG4936H,11-11-1988
Lata D'Souza,lata.d'souza8@icloud.com,8724416762,"Villa 382, 5th Floor, B Wing, MG Road, Bengaluru, Karnataka - 560103",847429326834,QPAPD9295D,26-09-1997
Diya Khan,diyakha141@icloud.com,8482627733,"Plot No. 267, 2th Floor, B Wing, Ring Road, Bengaluru, Karnataka - 560024",863404197447,NKWPK2246T,26-12-1995
Satish Choudhury,satish.choudhury98@gmail.com,6751713528,"Plot No. 329, 8th Floor, A Wing, Circular Road, Ahmedabad, Gujarat - 380021",205745807664,ROQPC4138V,27-05-1982
Shaurya Patel,shaurya.patel59@hotmail.com,7594822452,"Flat 199, 14th Floor, A Wing, Main Road, Ahmedabad, Gujarat - 380053",734176546141,DUYPP9101J,28-06-2001
Sanjay Sheikh,sanjay.sheikh83@gmail.com,8844801277,"Villa 251, 12th Floor, A Wing, Circular Road, Nagpur, Maharashtra - 440009",885390917447,SIAPS8030Z,09-05-1974
Diya Sheikh,diyashe982@hotmail.com,6996584029,"Villa 129, 6th Floor, B Wing, Bypass Road, Hyderabad, Telangana - 500060",787280238656,FNBPS0805S,22-04-1962
Shaurya D'Souza,shaurya.d'souza99@icloud.com,7005378286,"House No. 403, 12th Floor, Block F, Link Road, Kochi, Kerala - 682031",230710816922,GWSPD7662D,10-11-1992
Anjali Singh,anjali.singh45@gmail.com,9027292942,"House No. 171, 9th Floor, B Wing, Park Street, Thiruvananthapuram, Kerala - 695027",463898749559,CBTPS2335L,25-03-2005
Yash Deshmukh,yashdes765@yahoo.com,9389161905,"Villa 188, 4th Floor, A Wing, Link Road, Surat, Gujarat - 395009",814990941679,KUVPD2027T,29-07-2005
Saanvi Chatterjee,saanvi.chatterjee43@outlook.com,6728458487,"Plot No. 22, 14th Floor, A Wing, Link Road, Delhi, Delhi - 110076",828865807200,RUVPC0570C,26-08-2004
Kriti Mehta,kriti.mehta98@outlook.com,7555680846,"Flat 1, 2th Floor, C Wing, Station Road, Patna, Bihar - 800024",436242494700,ELDPM9067E,28-08-1987
Anjali Agarwal,anjaliaga736@outlook.com,9248774763,"House No. 171, 8th Floor, B Wing, MG Road, Pune, Maharashtra - 411044",300634741804,YEBPA2230K,08-10-2002
Yash Deshmukh,yash.deshmukh32@yahoo.com,9657555258,"Plot No. 482, 7th Floor, Block E, Circular Road, Kanpur, Uttar Pradesh - 208018",266487826487,DHBPD0025L,07-06-1983
Anita Khanna,anita.khanna34@outlook.com,8798529484,"Flat 147, 14th Floor, A Wing, Park Street, Ahmedabad, Gujarat - 380030",705633706951,CQDPK9613R,21-07-1999
Gaurav Khanna,gauravkha433@icloud.com,7298133241,"Villa 434, 15th Floor, D Wing, Station Road, Patna, Bihar - 800022",380167743604,RTAPK9859E,04-05-1999
Saanvi Trivedi,saanvitri687@outlook.com,8934768893,"Flat 201, 11th Floor, Block F, Station Road, Kochi, Kerala - 682027",976458084319,NUKPT2179X,03-04-1963
Ananya Das,ananya.das25@gmail.com,8574028459,"Villa 217, 10th Floor, C Wing, Circular Road, Kolkata, West Bengal - 700138",326813078373,DZQPD3594D,06-05-1975
Priya Yash,priya.yash96@outlook.com,7258024557,"Villa 92, 13th Floor, Block F, Ring Road, Nagpur, Maharashtra - 440007",635149286327,WBEPY3174U,27-12-1962
Atharva D'Souza,atharva.d'souza96@gmail.com,9634433460,"House No. 126, 12th Floor, C Wing, Bypass Road, Chennai, Tamil Nadu - 600097",616298702521,LXXPD1435D,07-08-2002
Atharva Khanna,atharva.khanna26@hotmail.com,8485260235,"Villa 79, 15th Floor, B Wing, Park Street, Ahmedabad, Gujarat - 380042",255306113900,ILUPK8927L,24-10-1974
Rohan Chatterjee,rohancha603@gmail.com,9833555638,"Flat 270, 13th Floor, B Wing, Park Street, Kolkata, West Bengal - 700143",599748698005,WLPPC3380O,14-04-1971
Anita Malhotra,anita.malhotra50@gmail.com,8475017505,"Villa 178, 13th Floor, C Wing, MG Road, Kanpur, Uttar Pradesh - 208022",858697223242,BIHPM0063W,30-09-1965
Krishna Gupta,krishna.gupta55@icloud.com,9359114202,"Flat 69, 14th Floor, B Wing, Main Road, Thiruvananthapuram, Kerala - 695026",486140245422,IXTPG2243A,03-05-1973
Vikram Bajaj,vikram.bajaj17@gmail.com,7278928243,"Villa 291, 2th Floor, Block F, Main Road, Surat, Gujarat - 395001",732956176294,XWQPB4676J,09-01-1965
Ashok Yash,ashokyas569@icloud.com,7614083070,"Villa 126, 15th Floor, B Wing, Bypass Road, Patna, Bihar - 800002",227315672617,XYGPY6292J,26-10-1988
Vijay Sheikh,vijay.sheikh61@hotmail.com,7438214629,"House No. 83, 9th Floor, B Wing, Main Road, Chennai, Tamil Nadu - 600043",338522359062,PVAPS9401I,07-11-1986
Reyansh Reddy,reyansh.reddy40@outlook.com,8567089393,"Plot No. 213, 15th Floor, B Wing, Main Road, Kolkata, West Bengal - 700009",574153583387,QUSPR5919A,14-07-1990
Neha Yash,nehayas754@outlook.com,9595082572,"House No. 8, 1th Floor, D Wing, MG Road, Hyderabad, Telangana - 500024",818694846747,XUYPY5291I,24-05-1982
Gaurav Khanna,gauravkha142@icloud.com,7270252541,"Flat 457, 13th Floor, C Wing, Circular Road, Bengaluru, Karnataka - 560096",824126676809,IBXPK5964P,06-03-1963
Neha Shah,nehasha274@outlook.com,7206543261,"Plot No. 445, 1th Floor, Block F, Main Road, Ahmedabad, Gujarat - 380015",915243109156,RHUPS0953X,31-12-1966
Rudra Reddy,rudrared855@hotmail.com,9478706764,"Villa 322, 15th Floor, B Wing, MG Road, Ahmedabad, Gujarat - 380011",907810101244,QYAPR5694E,26-05-1969
Ishaan Chawla,ishaan.chawla66@hotmail.com,6449100723,"House No. 16, 5th Floor, Block E, Main Road, Nagpur, Maharashtra - 440019",264041210704,VGCPC0550G,28-11-1967
Gaurav Yadav,gauravyad566@icloud.com,6660675141,"House No. 177, 15th Floor, A Wing, Circular Road, Delhi, Delhi - 110067",809514277021,KYHPY8611K,17-12-1970
Shaurya Joshi,shaurya.joshi91@hotmail.com,8359341061,"Flat 324, 5th Floor, Block F, Ring Road, Kanpur, Uttar Pradesh - 208011",455310737122,AOEPJ5084K,11-11-1975
Tanvi Verma,tanviver547@gmail.com,7533601099,"Flat 427, 14th Floor, Block E, Station Road, Bhubaneswar, Odisha - 751008",600998129719,EVWPV2887J,24-11-1966
Aditya Thakur,adityatha737@yahoo.com,8345026642,"Villa 321, 10th Floor, D Wing, Bypass Road, Chandigarh, Chandigarh - 160032",681105129272,IGAPT6777T,14-12-1980
Rajesh Deshmukh,rajeshdes168@gmail.com,6824089351,"Flat 182, 8th Floor, Block E, Link Road, Hyderabad, Telangana - 500025",282366162017,ESZPD5126U,28-12-1995
Sai Grover,sai.grover72@hotmail.com,6084039092,"Villa 111, 13th Floor, D Wing, MG Road, Chandigarh, Chandigarh - 160042",833399506667,NAZPG5508U,18-05-1962
Diya Choudhury,diya.choudhury7@icloud.com,6692509805,"Plot No. 160, 13th Floor, A Wing, Park Street, Kolkata, West Bengal - 700111",324361605029,UYSPC9076C,22-07-1970
Naresh Pillai,naresh.pillai95@outlook.com,9784903217,"Flat 499, 2th Floor, D Wing, Bypass Road, Jaipur, Rajasthan - 302018",955004375315,OLUPP2295B,25-03-1982
Sunita Gupta,sunitagup160@yahoo.com,9486756753,"Plot No. 128, 5th Floor, Block F, Ring Road, Surat, Gujarat - 395002",639270812078,BYWPG0378C,10-03-1960
Ishaan Sharma,ishaan.sharma32@yahoo.com,7416099097,"Plot No. 59, 15th Floor, D Wing, Bypass Road, Kolkata, West Bengal - 700126",390764449043,ZSJPS6162E,25-02-1975
Preeti Bajaj,preeti.bajaj57@yahoo.com,8402602846,"House No. 463, 2th Floor, Block F, Circular Road, Kolkata, West Bengal - 700085",888649933974,LGTPB1802H,18-05-1986
Asha Hegde,asha.hegde11@outlook.com,7736090857,"Villa 309, 5th Floor, D Wing, Bypass Road, Surat, Gujarat - 395004",518342900249,FUPPH8523J,03-11-1995
Aanya Das,aanyadas214@hotmail.com,9089601066,"Villa 258, 11th Floor, B Wing, Park Street, Surat, Gujarat - 395009",456582938540,UVJPD4503S,31-10-1995
Om D'Souza,om.d'souza26@outlook.com,6449860296,"House No. 352, 9th Floor, Block F, Main Road, Surat, Gujarat - 395004",353070791904,WQWPD7860C,13-03-1992
Sai Fernandes,saifer344@outlook.com,6298294541,"House No. 399, 8th Floor, Block E, Station Road, Kochi, Kerala - 682014",674250743820,GTLPF0078N,15-02-2000
Rekha Choudhury,rekha.choudhury43@gmail.com,8760367336,"House No. 498, 5th Floor, D Wing, Park Street, Nagpur, Maharashtra - 440018",351632956614,QYZPC2436J,07-09-1990
Reyansh Kulkarni,reyanshkul812@hotmail.com,9730614601,"Plot No. 393, 2th Floor, Block E, Bypass Road, Chandigarh, Chandigarh - 160059",600092568359,UNEPK7838P,05-11-2002
Suresh Roy,suresh.roy43@outlook.com,8714513740,"House No. 215, 14th Floor, C Wing, Bypass Road, Mysuru, Karnataka - 570018",729367562754,KVIPR0349U,08-10-2005
Neha Malik,nehamal735@outlook.com,7642209470,"Plot No. 254, 14th Floor, D Wing, Circular Road, Surat, Gujarat - 395005",590187692704,HQRPM5287C,08-09-1991
Satish Mishra,satish.mishra35@outlook.com,9385442402,"Plot No. 420, 15th Floor, Block E, MG Road, Patna, Bihar - 800025",668869890876,GIVPM2724O,30-09-2001
Krishna Pillai,krishna.pillai45@hotmail.com,9815616217,"Villa 433, 2th Floor, B Wing, Ring Road, Coimbatore, Tamil Nadu - 641025",514031916661,NFJPP6988X,20-09-1998
Suresh Rao,suresh.rao23@gmail.com,8792247686,"Villa 53, 7th Floor, D Wing, Station Road, Jaipur, Rajasthan - 302003",689579257852,GKEPR9800Z,18-12-1976
Shruti Yash,shruti.yash9@yahoo.com,8542471155,"House No. 486, 2th Floor, Block E, Station Road, Kochi, Kerala - 682012",717190706776,VTGPY1316J,21-01-1988
Neha Khan,neha.khan26@yahoo.com,8503533210,"Plot No. 486, 5th Floor, Block F, Bypass Road, Bengaluru, Karnataka - 560021",959149995977,BHDPK7056R,20-04-1971
Sandeep Khan,sandeepkha142@gmail.com,7545636798,"Villa 257, 7th Floor, B Wing, Bypass Road, Kochi, Kerala - 682015",644981063267,YGSPK2060I,12-08-1972
Shruti Iyengar,shruti.iyengar79@icloud.com,6924743506,"Villa 278, 15th Floor, B Wing, MG Road, Patna, Bihar - 800022",587211203829,TQGPI9901L,25-03-1960
Sandeep Kapoor,sandeep.kapoor45@outlook.com,9806803040,"Plot No. 446, 7th Floor, Block E, MG Road, Mumbai, Maharashtra - 400042",331433605743,FDXPK1154S,26-10-1989
Atharva Sheikh,atharvashe709@gmail.com,6913641765,"Flat 466, 14th Floor, C Wing, Park Street, Bhubaneswar, Odisha - 751005",560901680115,VGXPS6096J,10-11-1978
Tanvi Sen,tanvisen770@outlook.com,7200960153,"Flat 184, 4th Floor, B Wing, Circular Road, Surat, Gujarat - 395004",824888804970,INIPS8555D,16-04-1996
Rahul Reddy,rahulred132@outlook.com,8119353910,"Flat 356, 7th Floor, D Wing, Ring Road, Hyderabad, Telangana - 500066",909521858680,IWGPR9429A,07-12-1962
Harish Grover,harishgro701@yahoo.com,8783980370,"Villa 106, 13th Floor, A Wing, Link Road, Coimbatore, Tamil Nadu - 641029",258869485307,IQOPG8134A,26-04-1991
Shaurya Chatterjee,shaurya.chatterjee2@outlook.com,7617000485,"Flat 371, 14th Floor, Block F, Link Road, Ahmedabad, Gujarat - 380047",548109452553,WSMPC2556C,12-05-1984
Anjali Nair,anjali.nair20@icloud.com,6093215294,"Villa 57, 2th Floor, A Wing, Park Street, Bengaluru, Karnataka - 560064",524096526121,MZNPN9481W,31-05-1965
Aarav Singh,aarav.singh9@yahoo.com,6167965567,"House No. 281, 12th Floor, Block F, Main Road, Hyderabad, Telangana - 500024",884143446228,AXPPS4905G,21-12-2005
Vihaan Choudhury,vihaancho476@gmail.com,7816836257,"Flat 14, 12th Floor, Block E, Ring Road, Chandigarh, Chandigarh - 160028",474105915798,XXCPC5551R,28-12-1987
Harsh Thakur,harshtha737@hotmail.com,7522173284,"Villa 475, 11th Floor, Block F, Link Road, Mysuru, Karnataka - 570009",220291726513,XIEPT0457Q,23-12-1969
Neha Nair,neha.nair38@outlook.com,8303024130,"Flat 108, 2th Floor, C Wing, Bypass Road, Mumbai, Maharashtra - 400015",642143778055,VTEPN2770V,20-05-1971
Meena Kumar,meenakum676@hotmail.com,9998725696,"Flat 109, 6th Floor, A Wing, Ring Road, Ahmedabad, Gujarat - 380005",849967276339,NQAPK0711T,11-05-1985
Dinesh Das,dinesh.das7@outlook.com,6112704225,"House No. 121, 11th Floor, Block F, Link Road, Bhubaneswar, Odisha - 751024",581433161669,VPJPD4697B,04-10-2003
Ishaan Pillai,ishaanpil926@icloud.com,6115787239,"House No. 254, 2th Floor, C Wing, Circular Road, Pune, Maharashtra - 411059",802642362458,RXJPP6937C,22-03-1985
Preeti Khanna,preeti.khanna71@hotmail.com,8711784440,"Villa 423, 5th Floor, Block E, Park Street, Pune, Maharashtra - 411010",444379366604,JRYPK6711R,27-10-1966
Geeta Singh,geetasin857@hotmail.com,7477496784,"Villa 459, 4th Floor, Block F, Main Road, Kolkata, West Bengal - 700033",388156754135,IUYPS5579O,06-09-1962
Suman Malik,suman.malik93@gmail.com,8553001731,"House No. 242, 3th Floor, C Wing, Link Road, Delhi, Delhi - 110014",329856724055,KZUPM2517P,25-11-1985
Ashok Bose,ashokbos259@hotmail.com,7437428220,"Flat 141, 2th Floor, A Wing, Bypass Road, Chennai, Tamil Nadu - 600033",696072652014,QONPB0967H,25-05-1999
Diya Sen,diya.sen5@gmail.com,6956932050,"Plot No. 22, 7th Floor, Block E, Bypass Road, Kanpur, Uttar Pradesh - 208024",358844523649,ICDPS0020R,01-09-1993
Mahesh Rao,maheshrao404@gmail.com,7321517519,"House No. 456, 10th Floor, D Wing, MG Road, Lucknow, Uttar Pradesh - 226016",786531434220,PBJPR3107O,08-02-1975
Diya Iyengar,diyaiye359@icloud.com,7674286017,"Villa 342, 14th Floor, Block E, Ring Road, Lucknow, Uttar Pradesh - 226029",588011130529,EGQPI3522G,04-10-2001
Dinesh Choudhury,dinesh.choudhury6@outlook.com,9324489684,"Plot No. 433, 2th Floor, Block F, Link Road, Kanpur, Uttar Pradesh - 208002",816554279339,SPBPC2146C,02-08-1994
Diya Mukherjee,diya.mukherjee61@hotmail.com,9544190437,"House No. 317, 11th Floor, D Wing, Ring Road, Jaipur, Rajasthan - 302003",250356237246,VIYPM5604R,20-01-1992
Aadhya Joshi,aadhyajos132@hotmail.com,9322679111,"Plot No. 59, 3th Floor, C Wing, Link Road, Chandigarh, Chandigarh - 160049",929169422292,LHRPJ4187K,02-12-2002
Rajesh Joshi,rajesh.joshi63@hotmail.com,7458836607,"House No. 121, 11th Floor, C Wing, MG Road, Bhubaneswar, Odisha - 751018",537836159266,QMMPJ8080P,14-02-1993
Kavita Choudhury,kavita.choudhury31@gmail.com,7750936047,"House No. 287, 1th Floor, B Wing, Main Road, Mumbai, Maharashtra - 400080",914213747279,HSFPC2689I,27-05-1989
Pooja Reddy,pooja.reddy64@hotmail.com,7698324072,"Plot No. 314, 9th Floor, A Wing, Bypass Road, Kochi, Kerala - 682006",380980988040,TGHPR6272I,08-02-1987
Aditya Iyer,adityaiye468@icloud.com,7673272221,"House No. 75, 6th Floor, A Wing, Station Road, Surat, Gujarat - 395006",899329745116,KWYPI1608M,25-07-1975
Shruti Ansari,shrutians330@yahoo.com,9057529664,"Flat 263, 2th Floor, B Wing, Link Road, Chandigarh, Chandigarh - 160021",272391918465,LBYPA6369W,17-08-2005
Dev Singh,devsin855@hotmail.com,8999196697,"House No. 71, 4th Floor, D Wing, Park Street, Lucknow, Uttar Pradesh - 226002",699514370434,EJTPS1626G,25-09-1970
Dinesh Deshmukh,dinesh.deshmukh61@outlook.com,7212421973,"Flat 470, 4th Floor, C Wing, Ring Road, Kochi, Kerala - 682006",517510295838,KAQPD3327D,10-03-1962
Tanvi Das,tanvidas189@yahoo.com,9343171916,"Plot No. 134, 8th Floor, Block F, Station Road, Hyderabad, Telangana - 500026",743382541768,SEWPD2068E,07-11-1982
Dev Agarwal,devaga277@icloud.com,8718691981,"House No. 190, 5th Floor, Block E, Main Road, Kanpur, Uttar Pradesh - 208024",345365133861,ZHNPA7461N,05-01-1969
Meena Sharma,meenasha346@yahoo.com,6736712747,"Plot No. 494, 4th Floor, A Wing, Link Road, Mumbai, Maharashtra - 400054",378940697296,OEBPS4186F,12-07-1977
Arjun Kapoor,arjunkap760@hotmail.com,9586474019,"Plot No. 177, 4th Floor, A Wing, Ring Road, Mysuru, Karnataka - 570021",750461614384,BHTPK7267K,29-03-1985
Yash Kulkarni,yashkul747@gmail.com,6425095636,"Plot No. 331, 6th Floor, B Wing, Link Road, Pune, Maharashtra - 411014",513299678343,LRWPK5991T,23-07-2001
Preeti Hegde,preetiheg470@icloud.com,7254376366,"Villa 50, 2th Floor, D Wing, Station Road, Chennai, Tamil Nadu - 600129",853595539450,NVSPH8958Y,11-07-1971
Pooja Gomes,poojagom900@gmail.com,7855417939,"House No. 44, 5th Floor, Block E, Station Road, Ahmedabad, Gujarat - 380059",621544096762,JERPG5740J,10-01-1962
Sandeep Reddy,sandeep.reddy96@hotmail.com,7547663077,"Villa 165, 2th Floor, Block F, MG Road, Bhubaneswar, Odisha - 751026",265194072346,DLXPR0411P,22-06-1964
Harish Iyengar,harish.iyengar73@yahoo.com,8139002950,"Plot No. 226, 5th Floor, Block F, Ring Road, Nagpur, Maharashtra - 440006",499055523783,WTAPI4975P,13-04-1986
Karan Roy,karanroy390@yahoo.com,7333884651,"Flat 107, 12th Floor, C Wing, Main Road, Bhubaneswar, Odisha - 751030",282413016064,VXIPR9035U,22-10-1981
Shruti Pillai,shruti.pillai63@hotmail.com,8307182182,"Flat 453, 7th Floor, Block F, Main Road, Nagpur, Maharashtra - 440025",431867811080,EHRPP8369V,12-01-2003
Aarav Agarwal,aaravaga916@outlook.com,8356441193,"Villa 356, 3th Floor, Block E, Bypass Road, Kolkata, West Bengal - 700075",599624023849,EBHPA1759C,12-06-1983
Arnav Sharma,arnav.sharma78@gmail.com,8728693953,"Flat 13, 7th Floor, Block F, Ring Road, Bhubaneswar, Odisha - 751021",533827653480,FWJPS9668T,14-05-1975
Priya Khan,priya.khan47@icloud.com,6101544484,"House No. 3, 8th Floor, C Wing, MG Road, Chandigarh, Chandigarh - 160055",718703221775,TTBPK2549Q,18-08-1981
Reyansh Verma,reyansh.verma27@yahoo.com,6372810297,"Villa 168, 6th Floor, A Wing, Link Road, Chennai, Tamil Nadu - 600088",837007963302,FLDPV7666R,20-08-1975
Shaurya Reddy,shaurya.reddy63@outlook.com,7345958295,"Plot No. 204, 3th Floor, A Wing, Link Road, Lucknow, Uttar Pradesh - 226030",790994414753,YONPR3782L,13-06-1997
Shruti Agarwal,shrutiaga656@hotmail.com,9669557705,"Villa 442, 6th Floor, A Wing, Bypass Road, Bengaluru, Karnataka - 560072",999645115905,TEKPA6870J,12-11-1974
Meena Trivedi,meenatri611@icloud.com,6804660638,"Plot No. 17, 12th Floor, C Wing, Station Road, Chennai, Tamil Nadu - 600130",827502092252,DFYPT3802S,09-04-1985
Pooja Bajaj,pooja.bajaj49@yahoo.com,8148749715,"Plot No. 142, 6th Floor, Block E, Main Road, Bengaluru, Karnataka - 560017",733584999916,SLHPB5952E,24-06-2002
Arnav Joshi,arnav.joshi17@gmail.com,6749731114,"House No. 108, 7th Floor, A Wing, Station Road, Patna, Bihar - 800014",250459619740,AWLPJ9758G,25-06-1983
Shruti Bose,shruti.bose77@outlook.com,8208418286,"Flat 427, 8th Floor, Block E, Ring Road, Surat, Gujarat - 395005",455054151909,GOLPB7707Z,03-01-1994
Ananya Grover,ananyagro786@hotmail.com,6351284836,"Plot No. 302, 14th Floor, C Wing, Link Road, Patna, Bihar - 800011",970699226915,MSVPG4906A,23-12-1975
Dinesh Shetty,dinesh.shetty16@gmail.com,8120945969,"Villa 106, 12th Floor, C Wing, Park Street, Bengaluru, Karnataka - 560043",585633759849,WCHPS8787A,19-02-1970
Satish Joshi,satish.joshi81@gmail.com,9952331432,"Villa 7, 11th Floor, D Wing, Station Road, Delhi, Delhi - 110011",478796338790,QXCPJ3220Q,17-09-1972
Rudra Kumar,rudra.kumar40@outlook.com,8197881649,"Flat 412, 13th Floor, A Wing, Park Street, Kolkata, West Bengal - 700122",459900284224,YDPPK0183U,01-08-1968
Priya Gaekwad,priya.gaekwad64@outlook.com,7057925173,"Plot No. 267, 2th Floor, B Wing, Bypass Road, Hyderabad, Telangana - 500032",420152979685,JMFPG1167A,20-10-1964
Kavita Reddy,kavita.reddy6@icloud.com,8076645362,"Flat 388, 12th Floor, B Wing, Circular Road, Bhubaneswar, Odisha - 751005",211344968950,SESPR1848S,07-01-1983
Harsh Chatterjee,harshcha384@icloud.com,7547204744,"Flat 230, 14th Floor, C Wing, Bypass Road, Mysuru, Karnataka - 570022",594904651444,JNWPC5748C,26-03-1986
Karan Reddy,karanred820@icloud.com,8650893043,"Plot No. 80, 2th Floor, B Wing, Station Road, Nagpur, Maharashtra - 440031",569975483937,PPEPR7154E,23-08-1974
Sneha Pillai,sneha.pillai22@outlook.com,7412472237,"Villa 153, 15th Floor, A Wing, Ring Road, Mysuru, Karnataka - 570002",737006323998,VURPP7733L,16-04-1974
Saanvi Sharma,saanvisha642@yahoo.com,8582632189,"Flat 373, 1th Floor, Block E, Circular Road, Delhi, Delhi - 110048",381199428178,HJEPS0643G,19-08-1988
Dev Shah,devsha292@outlook.com,6972040932,"Plot No. 397, 4th Floor, Block F, MG Road, Ahmedabad, Gujarat - 380010",291731633243,AVQPS7244P,06-02-2005
Priya Sheikh,priya.sheikh95@gmail.com,6257989691,"Plot No. 436, 2th Floor, Block E, Link Road, Pune, Maharashtra - 411010",924495207699,UCLPS2831C,01-08-2001
Dinesh Fernandes,dineshfer209@hotmail.com,8018005440,"Villa 200, 1th Floor, A Wing, Link Road, Mysuru, Karnataka - 570015",516257510003,MNYPF8574H,05-08-2002
Priya Khan,priyakha754@gmail.com,8816302129,"House No. 99, 7th Floor, B Wing, Ring Road, Nagpur, Maharashtra - 440035",451129803102,MEHPK7050M,05-10-2000
Shruti Khan,shruti.khan93@yahoo.com,7925465476,"Villa 309, 2th Floor, C Wing, Circular Road, Hyderabad, Telangana - 500010",790365354237,FINPK6762F,21-09-1996
Suresh Roy,suresh.roy10@hotmail.com,8552242059,"House No. 188, 5th Floor, Block E, Ring Road, Kanpur, Uttar Pradesh - 208009",264371960348,TPHPR1160D,21-03-1991
Deepak Choudhury,deepak.choudhury31@icloud.com,6154240150,"Villa 313, 13th Floor, A Wing, Bypass Road, Delhi, Delhi - 110028",288358558364,KIUPC8759O,05-05-2003
Pooja Iyer,pooja.iyer45@outlook.com,8368275684,"Plot No. 32, 13th Floor, Block F, Ring Road, Bhubaneswar, Odisha - 751016",872530815808,MOQPI9451D,16-12-1979
Kiara Banerjee,kiara.banerjee53@hotmail.com,9523710029,"House No. 163, 2th Floor, Block E, Ring Road, Kolkata, West Bengal - 700099",770532093613,VUAPB1446I,20-09-1969
Suresh Reddy,suresh.reddy91@icloud.com,6367580693,"Plot No. 21, 2th Floor, A Wing, Ring Road, Mysuru, Karnataka - 570023",330370971846,OSBPR8773P,23-05-1979
Krishna Hegde,krishna.hegde74@yahoo.com,9460100697,"Flat 1, 10th Floor, Block F, Ring Road, Chandigarh, Chandigarh - 160035",218325661806,DAQPH5370A,27-10-2004
Sai Verma,sai.verma13@gmail.com,6268390510,"Flat 376, 7th Floor, Block E, Main Road, Bengaluru, Karnataka - 560010",691067698710,DJTPV4116H,06-02-1976
Ayaans Chawla,ayaanscha214@icloud.com,8295861672,"Villa 11, 14th Floor, B Wing, Circular Road, Bengaluru, Karnataka - 560009",649655024218,VZEPC5480K,10-11-2001
Yash Kapoor,yash.kapoor43@gmail.com,8263352317,"Villa 255, 2th Floor, Block F, Main Road, Surat, Gujarat - 395005",402061392031,YQNPK7674J,01-01-1975
Dhruv Fernandes,dhruvfer667@gmail.com,7900496309,"Villa 444, 8th Floor, D Wing, Link Road, Lucknow, Uttar Pradesh - 226014",802964991047,DNJPF9545U,17-01-2005
Pooja Yadav,poojayad452@hotmail.com,6371534278,"House No. 267, 15th Floor, D Wing, Main Road, Bhubaneswar, Odisha - 751007",427665484274,YTYPY4645U,06-09-1984
Sai Shah,sai.shah94@gmail.com,6436659453,"House No. 111, 3th Floor, B Wing, Park Street, Thiruvananthapuram, Kerala - 695036",733566822896,LYPPS5492V,22-06-1960
Sanjay Bajaj,sanjay.bajaj79@icloud.com,7761915770,"Flat 59, 15th Floor, A Wing, Circular Road, Bengaluru, Karnataka - 560040",362315394281,DLRPB7650S,04-10-1965
Deepak Shah,deepak.shah77@hotmail.com,8792151098,"Flat 330, 10th Floor, C Wing, Park Street, Nagpur, Maharashtra - 440004",500277320656,SJEPS7638A,14-07-1975
Deepak Shah,deepaksha929@hotmail.com,7114310753,"Villa 41, 5th Floor, A Wing, Park Street, Patna, Bihar - 800017",464293064614,GQXPS3816P,15-12-1986
Pranav Bajaj,pranavbaj953@outlook.com,6584743894,"House No. 408, 9th Floor, Block E, Ring Road, Chandigarh, Chandigarh - 160038",445979898224,KLWPB4042D,29-11-1961
Vihaan Pillai,vihaan.pillai39@icloud.com,6778545390,"Villa 197, 15th Floor, B Wing, Bypass Road, Kolkata, West Bengal - 700113",433953002553,TKVPP2563O,26-09-2003
Amit Nair,amitnai261@outlook.com,9013111751,"House No. 187, 9th Floor, B Wing, Bypass Road, Chandigarh, Chandigarh - 160032",449215156944,HRPPN8717C,20-09-1980
Arnav Grover,arnav.grover78@yahoo.com,6548256273,"Plot No. 102, 11th Floor, B Wing, Station Road, Patna, Bihar - 800014",812099286878,JEVPG7751K,09-12-1979
Sunita Arora,sunitaaro148@icloud.com,8066991285,"Plot No. 290, 14th Floor, C Wing, Park Street, Lucknow, Uttar Pradesh - 226017",364933111568,KJAPA2621Q,14-09-1963
Sunita Thakur,sunitatha832@yahoo.com,7235185229,"Plot No. 205, 2th Floor, B Wing, MG Road, Nagpur, Maharashtra - 440028",939871484544,GAAPT7457X,03-11-2003
Ramesh Banerjee,ramesh.banerjee16@outlook.com,7163325336,"Plot No. 234, 12th Floor, C Wing, Ring Road, Coimbatore, Tamil Nadu - 641003",860702507666,BMSPB5085W,11-04-1973
Meena Joshi,meenajos625@icloud.com,8532647414,"Plot No. 8, 11th Floor, C Wing, Main Road, Nagpur, Maharashtra - 440012",884835960001,RVVPJ2087D,05-10-1994
Amit D'Souza,amit.d'souza71@gmail.com,9191899381,"Villa 449, 10th Floor, B Wing, Station Road, Patna, Bihar - 800018",850181757601,QBQPD6752E,30-11-1996
Atharva Mukherjee,atharva.mukherjee77@gmail.com,7816651773,"Flat 434, 10th Floor, D Wing, Park Street, Nagpur, Maharashtra - 440014",513527625593,PNVPM5118E,01-10-1988
Lata Yash,lata.yash55@outlook.com,6727154836,"House No. 148, 2th Floor, B Wing, Circular Road, Chennai, Tamil Nadu - 600024",233460749687,KOJPY4654W,10-09-1982
Ashok Iyengar,ashok.iyengar15@icloud.com,7125588774,"Plot No. 30, 4th Floor, A Wing, Circular Road, Pune, Maharashtra - 411058",334650865699,NWXPI3874J,01-01-2003
Mahesh Joshi,maheshjos188@yahoo.com,7834106572,"Villa 216, 14th Floor, D Wing, Circular Road, Patna, Bihar - 800024",820670393367,VPOPJ4410X,08-08-1982
Rohan Ansari,rohan.ansari61@gmail.com,6034093582,"Flat 471, 15th Floor, D Wing, Main Road, Chandigarh, Chandigarh - 160060",403106664651,QIPPA8879O,06-12-2005
Tanvi Bose,tanvibos734@outlook.com,9114917946,"Villa 302, 12th Floor, B Wing, Main Road, Nagpur, Maharashtra - 440004",710832786686,RVTPB9842A,15-11-1961
Vikram Patel,vikram.patel50@outlook.com,8241142076,"House No. 111, 6th Floor, B Wing, Park Street, Kolkata, West Bengal - 700025",776039610849,FYWPP9704Y,20-06-1988
Rahul D'Souza,rahul.d'souza55@icloud.com,7976762135,"Plot No. 207, 13th Floor, A Wing, Park Street, Ahmedabad, Gujarat - 380041",515383489953,CFBPD0859B,22-12-1987
Kabir Agarwal,kabiraga386@gmail.com,6364237331,"House No. 160, 2th Floor, C Wing, Ring Road, Coimbatore, Tamil Nadu - 641020",389762177942,UTFPA1017E,22-06-2004
Anjali Gomes,anjali.gomes99@yahoo.com,9507963132,"Flat 340, 14th Floor, Block F, Park Street, Delhi, Delhi - 110088",819651966271,ILPPG0658W,21-11-1998
Naresh Shetty,nareshshe552@icloud.com,9717121999,"Flat 253, 7th Floor, Block F, Ring Road, Coimbatore, Tamil Nadu - 641045",270022796244,KFOPS8430W,14-12-1960
Sanjay Malik,sanjaymal612@gmail.com,8659491868,"Villa 357, 5th Floor, Block E, Main Road, Ahmedabad, Gujarat - 380039",403922686870,UVGPM7557R,06-01-1993
Kriti Das,kriti.das62@hotmail.com,7464308132,"Plot No. 236, 6th Floor, A Wing, Park Street, Mysuru, Karnataka - 570006",322664350945,LXUPD7314Y,08-07-1973
Meena Shetty,meenashe927@outlook.com,9603828071,"House No. 131, 6th Floor, Block E, Bypass Road, Pune, Maharashtra - 411004",617939969793,VYZPS3933Q,22-07-1977
Rohan D'Souza,rohan.d'souza58@hotmail.com,9898258173,"Flat 467, 7th Floor, C Wing, Link Road, Thiruvananthapuram, Kerala - 695028",435079937873,XULPD2199Q,01-04-1962
Deepak D'Souza,deepak.d'souza33@icloud.com,7429950867,"House No. 210, 11th Floor, Block F, Bypass Road, Mysuru, Karnataka - 570024",481076777867,VWHPD9718C,27-01-1964
Harsh Khanna,harsh.khanna74@hotmail.com,7053740624,"Flat 29, 12th Floor, B Wing, Main Road, Mysuru, Karnataka - 570013",448773651884,YTDPK9866C,21-12-1978
Aryan Ansari,aryanans509@yahoo.com,9247639857,"Villa 339, 12th Floor, Block E, Circular Road, Mysuru, Karnataka - 570026",207284385800,STZPA9866V,13-06-1974
Anjali Khanna,anjalikha434@gmail.com,6487359754,"Plot No. 121, 7th Floor, C Wing, Bypass Road, Hyderabad, Telangana - 500037",307799772222,WNJPK6153H,23-01-1963
Vihaan Iyengar,vihaaniye239@hotmail.com,6769769380,"Plot No. 184, 4th Floor, Block E, Bypass Road, Surat, Gujarat - 395002",216812075000,MTYPI9155Q,28-01-1991
Sanjay Ansari,sanjayans985@yahoo.com,8556523221,"Plot No. 144, 13th Floor, A Wing, Main Road, Ahmedabad, Gujarat - 380048",717699330381,KNSPA5907A,01-05-1991
Lata Malik,lata.malik48@gmail.com,9112874081,"House No. 13, 11th Floor, D Wing, Main Road, Nagpur, Maharashtra - 440030",414528789999,MEQPM9302R,27-09-1985
Sai Sen,sai.sen19@gmail.com,8608319126,"Plot No. 382, 9th Floor, Block E, Bypass Road, Pune, Maharashtra - 411017",749818440938,NLJPS7192P,12-08-1964
Sandeep Trivedi,sandeeptri413@icloud.com,6566230056,"Plot No. 140, 11th Floor, D Wing, Station Road, Mumbai, Maharashtra - 400075",701235066566,BLAPT5908L,05-06-1993
Suman Shetty,suman.shetty43@hotmail.com,9939194743,"Flat 361, 4th Floor, C Wing, Link Road, Jaipur, Rajasthan - 302010",396091027647,CYYPS4243F,28-03-1967
Saanvi Singh,saanvisin150@yahoo.com,9237738133,"House No. 51, 5th Floor, C Wing, Link Road, Mumbai, Maharashtra - 400079",578034633287,IUEPS5656R,25-03-1995
Geeta Yash,geeta.yash69@gmail.com,6058953815,"Flat 468, 2th Floor, C Wing, Park Street, Chandigarh, Chandigarh - 160040",585781807794,TXDPY4881L,29-03-1970
Shruti Chatterjee,shruticha194@icloud.com,8171006562,"Villa 275, 9th Floor, C Wing, Park Street, Lucknow, Uttar Pradesh - 226013",753637766599,LTTPC0234J,29-11-1971
Vikram Khan,vikramkha285@yahoo.com,9484918614,"House No. 281, 9th Floor, B Wing, Bypass Road, Lucknow, Uttar Pradesh - 226029",558053315131,VGLPK6117A,13-09-1974
Mahesh Fernandes,maheshfer292@outlook.com,9937223917,"Villa 286, 3th Floor, B Wing, Circular Road, Lucknow, Uttar Pradesh - 226003",784313574087,JOIPF0739P,03-08-1973
Kavita Nair,kavitanai455@hotmail.com,9799061834,"Plot No. 64, 2th Floor, Block E, MG Road, Delhi, Delhi - 110020",745519241528,NHJPN8401N,26-10-1967
Rekha Kumar,rekha.kumar84@hotmail.com,8453375201,"Flat 142, 7th Floor, Block F, Station Road, Kolkata, West Bengal - 700098",841573376840,XTCPK3417Q,04-03-1966
Vihaan Kapoor,vihaankap213@icloud.com,9145149514,"Plot No. 168, 9th Floor, B Wing, Ring Road, Bhubaneswar, Odisha - 751028",568072966180,RIHPK8816R,23-11-1987
Prakash Iyer,prakash.iyer60@yahoo.com,9046445030,"Flat 134, 6th Floor, Block F, Station Road, Mumbai, Maharashtra - 400049",281873300276,HWEPI7223Z,08-07-2004
Sanjay Shetty,sanjay.shetty79@outlook.com,7605904735,"House No. 85, 7th Floor, Block F, Circular Road, Coimbatore, Tamil Nadu - 641021",693053973451,GVVPS5996J,05-01-1973
Kavita Kumar,kavita.kumar82@hotmail.com,9274051431,"Flat 406, 2th Floor, Block E, Station Road, Lucknow, Uttar Pradesh - 226010",565640254260,BNEPK8922G,21-04-1983
Rahul Sen,rahulsen730@yahoo.com,8589225174,"House No. 306, 5th Floor, Block E, Ring Road, Chandigarh, Chandigarh - 160037",956551288956,GRGPS6766L,25-09-2000
Sai Mehta,sai.mehta11@gmail.com,6338753421,"House No. 423, 13th Floor, C Wing, Park Street, Ahmedabad, Gujarat - 380019",774988396838,WELPM2543B,02-04-1977
Dev Bajaj,devbaj277@gmail.com,6734660689,"House No. 498, 12th Floor, C Wing, Ring Road, Bhubaneswar, Odisha - 751026",357561080103,AFFPB1239K,07-08-1992
Krishna Patel,krishna.patel13@hotmail.com,7328541422,"House No. 322, 3th Floor, D Wing, Link Road, Kanpur, Uttar Pradesh - 208027",344537150451,TMPPP8778Q,22-11-1962
Aanya Grover,aanya.grover16@outlook.com,7268423263,"Plot No. 213, 10th Floor, Block F, MG Road, Surat, Gujarat - 395006",536931057197,HFGPG8154K,16-05-1990
Pranav Deshmukh,pranavdes547@yahoo.com,6235640930,"Villa 261, 10th Floor, A Wing, Circular Road, Patna, Bihar - 800020",278679699993,VQDPD9194R,12-04-2001
Anjali Roy,anjali.roy16@yahoo.com,6241551758,"House No. 461, 15th Floor, D Wing, Main Road, Lucknow, Uttar Pradesh - 226029",733270289966,NQNPR8584G,30-03-1966
Aadhya Roy,aadhyaroy160@hotmail.com,6494739654,"Flat 175, 6th Floor, D Wing, Ring Road, Coimbatore, Tamil Nadu - 641006",303027596088,SYKPR8697T,16-12-1976
Aditya D'Souza,aditya.d'souza39@yahoo.com,6494521258,"Villa 72, 11th Floor, A Wing, Station Road, Kanpur, Uttar Pradesh - 208002",240999151414,ALZPD0850V,08-02-1967
Priya Grover,priya.grover35@hotmail.com,9364122647,"Plot No. 353, 4th Floor, Block F, Link Road, Mysuru, Karnataka - 570011",653960424081,OJWPG4253S,25-11-1995
Prakash Khanna,prakash.khanna44@yahoo.com,6918812246,"Plot No. 453, 3th Floor, Block E, MG Road, Lucknow, Uttar Pradesh - 226004",902097909635,DVKPK9117K,16-02-1979
Priya Pillai,priya.pillai57@gmail.com,7797086043,"Plot No. 282, 8th Floor, B Wing, Circular Road, Jaipur, Rajasthan - 302031",571720153330,AGFPP5696I,05-12-1999
Sneha Singh,snehasin171@gmail.com,6968394842,"Villa 102, 2th Floor, C Wing, Park Street, Mysuru, Karnataka - 570014",509903491315,MUKPS3667C,02-08-1978
Anita Mukherjee,anitamuk436@gmail.com,8228232534,"House No. 422, 12th Floor, Block E, Ring Road, Kochi, Kerala - 682021",549657758335,FDVPM9706J,01-08-1960
Lata Banerjee,lataban300@gmail.com,8024478307,"Flat 205, 4th Floor, B Wing, Ring Road, Surat, Gujarat - 395001",234914105269,UMGPB6427E,26-08-1966
Rudra Rao,rudrarao391@yahoo.com,9687967467,"Villa 364, 4th Floor, A Wing, Station Road, Chennai, Tamil Nadu - 600099",533279882170,FUNPR7199M,29-04-1966
Shruti Malik,shrutimal196@icloud.com,6475616038,"Plot No. 500, 12th Floor, B Wing, Bypass Road, Ahmedabad, Gujarat - 380038",268228795614,YCYPM0966C,25-01-1993
Diya Kapoor,diyakap849@outlook.com,6885069030,"Villa 378, 14th Floor, Block F, Station Road, Hyderabad, Telangana - 500037",320273023859,KWDPK2920O,04-09-1973
Aryan Shah,aryan.shah6@yahoo.com,7398951113,"Villa 391, 12th Floor, D Wing, Main Road, Patna, Bihar - 800019",992787678236,AURPS4229Y,18-05-1994
Geeta Choudhury,geetacho361@outlook.com,8743062068,"Plot No. 415, 10th Floor, Block E, Station Road, Nagpur, Maharashtra - 440020",920298113008,IHUPC3914C,04-06-1970
Reyansh Bajaj,reyansh.bajaj82@hotmail.com,7050749504,"House No. 226, 2th Floor, Block E, Link Road, Ahmedabad, Gujarat - 380016",228441616936,ZFIPB0885D,20-05-1998
Vikram Iyer,vikramiye206@yahoo.com,6574103762,"Plot No. 308, 5th Floor, A Wing, Circular Road, Chennai, Tamil Nadu - 600107",458385163578,CZDPI6446N,23-11-2004
Riya Chavan,riya.chavan14@yahoo.com,6029158511,"Flat 469, 2th Floor, A Wing, Station Road, Thiruvananthapuram, Kerala - 695024",660235359682,QSAPC1408D,11-08-1972
Neha Choudhury,nehacho931@gmail.com,9660271689,"Plot No. 446, 8th Floor, Block E, Ring Road, Chennai, Tamil Nadu - 600119",381938347705,CAUPC4730U,30-09-1962
Rudra D'Souza,rudra.d'souza22@gmail.com,8824143044,"Villa 273, 11th Floor, Block E, Park Street, Ahmedabad, Gujarat - 380025",459634900197,NQXPD9334L,24-08-1960
Sai Trivedi,sai.trivedi14@icloud.com,7030766170,"Flat 199, 11th Floor, Block F, Bypass Road, Lucknow, Uttar Pradesh - 226023",664820987284,YQCPT8186S,11-04-1995
Pranav Mishra,pranavmis362@gmail.com,8724772139,"Villa 79, 1th Floor, Block F, Station Road, Kanpur, Uttar Pradesh - 208007",804941723190,COBPM6686H,14-04-1999
Pranav Nair,pranav.nair90@icloud.com,8840470571,"Plot No. 199, 6th Floor, D Wing, Park Street, Chennai, Tamil Nadu - 600107",365666715711,DEBPN7018W,02-08-1961
Dev Malhotra,devmal296@outlook.com,9926255257,"Plot No. 15, 12th Floor, Block F, Main Road, Kanpur, Uttar Pradesh - 208003",559848086186,VYVPM8304G,21-02-1985
Aryan Reddy,aryanred995@hotmail.com,7210133989,"Flat 144, 1th Floor, A Wing, Main Road, Coimbatore, Tamil Nadu - 641001",965849014056,KXAPR2578P,06-05-1963
Advait Kapoor,advaitkap157@yahoo.com,6463691991,"Villa 452, 5th Floor, Block E, Main Road, Kochi, Kerala - 682013",826961636771,OWOPK5296W,02-11-1986
Rudra Bajaj,rudrabaj201@outlook.com,9881412452,"Flat 186, 1th Floor, Block E, Ring Road, Jaipur, Rajasthan - 302031",750562448188,RVMPB7895A,05-02-1969
Sanjay Sheikh,sanjayshe305@icloud.com,6741420134,"Plot No. 109, 9th Floor, Block F, Link Road, Patna, Bihar - 800027",340462478635,OYFPS3627H,12-11-1980
Kabir Fernandes,kabirfer111@yahoo.com,8446843210,"Plot No. 491, 10th Floor, D Wing, Bypass Road, Patna, Bihar - 800011",377307909919,TUUPF8467N,11-02-1966
Preeti Verma,preeti.verma77@icloud.com,6356257621,"Flat 73, 9th Floor, A Wing, Circular Road, Pune, Maharashtra - 411047",995500044415,NYMPV3057F,29-07-2004
Sandeep Shetty,sandeep.shetty20@yahoo.com,9589283905,"Flat 61, 12th Floor, B Wing, Ring Road, Coimbatore, Tamil Nadu - 641030",807203248932,HUOPS7567P,23-04-1984
Deepak Roy,deepakroy309@yahoo.com,6484268988,"Villa 226, 6th Floor, D Wing, Park Street, Pune, Maharashtra - 411057",858578564519,FIEPR7934M,07-06-1971
Gaurav Joshi,gauravjos247@yahoo.com,7511877863,"Flat 141, 5th Floor, Block E, Ring Road, Delhi, Delhi - 110081",974763971031,QROPJ2779N,29-11-1964
Geeta Arora,geetaaro913@icloud.com,9420505784,"House No. 422, 2th Floor, D Wing, Main Road, Lucknow, Uttar Pradesh - 226006",665186515312,CJCPA3829Q,13-06-2003
Kabir Gomes,kabirgom776@icloud.com,8146601705,"Villa 238, 1th Floor, A Wing, Circular Road, Bhubaneswar, Odisha - 751008",722641246552,WVXPG9578O,21-07-1977
Karan Pillai,karan.pillai49@icloud.com,7271131800,"Plot No. 308, 9th Floor, A Wing, MG Road, Mysuru, Karnataka - 570003",675557734328,FHTPP1321R,16-08-1981
Kavita Roy,kavita.roy75@outlook.com,8980846987,"Villa 457, 6th Floor, Block E, Park Street, Coimbatore, Tamil Nadu - 641009",762713702446,TQIPR5989X,11-08-1962
Sai Roy,sairoy687@outlook.com,7062646588,"Villa 91, 5th Floor, C Wing, Park Street, Bhubaneswar, Odisha - 751019",831284209274,SHVPR9098C,05-03-1967
Aryan Iyer,aryaniye869@gmail.com,6285136840,"Flat 367, 7th Floor, Block F, Circular Road, Surat, Gujarat - 395005",437008777519,BYBPI3226A,08-09-2002
Priya Banerjee,priya.banerjee98@hotmail.com,7674846431,"House No. 72, 4th Floor, B Wing, Circular Road, Pune, Maharashtra - 411053",637673058582,CTNPB4599N,28-04-1973
Pranav Chatterjee,pranav.chatterjee27@gmail.com,8588983923,"Flat 137, 2th Floor, B Wing, Circular Road, Mumbai, Maharashtra - 400062",906707792445,JXPPC5971D,06-09-1980
Ishaan Sen,ishaansen919@icloud.com,7102426459,"Plot No. 495, 7th Floor, Block E, Park Street, Kanpur, Uttar Pradesh - 208008",783109035858,WPEPS6327L,03-02-1963
Rudra Gaekwad,rudragae720@yahoo.com,8210238728,"Villa 128, 7th Floor, D Wing, Park Street, Thiruvananthapuram, Kerala - 695002",906959901964,HXVPG3562G,25-11-1989
Ananya Patel,ananyapat982@gmail.com,6000822205,"House No. 22, 9th Floor, Block E, Main Road, Hyderabad, Telangana - 500017",760898046617,DACPP4782I,14-10-2001
Harsh Sheikh,harshshe887@gmail.com,7906650688,"Villa 368, 7th Floor, A Wing, Link Road, Kochi, Kerala - 682024",931603502450,MGEPS7052I,24-11-1967
Meena Malik,meenamal541@outlook.com,9676469142,"Flat 9, 1th Floor, A Wing, Station Road, Kochi, Kerala - 682020",574378471073,QZFPM3225X,03-01-1980
Sanjay Chavan,sanjay.chavan55@yahoo.com,7450154177,"Villa 276, 7th Floor, D Wing, Station Road, Lucknow, Uttar Pradesh - 226012",200059118624,PTYPC3933J,04-08-2005
Aanya Banerjee,aanyaban504@icloud.com,7155580087,"Plot No. 236, 6th Floor, A Wing, Main Road, Kolkata, West Bengal - 700128",383823708444,MRUPB5013U,11-11-1967
Neha Fernandes,nehafer973@gmail.com,7932645701,"House No. 118, 14th Floor, D Wing, MG Road, Chandigarh, Chandigarh - 160045",306536054971,FPSPF3108E,25-10-1994
Diya Khanna,diyakha579@outlook.com,6604186960,"Villa 207, 14th Floor, A Wing, Station Road, Patna, Bihar - 800012",489210758643,LRZPK3097K,10-01-1980
Rohan Bajaj,rohan.bajaj49@yahoo.com,9918617568,"Plot No. 462, 6th Floor, Block F, Park Street, Kanpur, Uttar Pradesh - 208007",842206992558,YHBPB0358B,08-04-2001
Sandeep Rao,sandeep.rao81@yahoo.com,6885348831,"House No. 226, 12th Floor, B Wing, Ring Road, Patna, Bihar - 800027",983407932818,CMVPR7177V,31-05-1968
Shaurya Sharma,shaurya.sharma29@outlook.com,9361745741,"Flat 258, 5th Floor, Block F, MG Road, Chandigarh, Chandigarh - 160057",200013302148,SAIPS0113Z,03-07-1974
Krishna Bose,krishna.bose85@icloud.com,9724437645,"Plot No. 219, 9th Floor, Block E, Station Road, Lucknow, Uttar Pradesh - 226003",783365974709,DJQPB7192W,04-05-1961
Harish Mishra,harishmis234@hotmail.com,9197896812,"Villa 350, 10th Floor, Block E, Station Road, Lucknow, Uttar Pradesh - 226013",899277086657,ZJRPM6597O,07-09-1988
Preeti Gaekwad,preeti.gaekwad56@hotmail.com,6750682337,"House No. 143, 8th Floor, C Wing, Station Road, Hyderabad, Telangana - 500029",467886570738,LIMPG0521O,06-11-1978
Pranav Singh,pranavsin103@outlook.com,7880229557,"House No. 29, 9th Floor, Block E, Main Road, Lucknow, Uttar Pradesh - 226020",907991906231,LXJPS3449C,22-02-2004
Aditi Deshmukh,aditides392@icloud.com,9117249859,"Plot No. 104, 7th Floor, C Wing, MG Road, Lucknow, Uttar Pradesh - 226008",616267240896,FRVPD7013E,23-01-1969
Sandeep Rao,sandeep.rao55@hotmail.com,9171045999,"Villa 415, 2th Floor, Block E, MG Road, Chennai, Tamil Nadu - 600012",421318960503,JMDPR1734C,14-04-2003
Sneha Joshi,snehajos955@outlook.com,8512335591,"Plot No. 382, 10th Floor, A Wing, Circular Road, Kanpur, Uttar Pradesh - 208026",863036338648,MKAPJ0744G,17-03-1989
Dhruv Das,dhruv.das84@gmail.com,9536470669,"Villa 249, 9th Floor, Block F, Station Road, Kanpur, Uttar Pradesh - 208026",541452448649,CVKPD3509A,26-10-1983
Rohan Bose,rohanbos953@icloud.com,6639294651,"Villa 44, 1th Floor, A Wing, Park Street, Coimbatore, Tamil Nadu - 641010",326438470981,SZFPB0509D,18-05-1994
Amit Pandey,amitpan774@yahoo.com,7593286571,"House No. 363, 5th Floor, Block E, Station Road, Bengaluru, Karnataka - 560089",483006238183,UTFPP4516P,04-01-1968
Dinesh Kulkarni,dineshkul798@icloud.com,6791172923,"Plot No. 290, 2th Floor, B Wing, Main Road, Hyderabad, Telangana - 500091",731535628724,LWUPK0409I,15-04-1969
Anjali Kulkarni,anjali.kulkarni86@hotmail.com,7182446821,"Villa 67, 10th Floor, D Wing, MG Road, Lucknow, Uttar Pradesh - 226007",586473223224,FNGPK7836Q,19-01-1967
Kiara Choudhury,kiara.choudhury33@gmail.com,9847590447,"Flat 227, 7th Floor, C Wing, Main Road, Ahmedabad, Gujarat - 380045",641057940652,YLGPC2932I,25-10-1986
Anjali Arora,anjali.arora69@yahoo.com,8508977547,"Flat 381, 6th Floor, Block F, Ring Road, Mysuru, Karnataka - 570023",266250162204,GVOPA7149J,12-09-2002
Diya Banerjee,diyaban698@yahoo.com,6528305682,"Flat 261, 3th Floor, A Wing, Ring Road, Pune, Maharashtra - 411056",298822092521,AUWPB9423U,30-12-1990
Pooja Gaekwad,pooja.gaekwad73@gmail.com,9929902510,"House No. 87, 8th Floor, Block E, Link Road, Mumbai, Maharashtra - 400087",779988359432,NZBPG3224B,25-05-1960
Preeti Chavan,preeticha112@yahoo.com,6715068524,"Plot No. 421, 10th Floor, B Wing, MG Road, Lucknow, Uttar Pradesh - 226001",715122866009,STWPC7494D,22-03-1969
Asha Pillai,ashapil163@yahoo.com,8873725901,"Villa 260, 5th Floor, Block E, Main Road, Mysuru, Karnataka - 570011",632978671542,ZXSPP5995Z,03-07-2003
Aanya Ansari,aanya.ansari39@hotmail.com,6719103533,"House No. 463, 6th Floor, Block E, Link Road, Lucknow, Uttar Pradesh - 226027",372340515588,UNNPA3143R,31-10-2001
Sai Roy,sai.roy15@gmail.com,6188959491,"Villa 167, 11th Floor, Block E, Circular Road, Patna, Bihar - 800005",373366648143,CGZPR7400W,30-04-1968
Vijay Kumar,vijay.kumar15@gmail.com,7244326549,"Flat 329, 10th Floor, D Wing, Circular Road, Surat, Gujarat - 395002",717915436980,UGIPK5948T,20-05-1978
Ananya Banerjee,ananya.banerjee79@outlook.com,6006956981,"House No. 97, 15th Floor, B Wing, Station Road, Patna, Bihar - 800018",879266403075,AKSPB9906I,05-11-1961
Satish Pillai,satish.pillai8@hotmail.com,6796510592,"Villa 169, 4th Floor, Block F, Ring Road, Mumbai, Maharashtra - 400070",694558393185,XNMPP5493I,20-06-2001
Harish Nair,harish.nair19@hotmail.com,6786320197,"House No. 12, 8th Floor, Block F, Station Road, Pune, Maharashtra - 411041",962325588119,UDFPN7761L,22-07-1968
Vijay Verma,vijayver980@outlook.com,7467600425,"Villa 162, 8th Floor, A Wing, Link Road, Patna, Bihar - 800015",744584795196,CISPV9014A,04-12-1961
Aditya Mukherjee,adityamuk418@icloud.com,7521653897,"Flat 235, 15th Floor, D Wing, Bypass Road, Coimbatore, Tamil Nadu - 641038",875244203157,SSPPM0658C,11-03-1969
Atharva Chatterjee,atharvacha914@hotmail.com,7635096801,"House No. 236, 2th Floor, D Wing, Bypass Road, Bhubaneswar, Odisha - 751005",439352601772,NKKPC8132Z,28-12-1998
Saanvi Shah,saanvi.shah43@outlook.com,6823320025,"Plot No. 425, 14th Floor, Block F, Bypass Road, Hyderabad, Telangana - 500006",940718533115,MJWPS8356F,02-05-2001
Dev Shah,devsha895@icloud.com,7364921529,"Plot No. 488, 9th Floor, D Wing, Station Road, Kanpur, Uttar Pradesh - 208009",863930322168,WZQPS0701Q,27-12-1973
Aanya Bajaj,aanya.bajaj43@outlook.com,7512188334,"Flat 241, 10th Floor, Block F, Station Road, Mumbai, Maharashtra - 400084",645576696253,NODPB1712B,20-06-1980
Aditi Sen,aditi.sen89@hotmail.com,9565923002,"House No. 67, 4th Floor, D Wing, Station Road, Chennai, Tamil Nadu - 600075",864333519997,UXFPS1115E,04-07-1974
Asha Yash,asha.yash2@icloud.com,6676420117,"Flat 40, 1th Floor, Block E, Station Road, Hyderabad, Telangana - 500010",246005204956,NRZPY6510G,23-02-1992
Rahul Chavan,rahul.chavan88@yahoo.com,7902532448,"Flat 252, 13th Floor, D Wing, Bypass Road, Thiruvananthapuram, Kerala - 695035",777654395928,SDIPC6312U,04-07-1986
Dev Grover,dev.grover31@outlook.com,6608478182,"House No. 330, 12th Floor, C Wing, Park Street, Mysuru, Karnataka - 570006",647484856944,KCWPG4215O,07-08-1972
Aadhya Trivedi,aadhyatri835@gmail.com,6339143827,"Plot No. 340, 7th Floor, A Wing, Link Road, Lucknow, Uttar Pradesh - 226026",595545259137,FANPT7730T,06-05-2001
Ananya Pandey,ananyapan842@yahoo.com,9862075391,"House No. 282, 15th Floor, B Wing, Station Road, Patna, Bihar - 800003",550739848550,LBMPP8151V,10-10-1967
Pooja Hegde,poojaheg614@outlook.com,9217627243,"Plot No. 138, 14th Floor, C Wing, Bypass Road, Kochi, Kerala - 682008",714997530144,MXGPH3845K,21-06-1985
Aditya Sharma,aditya.sharma12@yahoo.com,6988481312,"House No. 29, 9th Floor, Block E, Main Road, Pune, Maharashtra - 411023",292220241766,ZSOPS0683W,03-04-1974
Diya Roy,diya.roy91@hotmail.com,6097735496,"Plot No. 303, 1th Floor, Block F, Station Road, Chennai, Tamil Nadu - 600094",413553012534,VGNPR4669H,19-09-2001
Sai Shetty,saishe545@outlook.com,6314822119,"Villa 93, 1th Floor, C Wing, Circular Road, Delhi, Delhi - 110043",732168555026,TJZPS5058G,24-02-1995
Kabir Deshmukh,kabirdes673@icloud.com,7928866898,"Flat 205, 11th Floor, Block F, Circular Road, Mumbai, Maharashtra - 400013",485443052361,IYDPD6370O,10-07-1974
Dinesh Trivedi,dineshtri129@gmail.com,6294079939,"Flat 25, 15th Floor, C Wing, Circular Road, Jaipur, Rajasthan - 302031",359054248784,UBJPT1471I,26-07-1960
Harish Yash,harishyas599@icloud.com,6569922913,"Flat 322, 2th Floor, D Wing, Park Street, Jaipur, Rajasthan - 302038",247633099479,DJDPY5928J,07-06-1972
Preeti Roy,preetiroy384@gmail.com,8374667856,"Villa 52, 7th Floor, C Wing, Main Road, Coimbatore, Tamil Nadu - 641044",811168595241,PDNPR8747R,15-09-1974
Karan Hegde,karan.hegde82@yahoo.com,8101102883,"Plot No. 293, 11th Floor, A Wing, Park Street, Bengaluru, Karnataka - 560101",301120174748,CKVPH7961S,03-08-1984
Atharva Shah,atharva.shah65@gmail.com,8582470807,"House No. 237, 9th Floor, Block F, Circular Road, Pune, Maharashtra - 411038",943642542470,FMTPS1546M,24-02-1999
Atharva Sharma,atharva.sharma62@yahoo.com,7318708633,"Plot No. 180, 4th Floor, Block E, Ring Road, Ahmedabad, Gujarat - 380049",708290385698,BERPS4402O,16-12-1977
Kavita Bajaj,kavitabaj665@outlook.com,6479044751,"Villa 325, 10th Floor, B Wing, Bypass Road, Kolkata, West Bengal - 700061",260823820002,TPRPB0678E,19-01-1984
Meena Das,meena.das81@outlook.com,7221288169,"Plot No. 420, 9th Floor, B Wing, Link Road, Mumbai, Maharashtra - 400027",432723442416,BQGPD8814Y,24-04-1984
Vijay Arora,vijay.arora22@yahoo.com,7846619997,"Flat 393, 9th Floor, D Wing, Main Road, Nagpur, Maharashtra - 440003",413375214554,IOEPA2700I,05-03-2004
Pooja Agarwal,poojaaga279@outlook.com,7037485083,"House No. 75, 12th Floor, A Wing, MG Road, Jaipur, Rajasthan - 302018",808307736675,QLSPA8771X,15-06-1988
Preeti Mishra,preeti.mishra29@yahoo.com,9902389405,"Plot No. 348, 14th Floor, D Wing, Bypass Road, Kanpur, Uttar Pradesh - 208020",392781207962,IRBPM9952F,10-07-1983
Pranav Yash,pranavyas536@gmail.com,7720170117,"Plot No. 171, 12th Floor, D Wing, Ring Road, Surat, Gujarat - 395011",947351067444,WTZPY9890Z,17-01-2004
Shaurya Bajaj,shaurya.bajaj52@hotmail.com,7024923008,"Plot No. 62, 15th Floor, Block E, Ring Road, Coimbatore, Tamil Nadu - 641015",355039303803,YLIPB3137X,28-09-1979
Krishna Iyengar,krishnaiye478@gmail.com,6987599732,"Villa 269, 1th Floor, Block E, Link Road, Chennai, Tamil Nadu - 600035",598639106204,NORPI6303R,14-09-1965
Rajesh Ansari,rajeshans872@outlook.com,9076986444,"Flat 280, 6th Floor, A Wing, MG Road, Bhubaneswar, Odisha - 751003",354272557301,QXBPA8725Q,16-01-1987
Dhruv Mishra,dhruv.mishra3@yahoo.com,9521527231,"Plot No. 114, 5th Floor, A Wing, Bypass Road, Bengaluru, Karnataka - 560090",838267759727,OODPM9846A,17-08-1991
Om Bajaj,ombaj848@outlook.com,8096834869,"Flat 219, 12th Floor, C Wing, Bypass Road, Kochi, Kerala - 682032",492917736053,YTAPB8110A,13-11-1962
Suresh Bajaj,suresh.bajaj61@icloud.com,9374198703,"Plot No. 29, 12th Floor, Block E, Station Road, Chennai, Tamil Nadu - 600048",539227445454,YJPPB2787W,03-09-1975
Shruti Banerjee,shrutiban935@gmail.com,8066867994,"Flat 349, 13th Floor, D Wing, Station Road, Mysuru, Karnataka - 570028",576982376182,KXTPB3087Q,18-04-2004
Ananya Malik,ananya.malik9@yahoo.com,6263581567,"House No. 492, 15th Floor, D Wing, Link Road, Nagpur, Maharashtra - 440003",451933562844,HPVPM2828I,08-07-1962
Saanvi Reddy,saanvired159@gmail.com,7209182812,"Villa 338, 7th Floor, D Wing, Ring Road, Ahmedabad, Gujarat - 380031",503172940993,PLCPR3768Z,18-02-1983
Prakash Pillai,prakashpil830@icloud.com,9991845192,"Plot No. 319, 12th Floor, D Wing, Circular Road, Mumbai, Maharashtra - 400066",585194056845,UZSPP3401B,06-06-2001
Gaurav Patel,gauravpat824@icloud.com,7257502259,"Flat 339, 3th Floor, B Wing, Ring Road, Hyderabad, Telangana - 500092",454495503079,KREPP5467O,28-04-1973
Priya Kapoor,priya.kapoor49@hotmail.com,6751638066,"Villa 319, 15th Floor, C Wing, MG Road, Chennai, Tamil Nadu - 600104",273722917648,AGMPK1454I,11-04-1962
Rudra Malik,rudramal470@hotmail.com,6584841492,"House No. 429, 6th Floor, Block F, Bypass Road, Mysuru, Karnataka - 570018",222935117486,GNTPM3805R,18-09-1982
Sunita Gupta,sunita.gupta61@gmail.com,8175931726,"Plot No. 168, 7th Floor, B Wing, Station Road, Nagpur, Maharashtra - 440003",679612650889,TPLPG5853P,13-10-2002
Ashok Fernandes,ashok.fernandes11@hotmail.com,9511988874,"Villa 100, 13th Floor, B Wing, Station Road, Ahmedabad, Gujarat - 380046",978545747706,BQYPF5588V,12-02-1977
Aditi Gomes,aditi.gomes48@hotmail.com,9541156527,"Flat 477, 11th Floor, C Wing, Bypass Road, Jaipur, Rajasthan - 302004",466998180527,ZSEPG0085I,17-09-1995
Priya Nair,priya.nair55@outlook.com,9649323755,"House No. 372, 13th Floor, B Wing, Main Road, Thiruvananthapuram, Kerala - 695014",349325485928,ZUFPN0666K,17-08-1978
Pooja Gaekwad,pooja.gaekwad79@hotmail.com,6028100032,"Villa 435, 2th Floor, D Wing, MG Road, Kanpur, Uttar Pradesh - 208013",844991627765,AEXPG9425B,19-08-1967
Ayaans Iyer,ayaansiye470@yahoo.com,7759271976,"Flat 193, 3th Floor, C Wing, Link Road, Lucknow, Uttar Pradesh - 226030",538010701774,JMAPI8348M,21-10-1983
Ishaan Gaekwad,ishaan.gaekwad96@outlook.com,6233153497,"Flat 429, 8th Floor, C Wing, Station Road, Lucknow, Uttar Pradesh - 226006",237514164866,QVSPG8239W,19-09-2000
Om Khanna,om.khanna17@hotmail.com,7849635550,"Flat 337, 10th Floor, Block F, Station Road, Nagpur, Maharashtra - 440010",699525359530,CYSPK6549X,13-10-2003
Sai Choudhury,sai.choudhury80@outlook.com,8521020388,"Villa 38, 4th Floor, Block F, Bypass Road, Chandigarh, Chandigarh - 160017",242121004687,TPLPC2100Q,07-07-1985
Lata Das,latadas455@outlook.com,9222905441,"Flat 178, 14th Floor, D Wing, Ring Road, Jaipur, Rajasthan - 302006",592936907064,VQUPD7235Y,09-11-1976
Aditya Joshi,aditya.joshi60@outlook.com,8770048307,"Villa 449, 4th Floor, B Wing, Circular Road, Lucknow, Uttar Pradesh - 226005",738274383262,EKBPJ6348G,10-11-2000
Priya Chawla,priya.chawla88@yahoo.com,8646750380,"Plot No. 461, 15th Floor, A Wing, Circular Road, Patna, Bihar - 800011",403971010443,GBLPC0980S,28-08-1981
Sneha Gupta,sneha.gupta85@icloud.com,6876848655,"House No. 84, 6th Floor, B Wing, Ring Road, Kochi, Kerala - 682020",968575564429,FPPPG5019G,19-02-1973
Gaurav Iyer,gauraviye944@hotmail.com,8222166095,"Flat 500, 5th Floor, Block E, Ring Road, Chennai, Tamil Nadu - 600049",342035777931,FIBPI4938M,14-02-1979
Deepak Iyengar,deepakiye169@hotmail.com,8337347763,"Villa 164, 9th Floor, C Wing, Link Road, Pune, Maharashtra - 411056",965469915897,HUAPI3785Q,25-03-1969
Anjali Arora,anjali.arora87@outlook.com,9876190750,"Flat 51, 15th Floor, Block F, Circular Road, Surat, Gujarat - 395007",751074981886,ZYTPA6115R,20-06-1962
Arjun Gaekwad,arjungae548@yahoo.com,6126831562,"Flat 200, 1th Floor, C Wing, Station Road, Delhi, Delhi - 110024",369769054352,MRZPG2194W,23-02-2000
Aanya Ansari,aanya.ansari94@gmail.com,7710732575,"House No. 62, 3th Floor, B Wing, MG Road, Patna, Bihar - 800027",548990564317,EYCPA0463Y,24-12-1965
Reyansh D'Souza,reyansh.d'souza89@hotmail.com,6987835054,"House No. 56, 9th Floor, A Wing, Main Road, Ahmedabad, Gujarat - 380024",325470997341,HLUPD0540O,09-12-1996
Sneha Yash,snehayas765@icloud.com,7943681314,"Plot No. 284, 11th Floor, A Wing, Ring Road, Surat, Gujarat - 395004",407845845840,FEFPY7760E,05-08-1968
Kabir Shetty,kabir.shetty97@hotmail.com,8279344451,"Villa 226, 8th Floor, C Wing, Link Road, Bhubaneswar, Odisha - 751002",308306344371,AVVPS8425O,11-01-1991
Anjali Patel,anjali.patel30@hotmail.com,8972486898,"House No. 460, 6th Floor, B Wing, Circular Road, Coimbatore, Tamil Nadu - 641011",222774690338,IPDPP3705Q,29-04-2004
Mahesh Yadav,mahesh.yadav43@yahoo.com,7004023420,"Villa 328, 4th Floor, Block E, Park Street, Coimbatore, Tamil Nadu - 641015",735002156383,MMNPY9436K,21-07-2005
Deepak Yadav,deepakyad731@gmail.com,8134455329,"Villa 98, 8th Floor, C Wing, Park Street, Lucknow, Uttar Pradesh - 226016",483188861666,HHJPY2809C,26-09-1968
Dev Trivedi,dev.trivedi94@gmail.com,8977054911,"Villa 191, 11th Floor, C Wing, Ring Road, Delhi, Delhi - 110005",851267490753,LDGPT8345N,26-09-1974
Amit Mishra,amitmis433@hotmail.com,6582230947,"Plot No. 291, 7th Floor, D Wing, Bypass Road, Lucknow, Uttar Pradesh - 226002",761249833441,JMPPM9693Q,07-06-1973
Sandeep Grover,sandeep.grover22@icloud.com,9352908311,"Villa 230, 12th Floor, C Wing, Park Street, Lucknow, Uttar Pradesh - 226023",986873207181,DMTPG4418E,03-05-1995
Dinesh Arora,dinesh.arora11@icloud.com,6539874054,"Plot No. 368, 15th Floor, Block F, Circular Road, Nagpur, Maharashtra - 440005",317426142274,AJLPA1228V,09-07-1989
Naresh Sheikh,naresh.sheikh83@yahoo.com,6035743189,"Flat 160, 11th Floor, Block E, Link Road, Bengaluru, Karnataka - 560005",660128549972,MYHPS1508C,15-09-1960
Lata Shetty,latashe374@yahoo.com,9903540642,"House No. 437, 6th Floor, Block E, Park Street, Kochi, Kerala - 682011",969186484121,EHJPS9605T,28-04-1978
Dinesh Gupta,dinesh.gupta91@hotmail.com,7526436113,"Villa 30, 12th Floor, C Wing, Ring Road, Kochi, Kerala - 682035",362984754870,XZBPG9646D,12-12-1983
Deepak Sheikh,deepakshe626@yahoo.com,9016685867,"Plot No. 119, 12th Floor, B Wing, Park Street, Jaipur, Rajasthan - 302034",953930361999,GEMPS0386D,18-04-1993
Asha Khanna,ashakha988@yahoo.com,7780371718,"Flat 234, 5th Floor, D Wing, Station Road, Kanpur, Uttar Pradesh - 208011",404654565663,WMXPK3638V,03-03-1970
Rahul Kapoor,rahul.kapoor19@yahoo.com,8210379982,"Villa 289, 12th Floor, Block F, Main Road, Mumbai, Maharashtra - 400039",901233579377,WXLPK9012T,25-08-1971
Atharva Kapoor,atharva.kapoor20@gmail.com,9045740850,"Plot No. 309, 11th Floor, A Wing, Station Road, Chandigarh, Chandigarh - 160062",592823696493,REYPK6831H,31-03-1961
Vivaan Thakur,vivaan.thakur88@yahoo.com,7673614047,"Plot No. 454, 6th Floor, D Wing, Station Road, Kanpur, Uttar Pradesh - 208003",781811069942,ZZSPT2231X,31-12-2003
Naresh Ansari,naresh.ansari92@outlook.com,7010898107,"House No. 373, 13th Floor, B Wing, Ring Road, Chennai, Tamil Nadu - 600059",678301944108,RGJPA4425H,31-07-2003
Shruti Iyer,shruti.iyer35@icloud.com,9858477023,"House No. 42, 1th Floor, Block E, Station Road, Bhubaneswar, Odisha - 751005",771910439792,HJCPI0242L,18-02-1964
Arnav Malik,arnav.malik88@hotmail.com,9268441877,"Villa 45, 12th Floor, D Wing, Bypass Road, Kanpur, Uttar Pradesh - 208027",929620429758,UCBPM1410X,10-08-1962
Prakash Yadav,prakash.yadav20@outlook.com,6651176825,"House No. 457, 13th Floor, Block E, MG Road, Bengaluru, Karnataka - 560041",249605469050,QJUPY9517X,15-04-1961
Pooja Iyer,pooja.iyer7@outlook.com,9887526322,"Plot No. 60, 4th Floor, B Wing, Main Road, Kochi, Kerala - 682017",780210377002,HGKPI8235Z,08-02-1962
Lata Patel,latapat785@gmail.com,9088328604,"Flat 160, 4th Floor, C Wing, Park Street, Bengaluru, Karnataka - 560049",549189245574,UNUPP4333B,03-06-1984
Vivaan Mehta,vivaan.mehta6@outlook.com,8853506292,"Flat 376, 12th Floor, Block E, Park Street, Kolkata, West Bengal - 700138",394373331293,WQMPM5568K,26-04-1965
Kiara Iyer,kiara.iyer2@icloud.com,8792795132,"Plot No. 39, 9th Floor, B Wing, Circular Road, Delhi, Delhi - 110051",346120140798,HIAPI0771Z,13-10-1997
Sai Nair,sai.nair95@gmail.com,9349963215,"House No. 436, 10th Floor, D Wing, Circular Road, Kolkata, West Bengal - 700057",517528612240,UVBPN0259G,26-04-2004
Aditya Gomes,aditya.gomes11@icloud.com,6228740897,"Plot No. 446, 3th Floor, B Wing, Circular Road, Kolkata, West Bengal - 700125",380264214928,WQJPG1634J,25-01-2004
Preeti Khanna,preetikha596@icloud.com,7920551570,"House No. 378, 12th Floor, B Wing, MG Road, Delhi, Delhi - 110046",634948159882,WMQPK7443H,07-03-2004
Rahul Pillai,rahul.pillai34@gmail.com,7008103911,"Plot No. 7, 8th Floor, C Wing, Circular Road, Bengaluru, Karnataka - 560083",986216348443,BKGPP4475L,20-11-1961
Harish Iyengar,harish.iyengar30@icloud.com,9137195880,"House No. 466, 8th Floor, A Wing, Park Street, Chandigarh, Chandigarh - 160031",835542846863,YUWPI8720G,19-12-1974
Rohan D'Souza,rohand's870@yahoo.com,6494327402,"Plot No. 282, 6th Floor, Block E, Link Road, Lucknow, Uttar Pradesh - 226012",658023310818,LUIPD8051I,20-02-1981
Satish D'Souza,satishd's585@yahoo.com,8909944718,"House No. 152, 13th Floor, A Wing, Bypass Road, Nagpur, Maharashtra - 440013",414613354733,PBFPD5556G,01-02-1986
Shaurya Trivedi,shaurya.trivedi15@outlook.com,6749223966,"Plot No. 360, 2th Floor, Block F, Park Street, Kolkata, West Bengal - 700035",390827457456,LSUPT9250P,11-07-1998
Om Mishra,om.mishra61@yahoo.com,8371214630,"Flat 312, 6th Floor, Block E, Main Road, Chandigarh, Chandigarh - 160020",242863231026,LWKPM7474V,16-02-1986
Rohan Rao,rohan.rao51@hotmail.com,6608340289,"Flat 317, 4th Floor, Block F, Main Road, Jaipur, Rajasthan - 302018",696479353956,FZDPR5426E,10-02-1997
Suman Joshi,sumanjos717@yahoo.com,9013619166,"House No. 406, 3th Floor, A Wing, Ring Road, Jaipur, Rajasthan - 302015",959414477204,KHHPJ7697T,29-01-1969
Lata Iyer,lata.iyer59@hotmail.com,9063007982,"House No. 328, 13th Floor, Block F, Station Road, Coimbatore, Tamil Nadu - 641046",987356392118,ORYPI1626U,28-10-2002
Asha Mishra,ashamis149@outlook.com,7446850094,"Villa 388, 11th Floor, Block E, Link Road, Jaipur, Rajasthan - 302017",561662908792,SMRPM6367O,15-05-1998
Vikram Kapoor,vikram.kapoor49@hotmail.com,9360075504,"Plot No. 59, 12th Floor, B Wing, Main Road, Mumbai, Maharashtra - 400084",211752820790,PPUPK9886D,17-08-1975
Sandeep Hegde,sandeepheg524@hotmail.com,6280280222,"Villa 222, 2th Floor, Block F, Bypass Road, Ahmedabad, Gujarat - 380019",717586662657,BJGPH8833Y,01-10-1975
Rohan Grover,rohan.grover94@icloud.com,7691764985,"Plot No. 86, 8th Floor, B Wing, Circular Road, Jaipur, Rajasthan - 302029",607054720926,IMWPG5296O,15-07-1982
Ramesh Pillai,rameshpil961@gmail.com,9807310017,"Villa 206, 7th Floor, Block F, MG Road, Bhubaneswar, Odisha - 751016",222003642382,EHKPP5220T,19-11-1987
Saanvi Reddy,saanvi.reddy34@outlook.com,6202540941,"Villa 171, 5th Floor, C Wing, Link Road, Nagpur, Maharashtra - 440013",751765698364,TKAPR9262Q,01-04-2003
Sandeep Grover,sandeep.grover63@yahoo.com,8306143288,"Plot No. 232, 1th Floor, Block E, MG Road, Kolkata, West Bengal - 700136",899818923710,IJSPG0711H,17-11-1997
Sneha Shetty,snehashe155@hotmail.com,8803912779,"House No. 493, 11th Floor, Block E, Ring Road, Pune, Maharashtra - 411022",718953429703,SXOPS7338A,27-09-1962
Sneha Joshi,snehajos268@hotmail.com,8104232008,"Villa 90, 12th Floor, Block F, Main Road, Lucknow, Uttar Pradesh - 226012",548781934211,JOUPJ4675P,09-09-1979
Diya Bajaj,diya.bajaj41@gmail.com,8617312432,"Villa 294, 3th Floor, C Wing, Ring Road, Bengaluru, Karnataka - 560094",817403530056,QIDPB7273I,01-01-1965
Sunita Sheikh,sunita.sheikh63@outlook.com,7630150892,"House No. 23, 10th Floor, B Wing, Link Road, Mysuru, Karnataka - 570020",333704503860,PFTPS4306E,15-03-2005
Suman Shah,suman.shah99@outlook.com,8197285586,"House No. 62, 7th Floor, A Wing, Link Road, Chandigarh, Chandigarh - 160056",986348765612,QBNPS9552D,16-06-1969
Diya Bajaj,diyabaj317@gmail.com,6566785971,"Flat 59, 14th Floor, B Wing, Link Road, Coimbatore, Tamil Nadu - 641018",304238524796,KWLPB4508K,26-12-1988
Pooja Gomes,pooja.gomes67@outlook.com,9904398788,"Plot No. 319, 11th Floor, Block E, Park Street, Thiruvananthapuram, Kerala - 695039",606026909594,BLVPG2198S,28-08-1961
Rudra Sharma,rudra.sharma99@hotmail.com,6881530293,"Villa 409, 15th Floor, D Wing, Ring Road, Coimbatore, Tamil Nadu - 641013",252979253841,WYEPS7913E,13-07-1993
Sanjay Pandey,sanjaypan632@icloud.com,6416274221,"Flat 46, 12th Floor, C Wing, Park Street, Mysuru, Karnataka - 570022",648502461016,RCAPP7137P,08-12-2003
Vikram Sharma,vikramsha197@outlook.com,6737204032,"Plot No. 156, 15th Floor, A Wing, Station Road, Ahmedabad, Gujarat - 380001",417856343614,KLBPS1290I,04-06-1981
Aanya Reddy,aanyared649@hotmail.com,9756469836,"House No. 18, 10th Floor, C Wing, Station Road, Hyderabad, Telangana - 500027",885319990870,CYJPR6187B,04-09-1974
Ramesh Bajaj,rameshbaj232@outlook.com,9831464250,"House No. 122, 3th Floor, C Wing, Main Road, Kochi, Kerala - 682034",896477323724,SWWPB2921H,05-09-1980
Pranav Mukherjee,pranavmuk173@icloud.com,8605692745,"Villa 317, 6th Floor, Block F, Link Road, Mumbai, Maharashtra - 400047",816913438125,RBFPM5621T,11-09-1999
Anjali Chavan,anjali.chavan56@gmail.com,8241426562,"Villa 29, 5th Floor, D Wing, Park Street, Kanpur, Uttar Pradesh - 208003",500724766053,CGTPC7837J,10-11-2002
Deepak Roy,deepakroy900@yahoo.com,9724242784,"Villa 328, 7th Floor, A Wing, Link Road, Nagpur, Maharashtra - 440012",461249987799,TJVPR8194W,03-05-1963
Geeta Thakur,geetatha281@hotmail.com,9104086732,"Villa 258, 5th Floor, Block E, Station Road, Surat, Gujarat - 395009",262471656938,XNKPT1205I,11-12-1969
Harsh Iyer,harshiye846@hotmail.com,8770169620,"House No. 99, 7th Floor, B Wing, Ring Road, Mysuru, Karnataka - 570022",265381378956,WEGPI5435U,01-02-1966
Kiara Ansari,kiaraans468@icloud.com,7859524050,"Plot No. 404, 2th Floor, Block F, MG Road, Pune, Maharashtra - 411018",866058809592,UIGPA9815Q,16-11-2005
Neha Reddy,neha.reddy20@outlook.com,7116866028,"House No. 269, 15th Floor, A Wing, Park Street, Patna, Bihar - 800022",856917815483,MZCPR1538H,19-12-1979
Deepak Roy,deepak.roy98@outlook.com,8743034267,"Plot No. 411, 7th Floor, D Wing, Station Road, Thiruvananthapuram, Kerala - 695018",355681609640,LOQPR7660Y,30-10-1966
Ramesh Gomes,rameshgom490@gmail.com,9307480279,"House No. 484, 15th Floor, D Wing, Main Road, Chandigarh, Chandigarh - 160062",219969946521,PJLPG6589W,25-11-1983
Rohan Khan,rohan.khan55@icloud.com,6684145795,"House No. 284, 14th Floor, A Wing, Circular Road, Kolkata, West Bengal - 700117",879972815613,UAEPK3276G,06-02-1968
Sunita Thakur,sunitatha390@icloud.com,7976876596,"Villa 56, 9th Floor, A Wing, Ring Road, Ahmedabad, Gujarat - 380055",734096199751,CZPPT5634I,30-03-1965
Geeta Kumar,geeta.kumar20@gmail.com,9269696727,"House No. 90, 13th Floor, B Wing, Bypass Road, Kochi, Kerala - 682016",573196824369,QCYPK2006P,04-04-2000
Kiara Shetty,kiara.shetty59@gmail.com,8701298394,"Flat 450, 13th Floor, D Wing, Park Street, Kolkata, West Bengal - 700075",807150066528,KGBPS0455P,06-09-2005
Anita Gomes,anita.gomes43@icloud.com,7006597741,"House No. 327, 1th Floor, A Wing, MG Road, Ahmedabad, Gujarat - 380018",542068721704,XNNPG8708D,12-11-2003
Rajesh Iyengar,rajesh.iyengar16@gmail.com,7304658365,"Flat 383, 12th Floor, Block F, Station Road, Patna, Bihar - 800020",865813662220,RMCPI0213A,11-08-1992
Ananya Sheikh,ananyashe716@icloud.com,9834881460,"Plot No. 357, 8th Floor, C Wing, MG Road, Thiruvananthapuram, Kerala - 695010",994344417566,MCTPS6213F,26-02-1981
Rudra Kapoor,rudrakap217@icloud.com,9103216580,"House No. 194, 11th Floor, D Wing, MG Road, Thiruvananthapuram, Kerala - 695030",711938830904,KUQPK1672T,25-05-1967
Neha Sharma,neha.sharma35@yahoo.com,8905273118,"Plot No. 445, 7th Floor, D Wing, Link Road, Jaipur, Rajasthan - 302026",441286503841,BDVPS9599U,02-10-1976
Kiara Patel,kiarapat282@outlook.com,8066159222,"Villa 424, 7th Floor, Block F, Park Street, Pune, Maharashtra - 411057",818382559143,FZCPP1724L,11-11-1993
Sai Agarwal,sai.agarwal45@gmail.com,6861780871,"House No. 493, 9th Floor, Block F, Park Street, Coimbatore, Tamil Nadu - 641022",932420570365,SYLPA9257A,08-03-2004
Rudra Chavan,rudra.chavan84@icloud.com,8699811721,"Flat 93, 12th Floor, D Wing, Station Road, Hyderabad, Telangana - 500062",871672702241,BZFPC6210R,10-07-1978
Vihaan Khan,vihaan.khan27@yahoo.com,8319384153,"House No. 118, 1th Floor, D Wing, Main Road, Nagpur, Maharashtra - 440005",339729887287,OCGPK0423Q,29-01-2002
Anita Fernandes,anitafer107@gmail.com,9964277097,"House No. 192, 4th Floor, Block E, Station Road, Kochi, Kerala - 682024",585413174485,ZWDPF9544F,31-12-1979
Rahul Trivedi,rahultri279@outlook.com,8108892171,"Villa 141, 9th Floor, C Wing, Main Road, Mumbai, Maharashtra - 400067",359964608725,IPPPT7538Y,13-08-1970
Rekha Shetty,rekha.shetty69@yahoo.com,8781101621,"Villa 131, 13th Floor, C Wing, Bypass Road, Patna, Bihar - 800017",516815164919,APBPS4451T,18-10-1993
Kriti Sheikh,kritishe867@gmail.com,9190174842,"Plot No. 440, 7th Floor, D Wing, Station Road, Surat, Gujarat - 395003",506473908753,KRUPS9832X,06-07-1984
Rahul Choudhury,rahul.choudhury86@icloud.com,7331695432,"Plot No. 213, 10th Floor, B Wing, Circular Road, Hyderabad, Telangana - 500024",716978837772,YBJPC3971Q,28-06-1984
Aryan Deshmukh,aryandes841@icloud.com,8645539284,"Plot No. 250, 7th Floor, Block E, Bypass Road, Mumbai, Maharashtra - 400027",654406689942,KGFPD8369H,27-06-1960
Ananya Singh,ananya.singh13@icloud.com,7983020056,"House No. 341, 4th Floor, Block E, Bypass Road, Surat, Gujarat - 395008",360186191364,BWNPS9580Z,29-05-1992
Reyansh Fernandes,reyanshfer403@hotmail.com,7503188497,"Villa 115, 3th Floor, B Wing, Circular Road, Ahmedabad, Gujarat - 380005",763366023521,PUSPF2118F,24-03-1966
Neha Verma,neha.verma90@outlook.com,9190581479,"Flat 363, 6th Floor, D Wing, Link Road, Kanpur, Uttar Pradesh - 208022",530947976885,XIGPV4645Q,16-12-1973
Arnav Trivedi,arnav.trivedi52@yahoo.com,7300304716,"House No. 121, 5th Floor, Block F, Link Road, Lucknow, Uttar Pradesh - 226026",730128194001,CESPT5207V,04-02-2005
Krishna Gomes,krishnagom200@outlook.com,8663707043,"Villa 361, 6th Floor, A Wing, Park Street, Chandigarh, Chandigarh - 160029",553554622284,OYMPG6009P,13-07-1987
Aarav Sheikh,aarav.sheikh12@yahoo.com,8815141859,"Flat 160, 9th Floor, Block E, Bypass Road, Ahmedabad, Gujarat - 380004",760846954495,MXWPS9775L,08-06-1998
Arjun Reddy,arjun.reddy32@outlook.com,8229040150,"House No. 304, 12th Floor, C Wing, Link Road, Chandigarh, Chandigarh - 160044",212172209434,FFAPR8241V,31-03-1992
Preeti Deshmukh,preetides586@yahoo.com,6372307357,"House No. 200, 12th Floor, A Wing, Ring Road, Bengaluru, Karnataka - 560082",949789535258,KHZPD5599K,04-10-1970
Karan Chatterjee,karan.chatterjee14@outlook.com,8387243088,"Villa 375, 1th Floor, D Wing, Park Street, Ahmedabad, Gujarat - 380036",344250969337,KWPPC9015L,02-07-1961
Prakash Gomes,prakashgom306@icloud.com,8545052965,"Flat 434, 14th Floor, C Wing, Ring Road, Hyderabad, Telangana - 500062",880985683505,DQHPG4402O,06-07-1992
Gaurav Trivedi,gaurav.trivedi82@hotmail.com,8295033693,"House No. 154, 1th Floor, B Wing, Station Road, Lucknow, Uttar Pradesh - 226018",304549804606,LGJPT9309N,08-11-1996
Lata Shah,latasha227@hotmail.com,6557739045,"Plot No. 99, 7th Floor, B Wing, Main Road, Surat, Gujarat - 395011",519312108110,GRPPS7380B,10-01-2000
Dinesh Khan,dineshkha196@icloud.com,9066688433,"Plot No. 17, 10th Floor, Block E, Main Road, Nagpur, Maharashtra - 440028",581272490140,LJGPK9346T,17-10-1983
Suresh Arora,suresh.arora32@icloud.com,8372580153,"Plot No. 293, 7th Floor, B Wing, MG Road, Kolkata, West Bengal - 700134",232302019268,MBDPA7385K,03-09-1992
Gaurav Bose,gaurav.bose7@outlook.com,9614266244,"Villa 245, 13th Floor, Block F, MG Road, Hyderabad, Telangana - 500053",611080026491,GKVPB9748S,20-03-1992
Anita Chatterjee,anitacha253@hotmail.com,7177910537,"Villa 177, 7th Floor, B Wing, Main Road, Chennai, Tamil Nadu - 600092",934348891900,YYAPC0242A,25-06-1966
Atharva Kulkarni,atharvakul910@gmail.com,9259578744,"House No. 375, 9th Floor, C Wing, Park Street, Bengaluru, Karnataka - 560013",417274219404,PRXPK9136P,06-12-1969
Lata Singh,lata.singh81@hotmail.com,7638279414,"Flat 303, 8th Floor, B Wing, Main Road, Kolkata, West Bengal - 700089",509870382429,RLXPS2704T,30-12-1999
Vikram Chatterjee,vikram.chatterjee40@outlook.com,8647496591,"Flat 8, 2th Floor, C Wing, Link Road, Hyderabad, Telangana - 500013",418159588123,NZXPC8866B,05-08-2005
Dhruv Mishra,dhruv.mishra19@yahoo.com,7952254945,"House No. 41, 8th Floor, D Wing, Station Road, Jaipur, Rajasthan - 302002",213247073081,JCIPM2375O,25-09-1984
Dev Grover,devgro984@gmail.com,7301654876,"Flat 491, 14th Floor, C Wing, Station Road, Kolkata, West Bengal - 700115",865517286421,YGNPG0171J,25-05-2003
Kiara Patel,kiarapat721@outlook.com,7196516441,"Flat 401, 6th Floor, C Wing, MG Road, Thiruvananthapuram, Kerala - 695043",285380942079,MWDPP9909O,19-03-1998
Aditya Chawla,aditya.chawla74@gmail.com,9087815749,"Villa 35, 7th Floor, C Wing, Bypass Road, Bengaluru, Karnataka - 560055",909866788516,RFAPC3852U,29-10-1992
Preeti Kapoor,preetikap167@outlook.com,6506898511,"Flat 42, 7th Floor, Block F, Ring Road, Thiruvananthapuram, Kerala - 695036",934808514966,OLOPK1695J,06-03-1962
Pranav Shah,pranav.shah13@yahoo.com,9839699571,"Plot No. 238, 1th Floor, A Wing, Station Road, Hyderabad, Telangana - 500082",884512240238,YOZPS8930G,05-05-1970
Shruti Yadav,shrutiyad944@gmail.com,6962629225,"Plot No. 104, 8th Floor, D Wing, Link Road, Bhubaneswar, Odisha - 751026",309853272720,NMOPY5490L,27-08-2004
Amit Verma,amitver431@yahoo.com,8508830682,"Flat 438, 8th Floor, A Wing, Park Street, Bhubaneswar, Odisha - 751009",872942791916,GOWPV9800I,20-02-2000
Aryan Sharma,aryan.sharma22@icloud.com,7979708770,"House No. 458, 12th Floor, C Wing, Link Road, Nagpur, Maharashtra - 440021",643102993210,GMPPS4009F,25-07-1990
Pooja Iyengar,pooja.iyengar64@gmail.com,6818034307,"House No. 452, 1th Floor, C Wing, Park Street, Bengaluru, Karnataka - 560039",708275986858,DTPPI4884N,01-06-1999
Pooja Gomes,poojagom294@yahoo.com,8250464717,"Villa 186, 14th Floor, Block E, Park Street, Ahmedabad, Gujarat - 380009",266124501160,ZDFPG4181D,24-09-1996
Kabir Deshmukh,kabir.deshmukh51@yahoo.com,9926216847,"House No. 25, 7th Floor, B Wing, Station Road, Chennai, Tamil Nadu - 600005",610924432954,AVLPD6864E,01-05-1995
Shaurya Thakur,shauryatha885@outlook.com,7731889706,"Plot No. 200, 3th Floor, A Wing, Main Road, Pune, Maharashtra - 411020",944571991673,JWEPT1421D,23-12-1984
Ananya Deshmukh,ananya.deshmukh84@icloud.com,9649290703,"Plot No. 89, 8th Floor, A Wing, Main Road, Kochi, Kerala - 682015",624706492225,WOZPD1640Z,15-07-1962
Riya Fernandes,riyafer468@yahoo.com,6434564663,"Flat 417, 9th Floor, A Wing, Station Road, Patna, Bihar - 800016",406335759979,ITOPF5675N,23-02-1985
Deepak Arora,deepakaro486@hotmail.com,8913481694,"House No. 155, 13th Floor, B Wing, Link Road, Mumbai, Maharashtra - 400028",364532442146,DAAPA4983K,06-11-1963
Kabir Choudhury,kabir.choudhury65@gmail.com,9514690591,"Villa 212, 6th Floor, B Wing, Ring Road, Thiruvananthapuram, Kerala - 695015",205783410807,LBSPC5035I,30-05-1993
Ishaan Mehta,ishaanmeh138@yahoo.com,7208595031,"Flat 185, 6th Floor, Block E, Circular Road, Mysuru, Karnataka - 570026",792419716655,ZGMPM0181D,14-03-2002
Aarav Mehta,aarav.mehta17@icloud.com,8383614491,"House No. 422, 2th Floor, Block F, Bypass Road, Chandigarh, Chandigarh - 160054",714811146872,MDDPM7370F,15-12-1970
Sandeep Mehta,sandeep.mehta70@outlook.com,8599673131,"House No. 412, 14th Floor, A Wing, Link Road, Mysuru, Karnataka - 570004",634666291362,CKHPM9440Y,14-06-1994
Aarav Singh,aarav.singh38@hotmail.com,6584984475,"House No. 218, 15th Floor, A Wing, MG Road, Hyderabad, Telangana - 500080",948133533369,ICOPS5180V,15-04-1960
Rekha Arora,rekha.arora45@hotmail.com,8548386861,"Plot No. 393, 9th Floor, D Wing, MG Road, Mysuru, Karnataka - 570007",707309072948,KMZPA3666O,20-05-1977
Saanvi Mehta,saanvi.mehta97@icloud.com,9338975470,"Flat 93, 2th Floor, C Wing, Main Road, Bengaluru, Karnataka - 560086",793939427282,ZRQPM1565X,07-04-1994
Vihaan Banerjee,vihaanban668@hotmail.com,8770648133,"House No. 317, 14th Floor, Block E, Link Road, Surat, Gujarat - 395008",642350688439,HSZPB3960M,02-01-1973
Meena Shah,meena.shah70@yahoo.com,7947874545,"Flat 441, 4th Floor, Block F, Station Road, Kanpur, Uttar Pradesh - 208023",886592799481,UFTPS6454Q,29-08-1971
Suman Gaekwad,suman.gaekwad16@icloud.com,6994136447,"Flat 62, 9th Floor, Block E, Park Street, Chandigarh, Chandigarh - 160027",601470823196,DPUPG2588E,09-03-1983
Pooja Yadav,pooja.yadav22@hotmail.com,8559128995,"Flat 326, 14th Floor, Block F, Ring Road, Bengaluru, Karnataka - 560021",647563651837,AJOPY0237Y,17-01-1971
Kiara Sen,kiara.sen3@hotmail.com,6203581397,"Plot No. 43, 10th Floor, Block F, Bypass Road, Patna, Bihar - 800022",445240558972,HYLPS9199Q,15-03-1988
Harsh Reddy,harshred259@icloud.com,9025984585,"House No. 81, 14th Floor, A Wing, Circular Road, Surat, Gujarat - 395005",687291298967,HHUPR5370U,09-06-1998
Amit Iyengar,amitiye103@gmail.com,6955763295,"Villa 65, 2th Floor, C Wing, Bypass Road, Bengaluru, Karnataka - 560051",948637470303,NMHPI8602M,16-11-2005
Suman Pillai,sumanpil441@icloud.com,6531886585,"Villa 200, 12th Floor, A Wing, Ring Road, Chennai, Tamil Nadu - 600048",474600341058,ZRFPP8703L,17-12-1967
Suresh Joshi,sureshjos375@icloud.com,8500970644,"Villa 338, 2th Floor, Block F, Link Road, Pune, Maharashtra - 411052",734611555240,ZEOPJ8201L,22-09-1965
Ishaan Mishra,ishaanmis767@yahoo.com,7116951522,"Plot No. 406, 13th Floor, A Wing, Bypass Road, Coimbatore, Tamil Nadu - 641017",271376670806,YANPM0506J,05-07-1962
Harsh Nair,harshnai334@yahoo.com,6144079043,"House No. 165, 4th Floor, A Wing, Ring Road, Kochi, Kerala - 682037",524615522411,HICPN4812N,15-12-1971
Rajesh Sen,rajeshsen435@yahoo.com,7839688560,"Plot No. 167, 13th Floor, D Wing, Park Street, Kanpur, Uttar Pradesh - 208020",909319579965,SDFPS3944Z,16-11-1982
Amit Sharma,amitsha416@outlook.com,8490230771,"Villa 422, 6th Floor, Block F, MG Road, Ahmedabad, Gujarat - 380042",486011837691,BQCPS8981W,26-08-1979
Ramesh D'Souza,rameshd's213@gmail.com,9084444532,"Villa 69, 2th Floor, Block F, Station Road, Kolkata, West Bengal - 700104",711094526582,CNKPD5146F,24-12-1960
Aarav Sharma,aaravsha655@icloud.com,9414377222,"Plot No. 483, 7th Floor, Block E, Main Road, Kochi, Kerala - 682024",349354881073,EONPS1990H,25-02-2000
Ramesh Kulkarni,ramesh.kulkarni32@gmail.com,8375933585,"Plot No. 342, 2th Floor, Block F, Park Street, Bengaluru, Karnataka - 560089",600746723979,QRCPK1882D,19-03-1964
Asha Roy,asharoy431@icloud.com,8870425377,"Villa 245, 12th Floor, B Wing, Link Road, Kanpur, Uttar Pradesh - 208019",749660702873,YZPPR2380L,19-11-2000
Ishaan Iyengar,ishaan.iyengar15@hotmail.com,9682734289,"Plot No. 88, 7th Floor, Block E, Circular Road, Pune, Maharashtra - 411042",646068895899,ZHEPI1913G,31-10-1962
Riya Mukherjee,riyamuk589@icloud.com,7485645044,"Plot No. 13, 14th Floor, C Wing, Park Street, Kanpur, Uttar Pradesh - 208006",363166417000,HHOPM9047I,20-03-1971
Ishaan Iyer,ishaan.iyer96@gmail.com,8808569028,"Villa 27, 9th Floor, Block E, MG Road, Bhubaneswar, Odisha - 751004",924207530877,EEMPI9667H,07-01-1985
Karan D'Souza,karand's163@gmail.com,6085854914,"Flat 224, 15th Floor, D Wing, Link Road, Lucknow, Uttar Pradesh - 226012",327195261718,NPBPD9683W,29-07-2002
Pranav Verma,pranavver361@icloud.com,8713325819,"Plot No. 284, 15th Floor, A Wing, Main Road, Kanpur, Uttar Pradesh - 208007",204362569153,XUXPV9305R,15-03-1967
Ashok Gaekwad,ashok.gaekwad89@hotmail.com,8661010619,"Flat 406, 7th Floor, A Wing, Main Road, Kolkata, West Bengal - 700130",498653661450,VCRPG1878L,08-02-1965
Vikram Deshmukh,vikram.deshmukh39@yahoo.com,8142618912,"Plot No. 418, 12th Floor, B Wing, Station Road, Ahmedabad, Gujarat - 380005",419338730060,ZHUPD2897T,06-03-1992
Preeti Mishra,preetimis476@hotmail.com,6089452072,"Plot No. 382, 1th Floor, B Wing, Ring Road, Surat, Gujarat - 395010",849413309845,LEWPM2554T,07-12-1982
Atharva Reddy,atharvared987@gmail.com,6363255861,"House No. 475, 11th Floor, B Wing, MG Road, Hyderabad, Telangana - 500028",761311137236,PWWPR9082X,10-03-1971
Amit Chawla,amit.chawla48@yahoo.com,6118909830,"House No. 454, 4th Floor, B Wing, MG Road, Kochi, Kerala - 682031",338919860208,ERSPC6818D,11-11-1983
Priya Mehta,priyameh759@icloud.com,7835880588,"Villa 257, 1th Floor, D Wing, Bypass Road, Jaipur, Rajasthan - 302032",990244644235,SQXPM6484A,31-08-1976
Ramesh Verma,rameshver141@hotmail.com,8224898014,"House No. 423, 7th Floor, B Wing, Station Road, Jaipur, Rajasthan - 302025",796586681403,IRIPV5453N,15-10-2000
Om Khanna,om.khanna97@yahoo.com,8570811759,"Flat 488, 12th Floor, C Wing, Park Street, Lucknow, Uttar Pradesh - 226014",865849089571,BPBPK6114A,12-10-1975
Diya Arora,diyaaro959@icloud.com,6658552295,"Plot No. 148, 4th Floor, D Wing, MG Road, Mumbai, Maharashtra - 400077",688486181745,OXKPA7682N,01-03-1979
Lata Malik,latamal750@gmail.com,7036590774,"Plot No. 111, 4th Floor, C Wing, MG Road, Kanpur, Uttar Pradesh - 208015",905550133343,XCYPM7274T,22-11-1997
Sanjay Nair,sanjaynai464@yahoo.com,6261015852,"House No. 107, 15th Floor, A Wing, MG Road, Lucknow, Uttar Pradesh - 226007",985778846205,JEAPN1186M,26-10-2005
Dhruv Chavan,dhruv.chavan22@hotmail.com,6881497741,"House No. 238, 2th Floor, Block F, Circular Road, Thiruvananthapuram, Kerala - 695005",331948288276,WHIPC3946H,18-04-1993
Rekha Yadav,rekhayad917@icloud.com,7547374571,"Villa 95, 8th Floor, C Wing, Ring Road, Ahmedabad, Gujarat - 380054",519807123367,QDVPY2155I,29-04-1974
Sanjay Kulkarni,sanjaykul799@icloud.com,9041458861,"Plot No. 100, 3th Floor, B Wing, Circular Road, Coimbatore, Tamil Nadu - 641026",263287755484,BAJPK2109S,17-08-2003
Satish D'Souza,satish.d'souza43@hotmail.com,9667939927,"House No. 199, 11th Floor, Block F, MG Road, Thiruvananthapuram, Kerala - 695044",998909789207,VXSPD8338C,07-03-1961
Krishna Yash,krishna.yash25@hotmail.com,7195264674,"Villa 354, 15th Floor, B Wing, Link Road, Delhi, Delhi - 110042",450546788488,AYLPY9547J,27-03-1976
Aarav Verma,aarav.verma17@icloud.com,8371424388,"Flat 126, 15th Floor, Block F, Ring Road, Pune, Maharashtra - 411051",449288409696,KPHPV8537K,15-10-1969
Dhruv Iyengar,dhruviye240@gmail.com,6560222470,"Flat 122, 13th Floor, Block F, Main Road, Hyderabad, Telangana - 500022",980068409642,SHRPI5550O,10-12-1976
Dhruv Agarwal,dhruv.agarwal98@gmail.com,7449130610,"Plot No. 337, 13th Floor, D Wing, MG Road, Kochi, Kerala - 682024",619364064151,DQEPA2241H,22-10-1974
Sandeep Kumar,sandeep.kumar10@gmail.com,7213992858,"House No. 254, 4th Floor, C Wing, MG Road, Bengaluru, Karnataka - 560037",421491610199,KHVPK2105T,04-01-2003
Naresh Khanna,naresh.khanna39@yahoo.com,8351941997,"Flat 249, 7th Floor, B Wing, MG Road, Patna, Bihar - 800026",391154316701,VJDPK0488E,16-06-1962
Geeta Trivedi,geeta.trivedi86@outlook.com,6983273652,"Villa 67, 6th Floor, Block F, Link Road, Bhubaneswar, Odisha - 751007",256567916712,OZTPT4401H,13-12-1961
Yash Sheikh,yash.sheikh58@yahoo.com,7497073068,"Villa 494, 9th Floor, D Wing, Station Road, Kanpur, Uttar Pradesh - 208018",402285404026,YCNPS6845V,13-06-1965
Saanvi Das,saanvidas269@outlook.com,6906045982,"Flat 145, 15th Floor, D Wing, MG Road, Jaipur, Rajasthan - 302036",764971729126,SQDPD5334L,19-03-1980
Om Gomes,om.gomes39@yahoo.com,9978833102,"Plot No. 353, 3th Floor, A Wing, Circular Road, Pune, Maharashtra - 411033",845980344058,ZLNPG5951S,28-03-2002
Sneha Bajaj,sneha.bajaj32@icloud.com,8449209545,"Flat 94, 13th Floor, Block E, Main Road, Kolkata, West Bengal - 700070",317949442283,ETUPB9587J,06-12-1973
Asha Malik,ashamal103@outlook.com,8094786416,"House No. 260, 11th Floor, A Wing, MG Road, Coimbatore, Tamil Nadu - 641035",792512118946,FHDPM1665L,02-01-1995
Sanjay Malhotra,sanjaymal100@gmail.com,7359015640,"Plot No. 368, 7th Floor, Block E, Park Street, Jaipur, Rajasthan - 302024",346735928396,ZELPM7741V,05-04-1995
Shaurya Shetty,shauryashe803@hotmail.com,9640633655,"Flat 230, 2th Floor, A Wing, MG Road, Kochi, Kerala - 682026",896796939249,UNEPS3443N,11-06-1975
Naresh Das,naresh.das11@outlook.com,9947741733,"Flat 60, 1th Floor, D Wing, Bypass Road, Hyderabad, Telangana - 500054",960534503581,NVXPD5498U,19-12-1964
Sunita Nair,sunitanai491@outlook.com,9085764603,"House No. 339, 3th Floor, C Wing, Link Road, Lucknow, Uttar Pradesh - 226029",862271921736,MXKPN6673T,04-01-1965
Deepak Grover,deepakgro262@hotmail.com,7365761476,"Villa 322, 2th Floor, D Wing, Park Street, Kanpur, Uttar Pradesh - 208012",222612349457,FIWPG4917N,20-04-1984
Ashok Thakur,ashok.thakur24@hotmail.com,6995781833,"Flat 252, 1th Floor, B Wing, Main Road, Kochi, Kerala - 682041",356670533085,CTRPT3860M,13-02-1996
Rudra Mukherjee,rudramuk719@outlook.com,6103089758,"Flat 478, 5th Floor, A Wing, Park Street, Lucknow, Uttar Pradesh - 226007",616166130635,JQLPM3961U,25-02-1961
Shruti Fernandes,shrutifer675@gmail.com,9498758402,"House No. 257, 8th Floor, A Wing, Main Road, Ahmedabad, Gujarat - 380049",479354445890,KXOPF3019X,02-12-1988
Atharva Rao,atharvarao816@outlook.com,7456636305,"Flat 211, 4th Floor, D Wing, Bypass Road, Bengaluru, Karnataka - 560018",517333856836,SYUPR5700Z,09-04-1970
Aditya Grover,aditya.grover5@yahoo.com,9292356213,"House No. 190, 8th Floor, A Wing, Link Road, Delhi, Delhi - 110025",257492138606,QFQPG9728O,24-12-1962
Aryan Trivedi,aryan.trivedi48@hotmail.com,6076907009,"Villa 239, 5th Floor, C Wing, Main Road, Lucknow, Uttar Pradesh - 226002",793457161563,HMAPT6101H,05-09-1974
Amit Singh,amitsin122@yahoo.com,9268473081,"Flat 102, 6th Floor, A Wing, Main Road, Kanpur, Uttar Pradesh - 208020",620628958042,JRKPS1168X,27-12-1979
Kiara Singh,kiarasin908@yahoo.com,9858733466,"Villa 272, 3th Floor, Block E, Main Road, Chandigarh, Chandigarh - 160044",207370387746,IHQPS5088F,17-05-1993
Rekha Verma,rekhaver852@outlook.com,8283588742,"Plot No. 120, 14th Floor, Block E, MG Road, Bengaluru, Karnataka - 560007",747948983018,YNBPV8075Z,30-09-1979
Vikram Arora,vikramaro665@outlook.com,9600427098,"Villa 385, 6th Floor, C Wing, Park Street, Hyderabad, Telangana - 500078",538053634716,PQBPA4780L,25-10-1987
Sneha Bose,sneha.bose17@icloud.com,8914808745,"Flat 334, 9th Floor, Block E, Main Road, Bhubaneswar, Odisha - 751006",305876869461,RICPB6571I,21-04-1969
Dinesh Khan,dinesh.khan87@hotmail.com,6566326246,"House No. 481, 13th Floor, C Wing, Ring Road, Coimbatore, Tamil Nadu - 641003",853578666736,YAHPK2112I,05-11-1988
Meena Joshi,meenajos594@icloud.com,8185199683,"Villa 483, 3th Floor, Block E, MG Road, Chennai, Tamil Nadu - 600124",437105960233,WTQPJ0473E,10-01-2004
Rudra Iyer,rudraiye815@hotmail.com,6162596971,"Flat 61, 5th Floor, Block F, Ring Road, Kochi, Kerala - 682024",971631593809,ZMEPI7861C,16-11-1965
Diya Khan,diya.khan30@outlook.com,7608358897,"House No. 192, 11th Floor, C Wing, MG Road, Ahmedabad, Gujarat - 380041",784204954928,PMOPK5675H,20-09-1996
Geeta Khan,geeta.khan67@gmail.com,7413373326,"Flat 267, 2th Floor, Block E, Park Street, Ahmedabad, Gujarat - 380054",648902084273,LTSPK1921K,01-10-2002
Naresh Shetty,naresh.shetty33@outlook.com,9120528700,"Flat 193, 3th Floor, C Wing, Bypass Road, Bengaluru, Karnataka - 560074",721225624437,NZEPS9206N,06-06-1991
Pooja Sen,pooja.sen54@hotmail.com,7707010955,"House No. 466, 9th Floor, Block E, Link Road, Chandigarh, Chandigarh - 160039",778437117185,WUMPS9117R,04-04-1967
Naresh Khan,naresh.khan63@outlook.com,8891862393,"Plot No. 30, 9th Floor, Block F, Ring Road, Jaipur, Rajasthan - 302034",395715621000,IPWPK1940N,21-06-1989
Lata D'Souza,lata.d'souza44@icloud.com,9086146391,"Villa 325, 5th Floor, B Wing, Main Road, Pune, Maharashtra - 411010",983762314701,EMVPD0562T,22-07-1971
Anita Roy,anita.roy76@yahoo.com,6134214876,"House No. 361, 10th Floor, Block E, Bypass Road, Hyderabad, Telangana - 500004",481180319688,KGLPR9135Q,30-09-1976
Meena Pandey,meena.pandey64@outlook.com,8591987813,"Flat 404, 8th Floor, B Wing, Main Road, Coimbatore, Tamil Nadu - 641037",488239275413,QPBPP5544A,04-02-1990
Tanvi Gaekwad,tanvigae296@yahoo.com,6369070249,"Plot No. 346, 2th Floor, A Wing, Ring Road, Patna, Bihar - 800004",378789675360,AIYPG5457T,18-04-1985
Pranav Gaekwad,pranavgae577@yahoo.com,7269537244,"Villa 371, 2th Floor, B Wing, Link Road, Delhi, Delhi - 110073",895143692009,DYEPG5853J,01-08-1964
Pranav Malik,pranavmal620@icloud.com,7897064013,"Villa 427, 8th Floor, Block E, Link Road, Chandigarh, Chandigarh - 160034",837692461059,UTUPM3180J,04-12-1986
Mahesh Malik,maheshmal435@gmail.com,6594906035,"House No. 237, 1th Floor, D Wing, Station Road, Kanpur, Uttar Pradesh - 208021",250091719537,ERDPM7740R,11-12-1987
Ramesh Sheikh,ramesh.sheikh57@outlook.com,6545164339,"House No. 198, 14th Floor, D Wing, MG Road, Kochi, Kerala - 682009",297418868287,XLPPS1988O,14-10-1976
Om Kumar,omkum449@outlook.com,9165841300,"House No. 85, 1th Floor, D Wing, Park Street, Patna, Bihar - 800007",820667298361,SUJPK1028W,06-12-1975
Anita Shah,anita.shah93@icloud.com,9492803151,"Villa 162, 11th Floor, Block E, Station Road, Chennai, Tamil Nadu - 600044",972925783636,QDEPS3053E,13-05-1989
Pranav Shetty,pranav.shetty7@gmail.com,7307388801,"Flat 70, 5th Floor, Block F, Main Road, Mysuru, Karnataka - 570006",852101074520,XLWPS0099C,30-12-1965
Preeti Pillai,preetipil128@icloud.com,6115041225,"Flat 59, 3th Floor, Block E, Ring Road, Pune, Maharashtra - 411054",708267039097,HRAPP7991J,02-08-1981
Dinesh Nair,dineshnai132@outlook.com,6414688175,"Flat 290, 6th Floor, Block E, Main Road, Kanpur, Uttar Pradesh - 208003",683591275362,JPTPN9052Y,05-08-1980
Om Yadav,om.yadav85@outlook.com,6783563640,"Plot No. 260, 9th Floor, A Wing, Station Road, Kolkata, West Bengal - 700136",757717077576,NEOPY1061B,28-07-1985
Dhruv Agarwal,dhruvaga355@gmail.com,7538682815,"Villa 275, 1th Floor, A Wing, Ring Road, Patna, Bihar - 800027",816900853475,KBXPA7481I,02-11-1986
Aditi Pandey,aditipan368@outlook.com,7662639519,"House No. 274, 15th Floor, B Wing, Main Road, Kochi, Kerala - 682007",694155299277,PVOPP1358T,04-12-1996
Shaurya Rao,shaurya.rao3@gmail.com,6378718797,"House No. 293, 14th Floor, B Wing, MG Road, Kochi, Kerala - 682042",277258400906,FUKPR0946W,19-06-1994
Sunita Sharma,sunita.sharma43@gmail.com,7552889737,"Flat 227, 11th Floor, A Wing, Park Street, Thiruvananthapuram, Kerala - 695017",390241617723,PSUPS7309A,26-06-1989
Sanjay Shah,sanjay.shah98@gmail.com,8186470485,"House No. 105, 2th Floor, B Wing, Ring Road, Surat, Gujarat - 395001",647156503715,XWAPS0748Q,18-11-1979
Harish Iyengar,harish.iyengar56@icloud.com,7021526207,"Villa 294, 6th Floor, Block F, Ring Road, Kanpur, Uttar Pradesh - 208022",771869725006,TOHPI6587Z,31-05-1983
Aryan Arora,aryan.arora27@gmail.com,6081783135,"Flat 303, 12th Floor, B Wing, Bypass Road, Jaipur, Rajasthan - 302005",817658818837,MANPA1712L,14-08-1990
Sai Kulkarni,sai.kulkarni45@icloud.com,6782640834,"House No. 141, 1th Floor, B Wing, Circular Road, Delhi, Delhi - 110040",799108771756,MXVPK3579A,19-06-1977
Naresh Singh,naresh.singh69@hotmail.com,7007386543,"Flat 63, 3th Floor, D Wing, Link Road, Jaipur, Rajasthan - 302001",922497619348,PPUPS6013D,30-12-1961
Ashok Shetty,ashok.shetty17@outlook.com,6571826522,"Flat 207, 9th Floor, C Wing, Bypass Road, Jaipur, Rajasthan - 302008",865658404291,UBGPS7497G,24-01-1998
Tanvi Sen,tanvi.sen54@hotmail.com,7498764155,"House No. 63, 11th Floor, B Wing, Station Road, Chandigarh, Chandigarh - 160059",339683902829,ONPPS2207Z,23-07-1967
Reyansh Mehta,reyansh.mehta47@gmail.com,9689494927,"Villa 244, 8th Floor, C Wing, Park Street, Thiruvananthapuram, Kerala - 695014",932457195549,YNRPM4727V,20-01-1996
Advait Trivedi,advaittri656@gmail.com,9171699444,"Villa 110, 14th Floor, B Wing, Park Street, Chennai, Tamil Nadu - 600049",900429554712,BBOPT3168B,03-12-1963
Deepak Khan,deepakkha244@yahoo.com,9675329998,"Flat 283, 8th Floor, Block F, Circular Road, Hyderabad, Telangana - 500074",258841948246,JVYPK1188A,03-11-1980
Anjali Rao,anjalirao819@gmail.com,6693847381,"Villa 126, 8th Floor, A Wing, Ring Road, Mumbai, Maharashtra - 400098",418508226163,JBKPR4649Q,24-04-1989
Vivaan Yash,vivaanyas455@yahoo.com,6017550493,"Flat 148, 2th Floor, B Wing, Ring Road, Surat, Gujarat - 395008",901533879283,SFTPY1238V,07-02-1971
Aanya Khanna,aanya.khanna71@hotmail.com,9432628432,"Villa 197, 1th Floor, Block F, Main Road, Hyderabad, Telangana - 500085",767294424722,FNJPK7283U,23-12-1981
Sanjay Mukherjee,sanjay.mukherjee96@yahoo.com,7222756175,"Plot No. 350, 5th Floor, Block F, Station Road, Kochi, Kerala - 682014",930981819242,IDZPM2963L,29-02-2004
Sandeep Reddy,sandeep.reddy18@icloud.com,7093974980,"House No. 313, 4th Floor, D Wing, Ring Road, Mumbai, Maharashtra - 400078",985145549444,XJEPR9737E,06-06-1998
Om Reddy,om.reddy30@yahoo.com,7755737851,"House No. 462, 2th Floor, A Wing, Bypass Road, Hyderabad, Telangana - 500077",731264569675,OBLPR7171L,16-10-1967
Vijay Mishra,vijaymis337@outlook.com,7550135841,"House No. 374, 5th Floor, A Wing, Station Road, Pune, Maharashtra - 411046",573202201738,FEUPM6068M,15-02-1997
Kavita Mishra,kavitamis116@icloud.com,8886399875,"Flat 295, 3th Floor, Block E, Circular Road, Kanpur, Uttar Pradesh - 208018",310298493835,ASHPM2753E,10-11-1994
Shruti Fernandes,shruti.fernandes96@hotmail.com,6306533239,"Flat 423, 2th Floor, Block F, Bypass Road, Lucknow, Uttar Pradesh - 226030",841151644659,EGTPF6597R,30-07-1973
Lata Ansari,lata.ansari3@gmail.com,8703226008,"Plot No. 440, 15th Floor, Block F, Main Road, Kochi, Kerala - 682035",334973105388,QUVPA9312T,24-09-1960
Aditi Chawla,aditi.chawla35@yahoo.com,9160109728,"House No. 365, 9th Floor, B Wing, Station Road, Patna, Bihar - 800021",410151060978,JSPPC0420S,05-04-1999
Suman Grover,suman.grover52@hotmail.com,6094531942,"House No. 197, 6th Floor, Block F, Main Road, Mysuru, Karnataka - 570030",471472507623,HEYPG7509V,06-07-1984
Aditi Trivedi,adititri185@hotmail.com,7601616876,"Flat 475, 8th Floor, B Wing, Ring Road, Hyderabad, Telangana - 500095",425758483639,DOBPT1389R,20-02-1969
Aarav Iyengar,aarav.iyengar73@outlook.com,7335862342,"Plot No. 466, 13th Floor, B Wing, Link Road, Mysuru, Karnataka - 570008",841014423056,MZKPI7760X,24-03-1996
Krishna Malhotra,krishnamal465@gmail.com,8342108439,"House No. 358, 10th Floor, A Wing, Main Road, Thiruvananthapuram, Kerala - 695033",369646680268,PJXPM8511O,20-01-1998
Meena Pillai,meenapil603@hotmail.com,9664692659,"House No. 243, 14th Floor, D Wing, Park Street, Pune, Maharashtra - 411012",894825457634,JZOPP8200D,09-03-1977
Mahesh Arora,mahesh.arora50@icloud.com,6372420465,"House No. 35, 11th Floor, D Wing, MG Road, Hyderabad, Telangana - 500041",772677983002,XXBPA3043G,16-05-1964
Mahesh Deshmukh,mahesh.deshmukh73@gmail.com,7153238840,"Plot No. 190, 6th Floor, A Wing, Bypass Road, Bhubaneswar, Odisha - 751020",471810631985,JIXPD8066O,20-03-1994
Anjali Thakur,anjali.thakur56@yahoo.com,9516512654,"Villa 20, 5th Floor, B Wing, Station Road, Chandigarh, Chandigarh - 160029",615238778700,ASQPT5450N,28-05-1978
Dev Malhotra,dev.malhotra61@hotmail.com,7354336062,"Villa 212, 1th Floor, B Wing, MG Road, Mumbai, Maharashtra - 400027",907373668031,NTUPM7607W,07-04-1961
Anjali Roy,anjaliroy122@gmail.com,8931994934,"Flat 335, 11th Floor, D Wing, Station Road, Delhi, Delhi - 110079",790287982622,KKKPR7419I,07-12-1990
Advait D'Souza,advaitd's139@hotmail.com,6363409161,"House No. 64, 4th Floor, B Wing, Main Road, Kanpur, Uttar Pradesh - 208019",834528043326,IIIPD5816J,10-07-1984
Kavita Nair,kavitanai750@icloud.com,6591567407,"Flat 225, 11th Floor, Block F, MG Road, Bhubaneswar, Odisha - 751009",808125706029,QXFPN2489W,14-04-1999
Arjun Mukherjee,arjunmuk519@hotmail.com,9500021979,"Plot No. 408, 11th Floor, D Wing, MG Road, Jaipur, Rajasthan - 302027",686016561246,NEKPM6951E,06-05-1993
Arjun Shetty,arjun.shetty18@icloud.com,9142284746,"Plot No. 454, 2th Floor, B Wing, Bypass Road, Bhubaneswar, Odisha - 751016",394804463580,BXUPS2729C,25-01-2000
Krishna Chatterjee,krishna.chatterjee16@gmail.com,6588841936,"House No. 47, 13th Floor, B Wing, Park Street, Chennai, Tamil Nadu - 600097",660781829521,SVHPC8522F,31-07-1979
Shaurya Singh,shaurya.singh40@yahoo.com,6547970499,"House No. 41, 13th Floor, Block F, Link Road, Thiruvananthapuram, Kerala - 695043",260539543284,LUCPS2993R,04-02-2001
Satish Fernandes,satishfer178@gmail.com,8914876427,"Flat 300, 3th Floor, A Wing, Station Road, Coimbatore, Tamil Nadu - 641001",906983292401,DMFPF8016R,02-02-1963
Preeti Pandey,preetipan207@icloud.com,8077218890,"Plot No. 330, 1th Floor, Block F, Circular Road, Kanpur, Uttar Pradesh - 208014",855340026716,COEPP7753V,12-09-1989
Pooja Mehta,pooja.mehta87@gmail.com,6869814218,"House No. 291, 15th Floor, B Wing, MG Road, Kolkata, West Bengal - 700148",244922946897,MUDPM6611R,21-05-1993
Preeti Gupta,preeti.gupta96@gmail.com,6737866557,"Plot No. 488, 6th Floor, D Wing, Link Road, Bengaluru, Karnataka - 560078",234138651767,VVUPG3727F,28-11-1990
Ananya Rao,ananya.rao25@outlook.com,7151009991,"Plot No. 268, 15th Floor, D Wing, Station Road, Chennai, Tamil Nadu - 600047",511035807710,SCFPR0459H,17-11-2005
Ramesh Malik,rameshmal485@yahoo.com,8354681966,"Flat 5, 4th Floor, D Wing, Main Road, Chennai, Tamil Nadu - 600050",837570815180,XZOPM7833Y,15-04-1998
Prakash Patel,prakashpat397@outlook.com,8557531002,"Villa 159, 14th Floor, B Wing, Ring Road, Kanpur, Uttar Pradesh - 208014",771489125529,DVMPP5397S,10-06-1982
Riya Kulkarni,riyakul167@outlook.com,9849272545,"House No. 141, 1th Floor, B Wing, Main Road, Chennai, Tamil Nadu - 600049",289122943971,XKBPK1023S,11-10-1986
Ishaan Mukherjee,ishaan.mukherjee85@yahoo.com,6940177491,"House No. 72, 5th Floor, Block E, Circular Road, Bhubaneswar, Odisha - 751006",310967024911,YNSPM9347U,21-08-2000
Preeti Hegde,preetiheg583@outlook.com,9930721782,"Villa 310, 13th Floor, A Wing, MG Road, Nagpur, Maharashtra - 440009",884642873457,MGVPH5873D,31-10-1967
Aanya Mehta,aanya.mehta47@outlook.com,8867456443,"House No. 466, 9th Floor, A Wing, Circular Road, Bengaluru, Karnataka - 560027",813682332904,NAQPM4674B,08-03-2002
Pranav Banerjee,pranavban876@gmail.com,9179084815,"Villa 357, 2th Floor, A Wing, Circular Road, Chennai, Tamil Nadu - 600126",475073613204,BZMPB3223M,03-06-1975
Naresh Nair,naresh.nair83@icloud.com,6130736619,"Flat 297, 8th Floor, Block E, Bypass Road, Lucknow, Uttar Pradesh - 226015",981626671416,ZRFPN6597B,15-11-1964
Asha Mehta,ashameh929@yahoo.com,6215197096,"House No. 56, 13th Floor, D Wing, Ring Road, Mysuru, Karnataka - 570015",549928426786,XCOPM8405J,10-04-1991
Ishaan Iyer,ishaaniye208@yahoo.com,9370144987,"Plot No. 270, 11th Floor, Block E, Link Road, Chandigarh, Chandigarh - 160023",981259833991,SPXPI9368N,10-11-1983
Kiara Pillai,kiarapil182@yahoo.com,6091282775,"Plot No. 98, 10th Floor, Block E, Main Road, Lucknow, Uttar Pradesh - 226022",967326426677,GACPP4235V,09-04-1972
Mahesh Grover,mahesh.grover79@outlook.com,9162766478,"Villa 15, 11th Floor, C Wing, Bypass Road, Ahmedabad, Gujarat - 380034",613106660297,ETJPG5135N,28-07-1960
Kabir Singh,kabir.singh85@outlook.com,9810659503,"House No. 350, 13th Floor, B Wing, Bypass Road, Lucknow, Uttar Pradesh - 226027",437505432260,FPRPS4624B,09-09-1993
Satish Mehta,satishmeh709@outlook.com,9023071056,"Flat 212, 8th Floor, C Wing, Station Road, Ahmedabad, Gujarat - 380003",786795240874,DKYPM5075P,18-03-1997
Pooja Mukherjee,pooja.mukherjee74@hotmail.com,6481964240,"House No. 206, 6th Floor, C Wing, Circular Road, Ahmedabad, Gujarat - 380050",391600222656,PTTPM2662J,29-07-1980
Riya Thakur,riya.thakur94@gmail.com,8808965861,"House No. 337, 14th Floor, A Wing, Station Road, Ahmedabad, Gujarat - 380027",568757412287,NPAPT4447Z,16-05-1966
Ashok Roy,ashok.roy73@outlook.com,6408086283,"Plot No. 325, 8th Floor, A Wing, Park Street, Surat, Gujarat - 395012",470931912125,ZUSPR5353U,01-02-1972
Kriti Pillai,kriti.pillai22@hotmail.com,6685660902,"Plot No. 408, 5th Floor, A Wing, Station Road, Kochi, Kerala - 682036",312015026155,ZIXPP2771U,27-06-1984
Arjun Kumar,arjunkum239@icloud.com,9468809049,"Villa 15, 6th Floor, Block F, Station Road, Surat, Gujarat - 395003",746413728112,FGCPK4488M,17-07-1980
Kavita Shetty,kavitashe279@icloud.com,8485997526,"Flat 422, 1th Floor, C Wing, Bypass Road, Kolkata, West Bengal - 700126",484432908116,BWTPS6293S,17-04-1989
Lata Joshi,lata.joshi25@hotmail.com,6037492120,"Villa 19, 1th Floor, Block F, Ring Road, Patna, Bihar - 800014",957155562394,PNJPJ6914K,16-12-2000
Harish Sen,harish.sen80@gmail.com,6959905603,"Villa 392, 14th Floor, B Wing, Circular Road, Mysuru, Karnataka - 570013",303153087033,AFIPS6776V,04-09-1997
Rekha Yadav,rekha.yadav1@hotmail.com,6910729967,"Plot No. 395, 9th Floor, C Wing, Circular Road, Chennai, Tamil Nadu - 600046",357034349171,VBBPY3570K,11-05-1980
Sanjay Khanna,sanjaykha387@yahoo.com,8750636853,"House No. 260, 7th Floor, Block F, Main Road, Bhubaneswar, Odisha - 751020",893411525641,UMLPK0643W,27-05-1980
Ananya Bose,ananyabos869@hotmail.com,8148268272,"House No. 470, 10th Floor, B Wing, MG Road, Surat, Gujarat - 395007",292241177155,WGNPB7317Z,08-02-1986
Kiara Singh,kiara.singh14@outlook.com,9936099707,"Plot No. 187, 2th Floor, B Wing, Station Road, Coimbatore, Tamil Nadu - 641040",239868863594,DEHPS0756Y,22-04-2000
Tanvi Das,tanvi.das32@hotmail.com,9422563851,"House No. 57, 3th Floor, A Wing, Station Road, Kanpur, Uttar Pradesh - 208001",642381454032,PWIPD1546I,04-06-1976
Ayaans Sen,ayaanssen242@yahoo.com,6920744114,"House No. 312, 14th Floor, Block F, Ring Road, Kochi, Kerala - 682025",528453812916,NZBPS4009R,13-03-1980
Meena Gomes,meenagom142@gmail.com,7151847440,"Plot No. 130, 11th Floor, B Wing, Station Road, Pune, Maharashtra - 411004",422649232724,UJYPG5038S,24-09-1978
Tanvi Chavan,tanvicha736@icloud.com,7325377422,"Villa 33, 7th Floor, C Wing, Park Street, Kanpur, Uttar Pradesh - 208025",551454626055,HQLPC5588K,22-10-1968
Prakash Sheikh,prakashshe325@outlook.com,9449958539,"Flat 115, 15th Floor, A Wing, Main Road, Bengaluru, Karnataka - 560016",412161762519,OGVPS1029Q,18-04-1982
Amit Nair,amit.nair19@hotmail.com,6074988871,"Plot No. 268, 5th Floor, A Wing, Park Street, Mumbai, Maharashtra - 400046",580086665815,GTHPN6223Y,11-08-1981
Rahul Roy,rahulroy686@outlook.com,8659205488,"Flat 240, 15th Floor, B Wing, Link Road, Kochi, Kerala - 682024",779162907726,TELPR2320T,25-04-1996
Kavita Iyengar,kavitaiye448@gmail.com,6120084075,"House No. 67, 3th Floor, D Wing, Link Road, Kochi, Kerala - 682033",685993178587,QVPPI3405H,10-07-1995
Suresh Bajaj,suresh.bajaj52@hotmail.com,9379672803,"Flat 364, 10th Floor, Block E, Park Street, Kanpur, Uttar Pradesh - 208015",850123578223,UTIPB9708H,17-06-1987
Kabir Shetty,kabirshe244@icloud.com,7644148777,"Plot No. 63, 9th Floor, Block E, Main Road, Ahmedabad, Gujarat - 380022",880898809320,OTMPS4481P,17-11-1991
Harsh Iyer,harsh.iyer43@yahoo.com,8525003089,"Villa 445, 7th Floor, A Wing, Link Road, Jaipur, Rajasthan - 302013",987033215836,GBGPI9285Q,02-07-1998
Preeti Chatterjee,preeti.chatterjee29@hotmail.com,7628175060,"Villa 487, 2th Floor, Block E, MG Road, Bhubaneswar, Odisha - 751010",895131914296,OGYPC0746Z,26-11-1994
Rahul Gomes,rahul.gomes49@outlook.com,9812779491,"Plot No. 436, 14th Floor, C Wing, Link Road, Chandigarh, Chandigarh - 160044",591627049141,QYZPG5623H,05-07-1978
Ashok Grover,ashok.grover31@gmail.com,6037247094,"Plot No. 499, 2th Floor, B Wing, MG Road, Bengaluru, Karnataka - 560093",945529003592,UALPG7083S,17-10-1971
Ayaans Hegde,ayaansheg310@gmail.com,7716429461,"Plot No. 331, 13th Floor, D Wing, Station Road, Mysuru, Karnataka - 570021",433160308992,VYVPH5631C,10-03-1986
Vivaan Reddy,vivaan.reddy94@gmail.com,6402761778,"House No. 126, 3th Floor, B Wing, Park Street, Bengaluru, Karnataka - 560022",742231778162,ZDXPR4276L,26-09-1998
Dev Kulkarni,dev.kulkarni3@hotmail.com,8163502142,"Villa 334, 2th Floor, A Wing, Park Street, Nagpur, Maharashtra - 440002",306455820094,YCWPK2445D,02-09-1993
Saanvi Malik,saanvimal440@yahoo.com,6923879832,"House No. 365, 7th Floor, D Wing, Ring Road, Hyderabad, Telangana - 500022",298953425170,DGZPM5881V,02-02-1974
Shaurya Sen,shaurya.sen48@outlook.com,6871301618,"Plot No. 395, 13th Floor, A Wing, Station Road, Kochi, Kerala - 682002",412610906102,XSYPS6746W,18-02-2002
Asha Fernandes,asha.fernandes4@yahoo.com,6639348355,"Flat 278, 6th Floor, D Wing, Park Street, Jaipur, Rajasthan - 302020",917715564896,IHEPF2469M,16-11-1980
Krishna Gomes,krishnagom433@icloud.com,6993263430,"Villa 81, 1th Floor, C Wing, Link Road, Patna, Bihar - 800005",601521738101,VQTPG7332J,25-10-2002
Saanvi Choudhury,saanvicho449@icloud.com,9390316972,"Plot No. 330, 14th Floor, Block E, Park Street, Kochi, Kerala - 682007",273431908573,IMTPC8675V,02-07-2002
Sai Joshi,saijos255@yahoo.com,6955772005,"Flat 284, 10th Floor, D Wing, Park Street, Hyderabad, Telangana - 500054",553820187767,WCFPJ9441C,19-03-1993
Sanjay Malhotra,sanjaymal210@yahoo.com,6736620627,"Plot No. 233, 15th Floor, A Wing, Bypass Road, Mysuru, Karnataka - 570009",945071623925,ENVPM5557K,01-11-1999
Geeta Arora,geeta.arora66@gmail.com,6565553040,"House No. 322, 15th Floor, Block E, Main Road, Chandigarh, Chandigarh - 160034",927075933592,JFGPA8448E,24-02-1982
Ayaans Gomes,ayaans.gomes76@gmail.com,6637811868,"House No. 279, 4th Floor, Block E, Circular Road, Bhubaneswar, Odisha - 751026",634571284038,IYBPG5887Z,01-08-1960
Sneha Kapoor,sneha.kapoor95@gmail.com,9323351950,"House No. 97, 14th Floor, B Wing, Park Street, Patna, Bihar - 800014",605938983333,OVQPK7335X,17-04-1965
Arnav Khan,arnavkha744@icloud.com,6488059515,"Villa 141, 7th Floor, C Wing, Link Road, Surat, Gujarat - 395007",473006364704,ZQPPK0428U,09-01-1964
Anjali Arora,anjali.arora70@icloud.com,8476337799,"Flat 477, 5th Floor, D Wing, MG Road, Hyderabad, Telangana - 500066",330376049191,XPTPA9705O,04-03-2000
Amit Nair,amitnai153@yahoo.com,6362255784,"House No. 77, 3th Floor, B Wing, Station Road, Nagpur, Maharashtra - 440001",338869186607,ATZPN4195P,22-04-1974
Sneha Joshi,snehajos448@icloud.com,8369810534,"House No. 151, 8th Floor, C Wing, Link Road, Mumbai, Maharashtra - 400047",508107993456,LCHPJ9072M,17-10-2000
Tanvi Arora,tanviaro849@yahoo.com,7599917802,"Plot No. 96, 14th Floor, B Wing, Ring Road, Chandigarh, Chandigarh - 160023",572263861716,RCGPA8358D,27-02-2004
Naresh Nair,nareshnai257@outlook.com,6357835421,"House No. 451, 11th Floor, Block F, Circular Road, Bengaluru, Karnataka - 560091",996144400579,SPTPN8431K,18-05-1975
Kiara Gaekwad,kiara.gaekwad91@icloud.com,9465506530,"Flat 217, 9th Floor, Block F, Bypass Road, Chennai, Tamil Nadu - 600002",723204204224,OAIPG2848K,10-05-1964
Reyansh Shah,reyanshsha241@outlook.com,6893200858,"House No. 34, 15th Floor, Block E, Main Road, Jaipur, Rajasthan - 302021",469446431029,DXEPS0976U,22-08-1990
Satish Mehta,satishmeh604@gmail.com,9208927997,"Plot No. 285, 4th Floor, B Wing, Park Street, Patna, Bihar - 800007",274268901750,DOPPM5475B,11-10-1979
Reyansh Hegde,reyanshheg225@outlook.com,7664096801,"Flat 108, 10th Floor, A Wing, Station Road, Chennai, Tamil Nadu - 600007",904765954408,RRQPH5037F,20-01-1966
Rahul Verma,rahulver668@gmail.com,7960462087,"Plot No. 113, 3th Floor, B Wing, Station Road, Hyderabad, Telangana - 500071",763439768252,HQDPV5474G,05-05-1975
Harsh Das,harsh.das58@outlook.com,8065413907,"House No. 66, 10th Floor, D Wing, Link Road, Delhi, Delhi - 110033",222212370322,QQRPD9702V,02-12-1998
Ananya Kumar,ananyakum242@gmail.com,6084106977,"House No. 458, 3th Floor, B Wing, Bypass Road, Jaipur, Rajasthan - 302022",577364217857,FFQPK0436T,20-01-1968
Asha Chawla,asha.chawla38@yahoo.com,9919180981,"Plot No. 169, 12th Floor, B Wing, Ring Road, Chandigarh, Chandigarh - 160036",737004102336,YFRPC6411M,18-04-1971
Mahesh Chavan,mahesh.chavan84@gmail.com,6364903657,"Villa 76, 10th Floor, Block F, Main Road, Nagpur, Maharashtra - 440028",390101855405,YPYPC4487A,14-10-1979
Aanya Bajaj,aanyabaj595@outlook.com,8907923285,"Villa 128, 7th Floor, B Wing, Main Road, Coimbatore, Tamil Nadu - 641016",257620726693,DRWPB5852W,01-02-1969
Satish Shetty,satishshe327@icloud.com,9394874224,"Plot No. 300, 1th Floor, Block E, Main Road, Coimbatore, Tamil Nadu - 641047",626926344483,AIDPS0545U,22-12-1994
Vihaan Singh,vihaansin752@hotmail.com,7867566807,"Plot No. 357, 12th Floor, Block F, Ring Road, Coimbatore, Tamil Nadu - 641020",307178065502,NJPPS2231I,21-12-1996
Shruti Iyengar,shrutiiye113@hotmail.com,8796675813,"Plot No. 355, 5th Floor, D Wing, Ring Road, Ahmedabad, Gujarat - 380015",823696637861,FAIPI5977Y,14-10-1996
Suresh Yadav,sureshyad158@outlook.com,6692519115,"Plot No. 497, 13th Floor, B Wing, Link Road, Kolkata, West Bengal - 700110",981362480467,PTHPY3839K,28-10-1964
Ayaans Malhotra,ayaansmal495@yahoo.com,7141350397,"Flat 154, 14th Floor, A Wing, Link Road, Kochi, Kerala - 682021",211906773685,FVHPM7476D,15-05-1970
Aditya Choudhury,aditya.choudhury69@outlook.com,8008110521,"Flat 342, 15th Floor, D Wing, Bypass Road, Chennai, Tamil Nadu - 600068",878619866453,HQGPC7331B,19-05-1999
Tanvi Kulkarni,tanvi.kulkarni52@gmail.com,9773533964,"Plot No. 47, 3th Floor, D Wing, Circular Road, Nagpur, Maharashtra - 440018",998802720993,KFLPK1209Q,15-09-2000
Harsh Choudhury,harsh.choudhury40@hotmail.com,8758701280,"Flat 99, 5th Floor, A Wing, Station Road, Thiruvananthapuram, Kerala - 695030",838610108301,LGKPC2780B,27-04-1989
Geeta Gupta,geetagup517@yahoo.com,6962841944,"Villa 318, 1th Floor, Block F, Circular Road, Jaipur, Rajasthan - 302019",992321839576,WRLPG3893G,10-05-1989
Deepak Iyer,deepakiye215@icloud.com,6786318927,"Plot No. 212, 9th Floor, D Wing, Bypass Road, Kochi, Kerala - 682025",937995688085,XWTPI6652D,03-03-1994
Amit Bajaj,amitbaj638@hotmail.com,8801051184,"Villa 473, 5th Floor, A Wing, MG Road, Mysuru, Karnataka - 570022",420583595788,AWRPB3526F,25-02-2000
Neha Arora,neha.arora69@yahoo.com,9706250917,"Villa 498, 2th Floor, A Wing, MG Road, Patna, Bihar - 800006",760699323236,PWHPA6540C,04-10-2002
Amit Pillai,amit.pillai9@gmail.com,7722163174,"House No. 281, 10th Floor, B Wing, Ring Road, Bengaluru, Karnataka - 560080",534095863546,SFHPP2662I,28-08-1973
Meena Roy,meenaroy117@hotmail.com,7663389122,"Flat 95, 14th Floor, B Wing, Ring Road, Kochi, Kerala - 682002",260931417336,DFHPR9338C,18-01-1983
Dev Malhotra,dev.malhotra36@icloud.com,8238589725,"Villa 234, 12th Floor, A Wing, Main Road, Mumbai, Maharashtra - 400099",423709031346,JJHPM9015V,08-05-1980
Sanjay Sheikh,sanjay.sheikh43@icloud.com,9509012818,"House No. 326, 7th Floor, C Wing, Circular Road, Ahmedabad, Gujarat - 380042",230067991346,RXBPS6065M,17-10-1965
Aryan Pillai,aryanpil961@outlook.com,7672340688,"House No. 247, 13th Floor, C Wing, Main Road, Jaipur, Rajasthan - 302032",868970734218,AXYPP8931M,24-04-2005
Pranav Shah,pranavsha690@icloud.com,7420566807,"House No. 203, 8th Floor, C Wing, Bypass Road, Hyderabad, Telangana - 500046",729805303610,AIUPS6051A,23-01-1962
Saanvi Sheikh,saanvi.sheikh92@icloud.com,9264627167,"Flat 185, 10th Floor, B Wing, Circular Road, Kolkata, West Bengal - 700034",615723974247,JEUPS5891T,04-05-1988
Mahesh Yash,maheshyas433@gmail.com,9563160328,"Plot No. 344, 9th Floor, Block E, Ring Road, Thiruvananthapuram, Kerala - 695033",617263528828,AVVPY8231J,11-04-1977
Diya Arora,diya.arora20@outlook.com,7989042698,"Villa 279, 3th Floor, C Wing, Main Road, Pune, Maharashtra - 411035",667099785061,MCHPA1217Q,01-10-1967
Lata Khanna,latakha532@hotmail.com,8223384446,"Villa 291, 12th Floor, C Wing, Park Street, Nagpur, Maharashtra - 440006",771170494415,GMDPK4518Y,06-08-1979
Reyansh Mishra,reyansh.mishra20@gmail.com,9704915610,"Villa 66, 7th Floor, A Wing, Ring Road, Pune, Maharashtra - 411060",885164064005,RYXPM4451X,19-01-1972
Naresh Reddy,naresh.reddy62@yahoo.com,6166497248,"Plot No. 408, 10th Floor, C Wing, Ring Road, Hyderabad, Telangana - 500020",685913375993,HILPR8238R,06-12-1967
Naresh Gaekwad,nareshgae705@outlook.com,9568929247,"Flat 242, 3th Floor, C Wing, Ring Road, Kanpur, Uttar Pradesh - 208017",951315463676,EDGPG6062T,31-07-1985
Riya Chatterjee,riya.chatterjee60@yahoo.com,8557699987,"Flat 320, 5th Floor, Block E, Main Road, Surat, Gujarat - 395002",536399601447,DLVPC9977V,30-09-1966
Pooja Malhotra,poojamal737@outlook.com,6409774184,"Villa 130, 14th Floor, A Wing, Circular Road, Bengaluru, Karnataka - 560019",552932276973,WVBPM5721Q,24-08-1998
Riya Choudhury,riya.choudhury87@yahoo.com,9917499394,"House No. 229, 12th Floor, Block E, Station Road, Kolkata, West Bengal - 700042",255470068873,ZWAPC2962A,24-12-1990
Geeta Khanna,geeta.khanna32@yahoo.com,9628271288,"House No. 63, 1th Floor, Block F, Bypass Road, Chennai, Tamil Nadu - 600106",925407748816,QEAPK4328C,10-02-1972
Preeti Gaekwad,preetigae874@hotmail.com,8278943788,"Plot No. 71, 8th Floor, C Wing, Station Road, Chandigarh, Chandigarh - 160027",606505809531,NJOPG0594R,28-10-2001
Dev Shah,dev.shah90@outlook.com,7845688932,"Flat 327, 15th Floor, D Wing, Station Road, Mysuru, Karnataka - 570027",282281940334,SWPPS7593G,13-06-1994
Asha Agarwal,ashaaga465@icloud.com,8490867813,"House No. 354, 12th Floor, A Wing, Station Road, Kochi, Kerala - 682010",876475833566,HQQPA2822O,15-10-1960
Anita Grover,anitagro583@hotmail.com,9308429850,"Flat 326, 3th Floor, B Wing, Bypass Road, Jaipur, Rajasthan - 302029",304636320154,MCEPG1491X,07-10-1975
Rudra Gomes,rudra.gomes84@hotmail.com,6941949265,"Plot No. 359, 9th Floor, A Wing, Link Road, Bengaluru, Karnataka - 560016",223152180961,EJTPG2018X,10-09-1986
Vikram Das,vikram.das94@icloud.com,6657273801,"Plot No. 283, 5th Floor, C Wing, Bypass Road, Kanpur, Uttar Pradesh - 208023",524540536065,NQDPD5409Q,14-09-1992
Kiara Nair,kiaranai286@icloud.com,7292346718,"Villa 39, 11th Floor, D Wing, Main Road, Ahmedabad, Gujarat - 380018",474307667400,DUQPN4766S,21-10-1992
Om Bose,om.bose74@hotmail.com,7408476520,"House No. 95, 11th Floor, C Wing, Ring Road, Kolkata, West Bengal - 700098",380388143710,JWKPB8260S,28-01-1996
Diya Verma,diyaver422@gmail.com,9522178066,"Plot No. 436, 9th Floor, A Wing, Main Road, Chandigarh, Chandigarh - 160045",216368426336,CRSPV1355T,27-01-1999
Gaurav Deshmukh,gauravdes248@icloud.com,6841476238,"Villa 417, 13th Floor, D Wing, MG Road, Pune, Maharashtra - 411011",661867716418,DINPD0499C,30-07-1973
Sanjay Shetty,sanjay.shetty26@yahoo.com,7979801347,"Flat 481, 10th Floor, D Wing, Ring Road, Mysuru, Karnataka - 570024",586675196537,MOAPS3927J,13-09-1967
Tanvi Mishra,tanvimis731@hotmail.com,6530833601,"Villa 471, 2th Floor, C Wing, Station Road, Ahmedabad, Gujarat - 380028",388882703224,XQTPM1360J,08-07-1977
Rekha Chatterjee,rekhacha559@hotmail.com,7940819275,"House No. 251, 8th Floor, C Wing, Park Street, Kochi, Kerala - 682018",992270192467,LTKPC7963H,28-07-2002
Shaurya Bajaj,shaurya.bajaj10@icloud.com,9087165081,"House No. 411, 11th Floor, D Wing, Bypass Road, Jaipur, Rajasthan - 302004",335242816945,HZWPB8455J,22-07-1974
Preeti Iyer,preetiiye754@hotmail.com,7987920148,"House No. 102, 8th Floor, Block E, Link Road, Mysuru, Karnataka - 570029",799686506601,CMLPI5865D,26-04-1967
Yash Verma,yash.verma31@outlook.com,6066056772,"Villa 10, 1th Floor, Block E, Park Street, Bengaluru, Karnataka - 560025",580063993782,YHNPV9109V,23-10-2004
Prakash Kulkarni,prakashkul690@gmail.com,7091651680,"Villa 95, 2th Floor, C Wing, Main Road, Mumbai, Maharashtra - 400035",770093587170,FABPK5550U,28-09-1969
Vijay Kulkarni,vijaykul112@gmail.com,7994232554,"House No. 132, 10th Floor, B Wing, Main Road, Coimbatore, Tamil Nadu - 641042",412430258330,GMUPK1322P,28-11-1997
Vihaan Trivedi,vihaantri770@outlook.com,9309811078,"Villa 215, 14th Floor, D Wing, Ring Road, Mumbai, Maharashtra - 400094",653343357843,OBYPT1180G,29-09-1977
Anita Joshi,anitajos317@hotmail.com,6605033511,"Villa 285, 13th Floor, C Wing, Circular Road, Lucknow, Uttar Pradesh - 226008",936253034260,FOHPJ2269T,19-09-1971
Rekha Iyer,rekha.iyer82@icloud.com,7940097511,"House No. 310, 11th Floor, Block F, Park Street, Mumbai, Maharashtra - 400024",299656789564,XLTPI8171G,20-05-1963
Sanjay Reddy,sanjayred903@icloud.com,8221384332,"House No. 392, 1th Floor, A Wing, MG Road, Nagpur, Maharashtra - 440016",629560302930,SKQPR7202A,22-08-2000
Harsh Iyengar,harshiye958@yahoo.com,8693186062,"Flat 137, 4th Floor, Block E, Ring Road, Hyderabad, Telangana - 500082",643730535962,PNHPI0097M,29-07-1980
Rudra Das,rudradas772@yahoo.com,9748813914,"Flat 119, 8th Floor, C Wing, Bypass Road, Mysuru, Karnataka - 570028",614314013988,PWRPD4295H,18-02-1978
Preeti Nair,preetinai361@yahoo.com,6888563802,"House No. 36, 3th Floor, A Wing, MG Road, Thiruvananthapuram, Kerala - 695022",616485155964,RPBPN3218O,04-05-1961
Priya Kapoor,priyakap843@icloud.com,7359402169,"Flat 464, 7th Floor, Block E, Station Road, Thiruvananthapuram, Kerala - 695045",556362244626,KLNPK1577E,18-07-1980
Dev Arora,devaro591@yahoo.com,8847927059,"Plot No. 194, 2th Floor, D Wing, Main Road, Patna, Bihar - 800009",736068447067,JATPA1260E,04-07-2005
Suman Malhotra,suman.malhotra7@gmail.com,6064802325,"Flat 32, 13th Floor, Block E, Station Road, Kochi, Kerala - 682026",684894654112,IWFPM2960N,22-05-1967
Neha Khan,nehakha585@yahoo.com,7186678239,"Plot No. 221, 12th Floor, D Wing, Bypass Road, Kanpur, Uttar Pradesh - 208016",794863787855,SXOPK1189P,30-09-1971
Kriti Thakur,kriti.thakur67@gmail.com,9337874726,"House No. 428, 7th Floor, Block F, Station Road, Jaipur, Rajasthan - 302014",561593640762,BWUPT2820P,01-08-1987
Arnav Thakur,arnav.thakur79@hotmail.com,7245912314,"House No. 42, 13th Floor, C Wing, Link Road, Nagpur, Maharashtra - 440018",745143438250,BQXPT6992B,12-04-1991
Arjun Kumar,arjunkum809@gmail.com,8928349428,"House No. 227, 1th Floor, D Wing, MG Road, Hyderabad, Telangana - 500046",971497642369,DPUPK0324F,05-05-1976
Vikram Banerjee,vikram.banerjee9@hotmail.com,6170052459,"Flat 49, 3th Floor, D Wing, Station Road, Lucknow, Uttar Pradesh - 226001",920984027094,GCLPB2119Y,11-12-2003
Shaurya Chavan,shauryacha838@yahoo.com,9156368864,"Plot No. 332, 1th Floor, C Wing, Circular Road, Lucknow, Uttar Pradesh - 226021",896062853674,TFRPC1871Z,11-08-1966
Rohan Thakur,rohan.thakur53@yahoo.com,6331127064,"Villa 453, 15th Floor, Block E, Main Road, Surat, Gujarat - 395005",249791030337,STDPT6185W,18-02-1960
Kiara Kapoor,kiarakap549@gmail.com,8409305776,"Flat 197, 10th Floor, Block F, Link Road, Nagpur, Maharashtra - 440019",800542863574,BRQPK5174I,20-08-1986
Shruti Singh,shrutisin658@yahoo.com,7355263733,"Villa 392, 2th Floor, D Wing, Ring Road, Thiruvananthapuram, Kerala - 695004",243810063105,TUXPS5076D,24-11-1982
Aarav Arora,aaravaro539@icloud.com,6690733821,"House No. 28, 1th Floor, Block E, Station Road, Pune, Maharashtra - 411039",349892168509,QTIPA7939Q,19-09-1979
Rajesh Trivedi,rajesh.trivedi51@icloud.com,6960338223,"House No. 94, 4th Floor, C Wing, Main Road, Thiruvananthapuram, Kerala - 695041",955727059250,UCRPT8720N,06-01-1996
Gaurav Agarwal,gauravaga515@hotmail.com,9130848397,"Flat 201, 12th Floor, D Wing, Main Road, Mysuru, Karnataka - 570001",495689865748,YSYPA3670N,20-11-1965
Dinesh Bose,dinesh.bose2@gmail.com,8043880153,"Flat 6, 13th Floor, C Wing, Main Road, Nagpur, Maharashtra - 440023",734858425561,ICXPB7843Z,25-06-2000
Rajesh Verma,rajesh.verma13@icloud.com,8798169535,"Villa 390, 14th Floor, Block E, Main Road, Mysuru, Karnataka - 570009",804259904019,HSZPV5898C,29-08-2005
Shruti Pandey,shrutipan386@outlook.com,9434259512,"Villa 389, 10th Floor, C Wing, Link Road, Mysuru, Karnataka - 570018",582106286852,DVBPP0735T,29-11-1962
Reyansh Shah,reyansh.shah24@outlook.com,8414822430,"Plot No. 259, 9th Floor, Block E, Circular Road, Chennai, Tamil Nadu - 600087",773939742608,LLBPS2625Z,26-10-1969
Anjali Yash,anjali.yash87@yahoo.com,8956917207,"Villa 360, 8th Floor, Block E, Main Road, Pune, Maharashtra - 411016",936301527737,JWRPY1184I,12-05-2004
Ashok Ansari,ashok.ansari3@outlook.com,8409002558,"House No. 166, 14th Floor, D Wing, Main Road, Jaipur, Rajasthan - 302033",330220373540,ZLUPA3340Z,09-08-1968
Kavita Chatterjee,kavita.chatterjee88@hotmail.com,9093371986,"Plot No. 37, 1th Floor, B Wing, Station Road, Kolkata, West Bengal - 700130",665481932206,CLFPC5019Z,02-02-1967
Asha Chavan,ashacha829@hotmail.com,6470062250,"Villa 171, 10th Floor, A Wing, Ring Road, Nagpur, Maharashtra - 440029",689092393604,UIPPC0706N,03-08-1964
Harsh Gaekwad,harshgae428@yahoo.com,7983112598,"Flat 264, 12th Floor, Block E, Ring Road, Chennai, Tamil Nadu - 600036",216244451696,CGPPG0340R,06-04-1985
Ramesh D'Souza,ramesh.d'souza42@yahoo.com,7743939191,"Plot No. 162, 10th Floor, C Wing, MG Road, Lucknow, Uttar Pradesh - 226012",820952795860,OFLPD0933U,13-09-1979
Vivaan Iyengar,vivaan.iyengar7@hotmail.com,7053845281,"Villa 264, 6th Floor, D Wing, Circular Road, Coimbatore, Tamil Nadu - 641017",432661038211,QNFPI0502L,16-08-1988
Arjun Pandey,arjunpan873@icloud.com,7942649770,"House No. 150, 6th Floor, D Wing, Link Road, Chandigarh, Chandigarh - 160018",355527421691,SLYPP7594D,15-05-1961
Sneha Das,snehadas150@hotmail.com,8782924098,"Villa 207, 2th Floor, Block F, Station Road, Kochi, Kerala - 682025",900749890061,RBEPD0315L,02-10-1998
Preeti Deshmukh,preeti.deshmukh41@yahoo.com,8924445076,"Villa 271, 15th Floor, Block E, Station Road, Surat, Gujarat - 395005",759398977514,EKWPD8074E,27-03-1974
Ishaan Reddy,ishaan.reddy1@yahoo.com,9001452323,"Flat 389, 5th Floor, B Wing, MG Road, Mysuru, Karnataka - 570025",617939538430,PCWPR8466A,14-04-1962
Neha Thakur,neha.thakur43@gmail.com,7331393605,"Flat 348, 8th Floor, B Wing, Station Road, Chandigarh, Chandigarh - 160026",356762386582,MHAPT1618B,12-12-1976
Diya Arora,diyaaro548@icloud.com,7634054755,"Villa 319, 9th Floor, B Wing, Link Road, Nagpur, Maharashtra - 440022",499181280919,COPPA0198F,25-09-2003
Preeti Khanna,preetikha704@outlook.com,9858766121,"Plot No. 373, 5th Floor, C Wing, Station Road, Jaipur, Rajasthan - 302032",765743759824,RCGPK2818A,04-07-1968
Rudra Kapoor,rudrakap460@icloud.com,8573526407,"Plot No. 436, 11th Floor, Block E, Station Road, Bengaluru, Karnataka - 560090",510465274045,NIKPK4312S,14-01-1965
Priya D'Souza,priya.d'souza23@hotmail.com,8729926337,"Flat 307, 6th Floor, A Wing, Station Road, Pune, Maharashtra - 411058",591222761584,YELPD1187W,21-07-1986
Rudra Reddy,rudra.reddy31@gmail.com,6329757034,"Villa 438, 2th Floor, Block F, Station Road, Mumbai, Maharashtra - 400080",685436274818,OGDPR7852S,24-12-2002
Lata Banerjee,lataban359@hotmail.com,6926175869,"Plot No. 83, 11th Floor, Block E, MG Road, Mysuru, Karnataka - 570015",239161028111,DPBPB4047R,12-02-2002
Vikram Chavan,vikram.chavan39@icloud.com,6702073970,"House No. 495, 2th Floor, D Wing, Link Road, Nagpur, Maharashtra - 440027",781077196767,XICPC6606I,07-05-1990
Prakash Gomes,prakashgom905@outlook.com,7450498864,"Villa 287, 12th Floor, C Wing, Circular Road, Kolkata, West Bengal - 700057",326527667315,LFKPG4178G,17-05-1976
Aadhya Joshi,aadhyajos651@gmail.com,8063458569,"Flat 1, 5th Floor, C Wing, Bypass Road, Chandigarh, Chandigarh - 160048",463424235928,QUPPJ0052L,13-05-1967
Rahul Rao,rahulrao973@yahoo.com,9182114084,"Plot No. 80, 7th Floor, A Wing, Circular Road, Kochi, Kerala - 682030",671216275733,WFBPR0611U,08-01-1980
Lata Khan,latakha259@icloud.com,8802335235,"Plot No. 349, 6th Floor, Block E, Bypass Road, Kochi, Kerala - 682041",583846074916,XTQPK1555N,21-02-1969
Om Malik,ommal913@outlook.com,8104242584,"House No. 103, 4th Floor, C Wing, Ring Road, Lucknow, Uttar Pradesh - 226012",376853849940,QXIPM7727T,16-08-2000
Ayaans Fernandes,ayaansfer993@yahoo.com,9140046408,"Flat 489, 8th Floor, B Wing, Bypass Road, Chandigarh, Chandigarh - 160055",388575245216,JFUPF0118B,24-02-1975
Arnav Trivedi,arnav.trivedi81@icloud.com,6121594633,"Flat 385, 15th Floor, Block F, Ring Road, Hyderabad, Telangana - 500072",627690177069,UBWPT5337B,30-01-1971
Priya Roy,priyaroy885@icloud.com,8143646296,"Plot No. 160, 12th Floor, C Wing, Link Road, Bhubaneswar, Odisha - 751002",390926712584,AJZPR7608V,14-03-1982
Ananya Kulkarni,ananya.kulkarni32@outlook.com,6797407685,"Plot No. 429, 13th Floor, Block E, Link Road, Lucknow, Uttar Pradesh - 226009",759334886954,NRBPK0220V,07-10-1999
Meena Chatterjee,meenacha306@gmail.com,8959627423,"Flat 458, 14th Floor, B Wing, Main Road, Hyderabad, Telangana - 500039",637037526968,LPLPC3916U,21-04-1969
Om Kapoor,om.kapoor34@hotmail.com,7276616398,"Flat 403, 2th Floor, D Wing, Link Road, Delhi, Delhi - 110068",451257481532,JNUPK0639Q,01-09-1969
Prakash Sharma,prakash.sharma68@outlook.com,6609939600,"Plot No. 296, 13th Floor, B Wing, Circular Road, Chandigarh, Chandigarh - 160052",261772382075,CDHPS4865O,28-07-1997
Ishaan Sharma,ishaan.sharma32@yahoo.com,8017328159,"Plot No. 108, 2th Floor, B Wing, Park Street, Surat, Gujarat - 395012",874009404378,DJCPS1958O,11-02-1980
Kavita Kumar,kavitakum370@gmail.com,6300572395,"Villa 500, 10th Floor, A Wing, Link Road, Coimbatore, Tamil Nadu - 641012",531671629968,CVOPK5481J,11-06-1986
Atharva Khanna,atharva.khanna92@yahoo.com,6560232474,"Villa 497, 10th Floor, B Wing, Ring Road, Lucknow, Uttar Pradesh - 226030",385513703597,TORPK0878U,02-01-1986
Saanvi Deshmukh,saanvi.deshmukh66@hotmail.com,7693949957,"House No. 27, 4th Floor, C Wing, Link Road, Chennai, Tamil Nadu - 600008",304811468138,ZSXPD3313Q,15-08-1998
Rohan Grover,rohan.grover85@outlook.com,8249371041,"House No. 413, 15th Floor, Block E, Circular Road, Jaipur, Rajasthan - 302026",303016404039,WOYPG6211Q,26-10-1961
Lata Kapoor,lata.kapoor5@outlook.com,6482199120,"Plot No. 478, 5th Floor, A Wing, Circular Road, Lucknow, Uttar Pradesh - 226005",216641509957,XKMPK8113I,05-12-1979
Reyansh Choudhury,reyansh.choudhury29@yahoo.com,8939282235,"Villa 125, 5th Floor, Block F, Ring Road, Patna, Bihar - 800028",462471939165,FOVPC7308P,17-02-1972
Sneha Sharma,sneha.sharma30@hotmail.com,6254064676,"Villa 75, 8th Floor, Block F, Ring Road, Kolkata, West Bengal - 700017",732912365564,IDIPS9300C,08-01-1993
Aarav Mehta,aarav.mehta72@yahoo.com,6922834364,"Villa 218, 4th Floor, A Wing, MG Road, Ahmedabad, Gujarat - 380024",869580494066,JJNPM5157D,19-07-2003
Ayaans Bajaj,ayaans.bajaj30@gmail.com,8928445507,"House No. 419, 10th Floor, Block F, Link Road, Ahmedabad, Gujarat - 380054",237944000105,NQSPB7790H,11-10-1998
Sneha Malik,sneha.malik49@outlook.com,6696892869,"Villa 492, 14th Floor, Block E, Main Road, Chandigarh, Chandigarh - 160054",685963572231,KEYPM6057S,19-08-1985
Arjun Das,arjun.das59@outlook.com,6154475124,"House No. 245, 11th Floor, Block E, Park Street, Kolkata, West Bengal - 700126",202032870789,MWCPD7832V,10-12-1971
Sandeep Arora,sandeeparo821@gmail.com,8732222326,"Villa 462, 6th Floor, C Wing, Link Road, Pune, Maharashtra - 411006",898832099124,EGJPA8390X,07-07-1997
Aanya Thakur,aanyatha888@outlook.com,9278573023,"Plot No. 286, 5th Floor, D Wing, Ring Road, Bhubaneswar, Odisha - 751027",346733909213,XOBPT1832P,12-07-1983
Vihaan Shah,vihaansha704@outlook.com,8341881576,"Plot No. 463, 1th Floor, B Wing, Station Road, Kolkata, West Bengal - 700022",845982194151,PNYPS3861R,07-06-1962
Yash Mukherjee,yash.mukherjee2@yahoo.com,8355599539,"Flat 394, 15th Floor, Block F, Circular Road, Jaipur, Rajasthan - 302012",800642092259,PZHPM9670O,06-10-1967
Advait Roy,advait.roy91@gmail.com,6322323543,"Villa 370, 15th Floor, C Wing, Circular Road, Coimbatore, Tamil Nadu - 641045",565602674121,MHQPR2459M,27-09-1976
Diya Mishra,diyamis246@outlook.com,7960996079,"Flat 3, 6th Floor, A Wing, Circular Road, Coimbatore, Tamil Nadu - 641038",271081653598,LXVPM1532B,23-04-1975
Vikram Khanna,vikramkha378@yahoo.com,8015280064,"Flat 488, 11th Floor, C Wing, Ring Road, Kochi, Kerala - 682027",999324696492,QSNPK3899S,05-12-1996
Harish Sharma,harishsha827@hotmail.com,7005476424,"Plot No. 73, 12th Floor, Block E, Link Road, Patna, Bihar - 800009",383255126691,PURPS2729O,13-08-1976
Ishaan Pandey,ishaanpan807@gmail.com,9022963165,"House No. 141, 14th Floor, A Wing, Park Street, Pune, Maharashtra - 411008",234176097137,PPTPP3864A,26-06-1983
Preeti Verma,preetiver144@icloud.com,9478635943,"Flat 408, 3th Floor, B Wing, Bypass Road, Mumbai, Maharashtra - 400090",615354318705,YBTPV8221Y,25-06-1996
Pranav Yadav,pranav.yadav48@icloud.com,7408407493,"Plot No. 455, 2th Floor, D Wing, Link Road, Kochi, Kerala - 682016",525287440291,GGEPY2760G,04-03-1976
Shaurya Sheikh,shaurya.sheikh14@hotmail.com,9438551299,"Villa 360, 4th Floor, A Wing, MG Road, Kochi, Kerala - 682028",783097690463,KAPPS7318R,24-04-1990
Priya Deshmukh,priyades345@yahoo.com,8095332433,"Villa 295, 13th Floor, Block E, Park Street, Surat, Gujarat - 395001",633890254712,PRAPD6644R,27-09-1992
Geeta Chavan,geeta.chavan71@hotmail.com,9855127011,"Villa 29, 7th Floor, B Wing, Ring Road, Kochi, Kerala - 682014",255456515414,FHWPC8614K,04-12-1961
Aditi Pillai,aditipil274@yahoo.com,6401011905,"Plot No. 373, 5th Floor, Block F, Link Road, Pune, Maharashtra - 411043",364580810635,LDSPP7263J,20-06-1984
Harsh Das,harsh.das54@outlook.com,8768258459,"House No. 25, 6th Floor, A Wing, Station Road, Chandigarh, Chandigarh - 160025",360026849677,PNXPD1920E,20-10-2001
Anita Pandey,anitapan449@outlook.com,9943193667,"Villa 85, 13th Floor, C Wing, Main Road, Nagpur, Maharashtra - 440006",722938629187,USGPP7593U,25-09-2000
Atharva Chavan,atharvacha321@gmail.com,9207138947,"Plot No. 154, 11th Floor, Block F, MG Road, Jaipur, Rajasthan - 302036",994539341123,NJNPC2850M,20-10-1995
Suman Bajaj,sumanbaj506@outlook.com,8055037501,"Plot No. 187, 8th Floor, Block F, MG Road, Kanpur, Uttar Pradesh - 208001",678712372873,LPMPB8564E,28-01-1997
Yash Mehta,yash.mehta97@icloud.com,8471774168,"Plot No. 353, 5th Floor, Block E, Bypass Road, Kanpur, Uttar Pradesh - 208016",351600804435,XRHPM5100N,09-04-2002
Diya Yadav,diyayad125@yahoo.com,8300734152,"House No. 380, 2th Floor, B Wing, Station Road, Chandigarh, Chandigarh - 160034",530943801808,PWLPY3741F,24-06-1997
Vivaan Verma,vivaanver747@hotmail.com,8861894206,"Plot No. 275, 9th Floor, D Wing, Link Road, Mysuru, Karnataka - 570028",228253655220,KGZPV8480H,28-09-1960
Dhruv Bose,dhruvbos577@gmail.com,6954672390,"Flat 280, 6th Floor, Block F, MG Road, Ahmedabad, Gujarat - 380020",911383514635,JOMPB5848W,16-12-1988
Tanvi Agarwal,tanvi.agarwal91@hotmail.com,9934867370,"Villa 201, 13th Floor, A Wing, Ring Road, Chennai, Tamil Nadu - 600028",632641722551,JLRPA8501R,12-04-1976
Vihaan Kapoor,vihaan.kapoor12@gmail.com,9390019907,"Plot No. 288, 13th Floor, Block E, Main Road, Hyderabad, Telangana - 500073",603906077187,FZTPK7034K,06-12-1964
Sandeep Gomes,sandeep.gomes98@icloud.com,7446943974,"Plot No. 252, 8th Floor, Block E, Main Road, Chennai, Tamil Nadu - 600039",242145382332,CGWPG0193R,11-06-1994
Harish Agarwal,harish.agarwal21@yahoo.com,7561194361,"Plot No. 199, 3th Floor, Block E, Ring Road, Ahmedabad, Gujarat - 380032",435531844469,BJQPA8356G,17-07-1985
Mahesh Nair,mahesh.nair56@icloud.com,6771086965,"Villa 186, 15th Floor, A Wing, MG Road, Delhi, Delhi - 110006",435641407714,ECWPN0543K,13-09-1967
Om Kulkarni,omkul339@outlook.com,7291080778,"Plot No. 313, 13th Floor, Block F, Station Road, Kolkata, West Bengal - 700130",489217696038,HIPPK8626I,10-11-1997
Aanya Yadav,aanya.yadav51@gmail.com,9050350907,"Flat 488, 14th Floor, A Wing, Park Street, Thiruvananthapuram, Kerala - 695026",276703470082,MGPPY4646E,06-03-1972
Yash Gupta,yashgup366@hotmail.com,7198938359,"Flat 202, 9th Floor, C Wing, Ring Road, Hyderabad, Telangana - 500002",271992575117,CIJPG0342R,06-12-2000
Karan Malhotra,karan.malhotra52@hotmail.com,6176602791,"Flat 177, 5th Floor, A Wing, Circular Road, Mysuru, Karnataka - 570014",891039348100,HGJPM5393D,07-09-2002
Aditi Yadav,aditiyad195@hotmail.com,6157913678,"House No. 424, 14th Floor, D Wing, Link Road, Patna, Bihar - 800011",263968248172,TPDPY3115X,13-02-1975
Arnav Kumar,arnavkum918@yahoo.com,7112182882,"Plot No. 180, 5th Floor, D Wing, MG Road, Bhubaneswar, Odisha - 751004",743321259543,EWIPK4392F,07-05-1965
Preeti Fernandes,preetifer936@gmail.com,6898940816,"House No. 478, 13th Floor, B Wing, Bypass Road, Jaipur, Rajasthan - 302011",551073851534,UGLPF6794C,09-12-1990
Kriti Arora,kriti.arora1@icloud.com,9455637801,"Flat 368, 6th Floor, A Wing, Main Road, Kochi, Kerala - 682032",206340961299,FMZPA2361R,24-12-1969
Gaurav Kulkarni,gauravkul553@hotmail.com,7378850790,"Plot No. 179, 3th Floor, B Wing, MG Road, Ahmedabad, Gujarat - 380030",535012329001,YDWPK2493I,11-07-1969
Harsh Grover,harsh.grover65@yahoo.com,6511088098,"Flat 199, 7th Floor, C Wing, Main Road, Bhubaneswar, Odisha - 751011",761400814528,MAMPG8921P,15-07-1987
Pooja Gaekwad,poojagae592@outlook.com,7249949897,"House No. 292, 2th Floor, D Wing, MG Road, Lucknow, Uttar Pradesh - 226029",276941658701,LETPG5063Y,24-02-1990
Tanvi Pillai,tanvipil554@icloud.com,7044567598,"House No. 431, 3th Floor, Block F, Park Street, Nagpur, Maharashtra - 440026",535085112748,UWDPP6269Q,07-01-1993
Dhruv Verma,dhruv.verma44@hotmail.com,8999321974,"Villa 106, 11th Floor, Block E, Link Road, Lucknow, Uttar Pradesh - 226012",769028761976,ZRCPV3891A,05-09-1971
Advait Gomes,advait.gomes64@outlook.com,9500319085,"House No. 163, 9th Floor, C Wing, Link Road, Jaipur, Rajasthan - 302036",408652077486,BFLPG6378C,22-01-1968
Rajesh Ansari,rajeshans548@yahoo.com,7285577974,"Flat 268, 6th Floor, B Wing, Link Road, Thiruvananthapuram, Kerala - 695017",819827260657,NQFPA9967E,25-12-1975
Aditi Nair,aditinai572@icloud.com,6428878925,"Villa 455, 8th Floor, Block F, Link Road, Bhubaneswar, Odisha - 751017",619541571762,MSMPN7289E,06-04-1992
Mahesh Shetty,mahesh.shetty98@outlook.com,8659983143,"Plot No. 118, 3th Floor, A Wing, Main Road, Pune, Maharashtra - 411039",353058654833,VQRPS0671T,21-04-1969
Dinesh Banerjee,dineshban184@icloud.com,9566717524,"Villa 359, 6th Floor, Block E, Bypass Road, Pune, Maharashtra - 411040",339347495004,JCRPB5006B,16-05-1977
Vihaan Gaekwad,vihaan.gaekwad84@icloud.com,9348615658,"House No. 150, 14th Floor, A Wing, Park Street, Kochi, Kerala - 682031",893841370787,AHVPG3014C,22-01-1970
Naresh Iyengar,nareshiye541@gmail.com,7179764670,"Plot No. 461, 3th Floor, A Wing, Circular Road, Surat, Gujarat - 395008",208000182606,FBDPI1990Z,22-05-1994
Ashok Khan,ashok.khan62@gmail.com,6423266345,"Plot No. 19, 11th Floor, Block F, Park Street, Lucknow, Uttar Pradesh - 226010",279425922021,HTUPK5207N,04-07-1983
Neha Choudhury,nehacho255@outlook.com,6837015774,"Villa 469, 15th Floor, D Wing, Link Road, Ahmedabad, Gujarat - 380006",345984847169,WHNPC1756R,25-04-1975
Anita Gomes,anita.gomes99@gmail.com,8501457004,"Villa 98, 11th Floor, B Wing, Ring Road, Mumbai, Maharashtra - 400013",791128613188,GTKPG5701N,27-07-1962
Saanvi Shetty,saanvishe735@outlook.com,7535253709,"Flat 427, 12th Floor, D Wing, Circular Road, Ahmedabad, Gujarat - 380010",744080995892,UVQPS2154Z,22-03-1998
Om Sharma,omsha722@hotmail.com,7518833895,"Flat 18, 3th Floor, D Wing, Main Road, Hyderabad, Telangana - 500039",849354499707,KKJPS5388F,23-12-1973
Priya Khanna,priya.khanna94@outlook.com,9089574382,"House No. 287, 3th Floor, D Wing, Circular Road, Kanpur, Uttar Pradesh - 208016",968079810513,DJNPK9299H,30-03-1978
Naresh Roy,nareshroy371@outlook.com,7363628584,"Flat 55, 14th Floor, Block F, Park Street, Bhubaneswar, Odisha - 751018",775873868805,BWOPR4511K,21-12-1975
Shruti Deshmukh,shruti.deshmukh10@icloud.com,6003003527,"Villa 326, 3th Floor, Block E, Bypass Road, Surat, Gujarat - 395002",524948783600,ETQPD4558F,22-03-2005
Reyansh Banerjee,reyanshban744@gmail.com,7701891388,"Flat 249, 11th Floor, B Wing, Main Road, Chandigarh, Chandigarh - 160025",806966884487,SJTPB3173G,03-01-1972
Atharva Verma,atharva.verma53@yahoo.com,9274358569,"House No. 258, 8th Floor, Block F, Park Street, Coimbatore, Tamil Nadu - 641050",542050240905,BRUPV3450G,14-07-2000
Vikram Sen,vikram.sen2@icloud.com,8261751541,"House No. 454, 12th Floor, B Wing, Ring Road, Kochi, Kerala - 682035",202136139992,GEGPS9874V,24-12-1985
Aditya Nair,aditya.nair21@yahoo.com,9866076442,"Flat 253, 8th Floor, A Wing, Main Road, Mumbai, Maharashtra - 400059",799233128998,KDCPN8605I,07-06-1971
Rohan Singh,rohansin486@yahoo.com,9489466746,"Flat 186, 8th Floor, C Wing, Station Road, Surat, Gujarat - 395006",634254825085,XYCPS1549I,26-05-2000
Sandeep Chawla,sandeep.chawla2@outlook.com,8254228803,"Flat 88, 10th Floor, D Wing, Park Street, Mysuru, Karnataka - 570014",257968733520,DQRPC9761C,24-08-1964
Rekha Shetty,rekhashe267@icloud.com,9535818985,"Villa 82, 2th Floor, C Wing, Bypass Road, Jaipur, Rajasthan - 302007",438551510934,MNOPS3088A,27-04-1983
Vijay Arora,vijayaro194@yahoo.com,7746001115,"Villa 121, 11th Floor, A Wing, Station Road, Kanpur, Uttar Pradesh - 208027",284855793938,DEIPA0147M,23-08-1994
Sunita Chatterjee,sunitacha541@gmail.com,6014529717,"Flat 141, 4th Floor, Block F, Station Road, Coimbatore, Tamil Nadu - 641048",338750931061,PHKPC5997D,01-12-2002
Suresh Kulkarni,sureshkul539@hotmail.com,6162595345,"Villa 72, 9th Floor, Block F, MG Road, Delhi, Delhi - 110059",572595616898,GPVPK5014R,18-03-1971
Advait Reddy,advaitred868@yahoo.com,8657610527,"Villa 418, 6th Floor, C Wing, Main Road, Chennai, Tamil Nadu - 600049",747780152607,JRMPR9935Q,05-11-1976
Mahesh Yadav,mahesh.yadav71@outlook.com,9659144450,"House No. 64, 3th Floor, C Wing, Station Road, Hyderabad, Telangana - 500023",627425891596,KJKPY8273O,20-07-1976
Vivaan Trivedi,vivaan.trivedi15@hotmail.com,8241850489,"Villa 11, 7th Floor, D Wing, MG Road, Pune, Maharashtra - 411001",962408283300,VSFPT7338K,28-09-1973
Dhruv Das,dhruvdas945@yahoo.com,9218257157,"Flat 489, 8th Floor, C Wing, Main Road, Chandigarh, Chandigarh - 160031",839786903618,IHTPD6822Z,19-11-1976
Rahul Hegde,rahulheg700@outlook.com,6783003056,"Flat 165, 9th Floor, Block E, Bypass Road, Ahmedabad, Gujarat - 380017",948287583318,UHVPH9021K,23-02-2004
Priya Malhotra,priyamal647@yahoo.com,6622879473,"Flat 304, 9th Floor, B Wing, MG Road, Nagpur, Maharashtra - 440005",681611336288,VXLPM7015R,25-07-1996
Ramesh Nair,rameshnai456@yahoo.com,7026698032,"Villa 223, 7th Floor, B Wing, MG Road, Jaipur, Rajasthan - 302014",337412839175,VZMPN7350V,10-09-1975
Atharva Bajaj,atharva.bajaj2@outlook.com,6924907488,"Flat 445, 9th Floor, B Wing, Main Road, Chennai, Tamil Nadu - 600072",767207190147,HXIPB2722B,25-01-1993
Ashok Grover,ashokgro126@gmail.com,6748986220,"Villa 247, 4th Floor, D Wing, Park Street, Kanpur, Uttar Pradesh - 208018",589415235982,UBEPG9016W,06-12-1995
Sandeep Nair,sandeepnai574@outlook.com,9234366647,"Plot No. 324, 7th Floor, C Wing, MG Road, Patna, Bihar - 800017",535046801527,ZMLPN0960H,25-04-1963
Suman Sen,suman.sen89@icloud.com,9322991945,"House No. 333, 5th Floor, B Wing, Main Road, Chandigarh, Chandigarh - 160041",912363061937,WVXPS7061T,21-04-2005
Ramesh Gomes,rameshgom756@gmail.com,6669934105,"Villa 392, 11th Floor, B Wing, Park Street, Surat, Gujarat - 395007",474207842717,VCGPG7564R,20-07-1997
Asha Chawla,ashacha369@yahoo.com,8893617590,"Villa 354, 1th Floor, A Wing, Link Road, Kochi, Kerala - 682033",718828160253,HIJPC1102F,28-12-1962
Reyansh Mishra,reyansh.mishra73@yahoo.com,7289370997,"House No. 124, 3th Floor, Block E, Main Road, Chennai, Tamil Nadu - 600108",500232852124,ABMPM2241P,19-03-1987
Prakash Rao,prakash.rao6@gmail.com,8769029027,"Flat 424, 13th Floor, C Wing, Circular Road, Lucknow, Uttar Pradesh - 226019",282026927829,PFXPR5398G,09-12-2003
Shruti Das,shruti.das29@hotmail.com,7684908564,"Flat 211, 13th Floor, C Wing, Main Road, Coimbatore, Tamil Nadu - 641010",324838279065,YYJPD5734V,02-07-1989
Anjali Pillai,anjalipil338@hotmail.com,6625230819,"House No. 499, 12th Floor, Block F, Park Street, Jaipur, Rajasthan - 302014",652045242052,NVPPP3889A,05-07-2000
Deepak Yadav,deepakyad223@icloud.com,9395400220,"Villa 287, 9th Floor, D Wing, Circular Road, Chennai, Tamil Nadu - 600112",327057027303,QFBPY0003S,23-01-1961
Aadhya Pillai,aadhya.pillai8@icloud.com,7103887815,"Flat 239, 9th Floor, Block E, Link Road, Bengaluru, Karnataka - 560038",854016242955,LHQPP7097S,03-01-1968
Karan Arora,karanaro279@gmail.com,7283715875,"Villa 110, 3th Floor, C Wing, Link Road, Ahmedabad, Gujarat - 380017",666047294842,FATPA0014H,14-10-1968
Advait Singh,advait.singh56@gmail.com,9704302419,"Flat 258, 12th Floor, A Wing, Circular Road, Coimbatore, Tamil Nadu - 641023",623357415181,YHIPS2881L,10-07-1967
Riya Kulkarni,riya.kulkarni94@yahoo.com,8379991557,"Villa 199, 9th Floor, C Wing, Station Road, Mysuru, Karnataka - 570018",362826136243,UJVPK1917V,11-11-1977
Karan Sheikh,karanshe706@outlook.com,8055463218,"Flat 6, 14th Floor, D Wing, Link Road, Chennai, Tamil Nadu - 600114",886108447607,PTQPS9896V,08-02-1974
Satish Hegde,satish.hegde64@outlook.com,8258804962,"Plot No. 371, 6th Floor, Block E, MG Road, Kolkata, West Bengal - 700043",515395313135,ECJPH8575C,17-05-2000
Anjali Pandey,anjalipan721@yahoo.com,7197314572,"Plot No. 155, 3th Floor, C Wing, Bypass Road, Kanpur, Uttar Pradesh - 208021",801946116081,APJPP5254U,08-04-1996
Shaurya Khanna,shauryakha142@icloud.com,8110803061,"Villa 48, 1th Floor, C Wing, Ring Road, Kolkata, West Bengal - 700076",903713119427,CBBPK3666A,11-12-1998
Rahul Iyengar,rahul.iyengar72@hotmail.com,8945606955,"Flat 170, 3th Floor, C Wing, Link Road, Bhubaneswar, Odisha - 751019",950901615364,IYHPI1623A,05-05-1962
Neha Sharma,neha.sharma4@outlook.com,6823509688,"House No. 35, 2th Floor, C Wing, Bypass Road, Kochi, Kerala - 682036",586768444121,TZCPS7062E,16-12-1969
Dinesh Gomes,dinesh.gomes75@outlook.com,7200390291,"House No. 181, 10th Floor, C Wing, Link Road, Surat, Gujarat - 395005",598112105970,CFVPG4423M,24-08-1960
Aryan Das,aryan.das54@hotmail.com,6712320955,"House No. 144, 4th Floor, D Wing, Bypass Road, Ahmedabad, Gujarat - 380001",348030665693,AXAPD9038V,24-02-2003
Karan Khanna,karankha924@hotmail.com,6342823344,"Plot No. 244, 2th Floor, C Wing, Link Road, Hyderabad, Telangana - 500003",920513954149,DYNPK1112Q,29-11-1982
Aryan Das,aryan.das53@gmail.com,7268625137,"Villa 203, 11th Floor, Block E, MG Road, Chandigarh, Chandigarh - 160026",755908483103,IJNPD9430O,23-04-1985
Naresh Khanna,nareshkha148@icloud.com,9812788890,"House No. 208, 15th Floor, Block E, Circular Road, Nagpur, Maharashtra - 440012",390629442052,AGBPK6571Z,03-01-1973
Dinesh Bose,dinesh.bose92@yahoo.com,6136049474,"Plot No. 91, 6th Floor, C Wing, Link Road, Mysuru, Karnataka - 570004",918980457692,FSNPB2584Y,16-08-2002
Vivaan Chavan,vivaancha218@hotmail.com,8905304431,"Plot No. 433, 1th Floor, D Wing, Main Road, Patna, Bihar - 800015",790700974073,HSPPC3510Y,27-08-1960
Rohan Arora,rohan.arora27@gmail.com,8914693666,"Flat 347, 9th Floor, Block E, MG Road, Hyderabad, Telangana - 500075",291807321895,DIUPA1973I,19-03-1995
Diya Kulkarni,diyakul565@hotmail.com,8507568680,"Villa 255, 15th Floor, Block F, MG Road, Ahmedabad, Gujarat - 380050",213885978719,CHTPK2117B,12-03-1989
Shruti Roy,shrutiroy499@gmail.com,9979389269,"Flat 116, 11th Floor, B Wing, Circular Road, Delhi, Delhi - 110068",495400545304,EDJPR3166L,07-04-1970
Sneha Verma,sneha.verma26@hotmail.com,7981687833,"House No. 63, 1th Floor, A Wing, Main Road, Chennai, Tamil Nadu - 600098",789472915515,VFDPV9836W,15-09-1972
Amit Thakur,amit.thakur4@icloud.com,9076124204,"Plot No. 202, 9th Floor, Block F, Link Road, Delhi, Delhi - 110010",272799994994,ZUBPT1898S,18-08-1975
Rajesh Shetty,rajeshshe333@hotmail.com,8086560022,"Villa 13, 4th Floor, C Wing, Main Road, Bhubaneswar, Odisha - 751011",753417607987,MPTPS9368Y,11-02-1971
Harsh Patel,harshpat967@icloud.com,9347774154,"House No. 155, 11th Floor, C Wing, Station Road, Kanpur, Uttar Pradesh - 208007",212802914394,EYBPP7480C,08-02-1990
Gaurav Malik,gauravmal158@outlook.com,8227192680,"Flat 335, 1th Floor, Block E, Bypass Road, Jaipur, Rajasthan - 302024",908338880697,HYGPM8287Q,01-03-1967
Asha Iyengar,asha.iyengar26@outlook.com,8136992871,"House No. 108, 14th Floor, Block E, Ring Road, Mumbai, Maharashtra - 400004",904313455163,QQQPI3289T,03-09-1999
Ishaan Gupta,ishaan.gupta48@hotmail.com,6180981660,"Flat 367, 2th Floor, B Wing, Station Road, Thiruvananthapuram, Kerala - 695037",671438401154,AVYPG3359N,01-12-1964
Sai Deshmukh,sai.deshmukh6@outlook.com,9277186986,"Flat 57, 8th Floor, D Wing, Bypass Road, Thiruvananthapuram, Kerala - 695013",460949274537,TLYPD6968F,16-07-1995
Sai Thakur,sai.thakur52@icloud.com,8179588303,"Flat 14, 4th Floor, D Wing, Bypass Road, Hyderabad, Telangana - 500044",800285503847,YZCPT0689P,09-05-1977
Reyansh Deshmukh,reyansh.deshmukh32@hotmail.com,6010945975,"Flat 56, 3th Floor, A Wing, Ring Road, Bengaluru, Karnataka - 560032",508163481105,AEYPD7257Z,23-12-2000
Dhruv Shetty,dhruvshe425@icloud.com,7612735858,"House No. 153, 9th Floor, B Wing, Link Road, Mysuru, Karnataka - 570010",285762362391,NWDPS3502J,24-10-1990
Karan Yash,karanyas500@icloud.com,6880635729,"House No. 23, 13th Floor, C Wing, Park Street, Kochi, Kerala - 682041",337282912716,JHDPY6958B,01-06-1965
Geeta D'Souza,geetad's878@gmail.com,6201221258,"Villa 393, 3th Floor, B Wing, Ring Road, Ahmedabad, Gujarat - 380051",684893698022,KBSPD1357W,13-03-1968
Amit Chavan,amitcha285@gmail.com,6570995210,"Flat 176, 10th Floor, Block E, Link Road, Delhi, Delhi - 110052",811044761494,GJAPC5013Y,04-04-1997
Naresh Nair,nareshnai976@outlook.com,8452355897,"Plot No. 187, 1th Floor, C Wing, Circular Road, Mysuru, Karnataka - 570019",441108715409,SFFPN9346M,23-01-1975
Rekha Reddy,rekhared666@yahoo.com,8599572634,"Plot No. 339, 1th Floor, A Wing, Link Road, Kochi, Kerala - 682024",509729678286,MCSPR8285T,22-03-1962
Anjali Gupta,anjaligup154@icloud.com,7410230130,"Flat 126, 3th Floor, D Wing, Main Road, Bengaluru, Karnataka - 560102",598868496668,MPGPG4815V,04-07-1981
Aadhya Patel,aadhyapat714@gmail.com,7605690436,"Plot No. 132, 12th Floor, Block F, Bypass Road, Ahmedabad, Gujarat - 380045",642110670990,LGUPP0326Y,16-01-1968
Dev Nair,dev.nair81@icloud.com,8044646389,"House No. 73, 9th Floor, C Wing, MG Road, Thiruvananthapuram, Kerala - 695038",344979057358,BKIPN1631Q,09-05-1974
Asha Bose,asha.bose5@gmail.com,6539005067,"Flat 397, 14th Floor, D Wing, MG Road, Ahmedabad, Gujarat - 380050",530393758130,WDEPB1709S,11-07-1985
Kriti Ansari,kriti.ansari42@hotmail.com,7410290616,"Plot No. 109, 7th Floor, A Wing, MG Road, Bhubaneswar, Odisha - 751004",870769670258,TDEPA7177H,08-03-1974
Sunita Gomes,sunita.gomes84@outlook.com,6528941686,"Plot No. 191, 3th Floor, Block F, Circular Road, Hyderabad, Telangana - 500010",876787905411,NVXPG6911L,09-08-1978
Kriti Verma,kriti.verma82@outlook.com,9996969768,"Flat 27, 8th Floor, Block E, Link Road, Kanpur, Uttar Pradesh - 208020",360413796404,SPBPV3834D,02-04-1960
Priya Singh,priyasin478@outlook.com,9018307849,"House No. 385, 5th Floor, C Wing, Bypass Road, Mumbai, Maharashtra - 400065",294320130223,SYUPS3540H,07-07-1993
Rekha Joshi,rekhajos883@icloud.com,8727812196,"Villa 119, 14th Floor, C Wing, Station Road, Surat, Gujarat - 395011",749606607664,PCEPJ4346U,16-10-1979
Pooja D'Souza,poojad's707@hotmail.com,6579800583,"Villa 326, 4th Floor, D Wing, MG Road, Mysuru, Karnataka - 570014",830179821095,TFPPD8332R,25-10-1989
Deepak Khan,deepak.khan30@outlook.com,9106515138,"House No. 85, 7th Floor, B Wing, Main Road, Mysuru, Karnataka - 570030",858834996052,BXJPK8825E,04-02-1994
Preeti Grover,preetigro854@yahoo.com,6586940948,"House No. 305, 10th Floor, A Wing, Ring Road, Jaipur, Rajasthan - 302005",276615458061,QOBPG0136K,21-02-1966
Aryan Patel,aryanpat531@yahoo.com,9691364725,"Plot No. 196, 9th Floor, C Wing, Link Road, Bhubaneswar, Odisha - 751018",322898535414,HBDPP9426O,09-11-1980
Anita Shah,anitasha923@gmail.com,7104308045,"Flat 396, 1th Floor, B Wing, Circular Road, Hyderabad, Telangana - 500012",247547691713,LSKPS1846S,03-04-1969
Ramesh Iyengar,ramesh.iyengar66@outlook.com,9199272419,"House No. 417, 4th Floor, B Wing, Main Road, Thiruvananthapuram, Kerala - 695032",265597613552,WEAPI2279N,27-11-1968
Mahesh Deshmukh,mahesh.deshmukh86@gmail.com,6855172948,"House No. 114, 12th Floor, Block F, Station Road, Thiruvananthapuram, Kerala - 695039",398968354052,VKUPD6406A,23-08-1990
Sunita Mukherjee,sunita.mukherjee27@yahoo.com,6889509157,"Plot No. 2, 13th Floor, D Wing, Main Road, Chennai, Tamil Nadu - 600128",822982250538,MKGPM1235R,03-11-1983
Satish Bajaj,satishbaj162@icloud.com,6844462042,"Villa 326, 15th Floor, Block E, Ring Road, Ahmedabad, Gujarat - 380022",473139211808,YYUPB2938B,26-01-2001
Riya Mehta,riya.mehta68@outlook.com,6321651556,"House No. 225, 7th Floor, A Wing, MG Road, Jaipur, Rajasthan - 302016",927787659732,JNAPM5705A,12-03-1972
Aadhya Nair,aadhyanai438@gmail.com,7682517024,"House No. 193, 15th Floor, D Wing, Park Street, Kolkata, West Bengal - 700095",893443222837,FCGPN0273F,06-04-1971
Ananya Mukherjee,ananya.mukherjee39@icloud.com,6453444622,"House No. 257, 2th Floor, D Wing, Link Road, Chandigarh, Chandigarh - 160055",924334772048,ZWIPM4376Z,27-01-1973
Ayaans Choudhury,ayaanscho684@icloud.com,8827596559,"Villa 396, 15th Floor, Block F, Park Street, Thiruvananthapuram, Kerala - 695032",330087106235,YTUPC1693Y,11-09-1969
Naresh Patel,nareshpat862@outlook.com,8956656602,"Villa 332, 3th Floor, C Wing, Circular Road, Mumbai, Maharashtra - 400064",330961273485,PZTPP4941Y,02-12-1985
Tanvi Reddy,tanvired792@outlook.com,7705754941,"Villa 158, 5th Floor, Block E, Station Road, Surat, Gujarat - 395009",702229518589,OMQPR1165L,28-06-1960
Satish Malik,satishmal709@gmail.com,9991574800,"Villa 480, 13th Floor, Block E, MG Road, Ahmedabad, Gujarat - 380047",226782249093,JEYPM7497Q,10-07-1986
Suman Das,sumandas616@gmail.com,8156249937,"Plot No. 412, 15th Floor, Block F, Link Road, Mysuru, Karnataka - 570019",243016042637,LTTPD7298J,12-01-1995
Satish Sen,satish.sen66@outlook.com,8057599753,"Flat 273, 9th Floor, Block F, Station Road, Patna, Bihar - 800006",605484652918,SGLPS8058G,11-07-1964
Asha Roy,asharoy794@gmail.com,8260244211,"House No. 385, 15th Floor, Block E, Park Street, Chandigarh, Chandigarh - 160062",827436848507,ACHPR4223K,06-06-1988
Ananya Chatterjee,ananya.chatterjee40@gmail.com,6620802011,"Flat 74, 6th Floor, Block E, Bypass Road, Pune, Maharashtra - 411017",249602250920,DDTPC8855F,31-05-1995
Aanya Gaekwad,aanyagae895@yahoo.com,6261259279,"Flat 129, 1th Floor, B Wing, Ring Road, Chandigarh, Chandigarh - 160042",383010084952,KIBPG0351Y,23-09-2005
Amit Chatterjee,amitcha604@hotmail.com,8789792691,"Flat 211, 12th Floor, Block F, Park Street, Nagpur, Maharashtra - 440026",866326631882,TOQPC7682J,27-03-1993
Satish Malhotra,satish.malhotra39@icloud.com,9626357548,"House No. 154, 1th Floor, C Wing, Park Street, Ahmedabad, Gujarat - 380022",368331421472,UHZPM8032O,09-06-1964
Arnav Choudhury,arnavcho108@yahoo.com,8124320589,"Villa 313, 14th Floor, A Wing, Park Street, Chennai, Tamil Nadu - 600008",466136763485,ERKPC2958A,17-08-1978
Saanvi Iyengar,saanviiye332@yahoo.com,9855965211,"Flat 6, 3th Floor, Block E, Station Road, Chandigarh, Chandigarh - 160048",259390306416,PVZPI0214S,07-09-1976
Sai Deshmukh,sai.deshmukh66@yahoo.com,6772502109,"House No. 29, 11th Floor, D Wing, MG Road, Thiruvananthapuram, Kerala - 695022",638291353941,VUDPD8727I,10-08-1975
Om Mishra,om.mishra11@hotmail.com,7631159695,"Flat 377, 15th Floor, D Wing, MG Road, Kolkata, West Bengal - 700078",757634162531,NIAPM2373S,03-07-1979
Kabir Yadav,kabiryad830@hotmail.com,6298603779,"Plot No. 80, 6th Floor, B Wing, Station Road, Mumbai, Maharashtra - 400043",902777217887,XERPY7826K,25-10-1960
Kabir Malhotra,kabir.malhotra27@gmail.com,8483662539,"Flat 282, 4th Floor, B Wing, Main Road, Lucknow, Uttar Pradesh - 226016",730215595223,ZSUPM3159W,16-02-1967
Diya Bose,diya.bose90@gmail.com,9972281089,"Villa 5, 15th Floor, Block E, Circular Road, Bengaluru, Karnataka - 560072",200388911320,HMAPB9603H,31-03-2004
Riya Sheikh,riya.sheikh52@gmail.com,9280793446,"Flat 328, 10th Floor, A Wing, MG Road, Patna, Bihar - 800013",431937980446,AAPPS9194S,22-04-1975
Amit Choudhury,amitcho161@yahoo.com,7049978055,"Plot No. 473, 15th Floor, C Wing, Main Road, Pune, Maharashtra - 411007",211167051210,PKHPC5354V,17-01-1975
Neha Shetty,nehashe885@hotmail.com,8849128264,"Flat 138, 13th Floor, Block E, Circular Road, Chennai, Tamil Nadu - 600079",818946585473,TRSPS3016D,07-01-1976
Ramesh Malik,ramesh.malik19@outlook.com,6150716892,"Flat 459, 8th Floor, A Wing, Station Road, Coimbatore, Tamil Nadu - 641010",667530157055,OXBPM1430E,23-09-1999
Sunita Kulkarni,sunita.kulkarni84@icloud.com,7440428324,"Flat 310, 6th Floor, C Wing, Station Road, Chennai, Tamil Nadu - 600007",284297967642,NHXPK3313F,02-01-1992
Kavita Patel,kavitapat747@hotmail.com,6405516297,"Flat 208, 2th Floor, Block F, Bypass Road, Jaipur, Rajasthan - 302010",549617464878,FBPPP9520P,11-05-1990
Ramesh Verma,ramesh.verma35@hotmail.com,9153037631,"Flat 368, 7th Floor, D Wing, Park Street, Chandigarh, Chandigarh - 160034",512182725967,HJVPV7531P,16-05-1986
Aanya Shetty,aanyashe572@outlook.com,6915754157,"Flat 340, 5th Floor, B Wing, Link Road, Patna, Bihar - 800014",542820978862,EHVPS5342E,13-09-1970
Sanjay Khanna,sanjaykha529@icloud.com,9325989609,"House No. 445, 13th Floor, Block E, Park Street, Bhubaneswar, Odisha - 751026",958598934432,XQBPK1940T,02-05-1985
Gaurav Singh,gaurav.singh57@hotmail.com,9154894950,"Villa 65, 15th Floor, B Wing, Bypass Road, Kolkata, West Bengal - 700064",276826374068,WKSPS6465Z,17-05-1972
Arjun Choudhury,arjuncho395@icloud.com,9654643989,"House No. 3, 12th Floor, D Wing, MG Road, Bhubaneswar, Odisha - 751016",246660522612,ZJPPC1305F,04-05-1960
Sunita Chatterjee,sunita.chatterjee91@gmail.com,6706693548,"Flat 443, 3th Floor, Block F, Station Road, Patna, Bihar - 800004",340915581673,QGHPC9970J,24-06-1977
Karan Hegde,karan.hegde31@yahoo.com,7619328875,"Villa 219, 14th Floor, Block E, Ring Road, Mysuru, Karnataka - 570011",726437979752,KJEPH1719D,10-04-1997
Prakash Chatterjee,prakash.chatterjee92@icloud.com,9349459053,"Plot No. 289, 10th Floor, A Wing, Park Street, Jaipur, Rajasthan - 302024",711410108987,UFMPC9059Z,01-08-1987
Rekha Nair,rekha.nair26@hotmail.com,9669598183,"Flat 98, 10th Floor, C Wing, Ring Road, Chandigarh, Chandigarh - 160062",512549707514,SUZPN7674B,22-02-1965
Ayaans Gomes,ayaansgom356@gmail.com,6731985047,"House No. 436, 6th Floor, C Wing, Bypass Road, Thiruvananthapuram, Kerala - 695036",812824082872,OUYPG4064P,26-02-1964
Ashok D'Souza,ashok.d'souza58@gmail.com,9073027587,"House No. 451, 3th Floor, Block F, MG Road, Bhubaneswar, Odisha - 751009",700094365960,PKIPD5422G,07-01-1979
Lata Sharma,latasha356@yahoo.com,9296932152,"Plot No. 294, 14th Floor, D Wing, Station Road, Bhubaneswar, Odisha - 751023",908854818826,ITZPS0941W,18-06-1976
Sandeep Mukherjee,sandeep.mukherjee62@yahoo.com,7034584094,"Plot No. 127, 11th Floor, Block F, Bypass Road, Coimbatore, Tamil Nadu - 641003",864705471996,DHYPM0695P,28-07-1964
Ramesh Pillai,ramesh.pillai29@gmail.com,7878527244,"Plot No. 99, 15th Floor, C Wing, Station Road, Mumbai, Maharashtra - 400054",917118822131,OEHPP6132U,25-05-1963
Vivaan Gupta,vivaangup714@outlook.com,6874950334,"Flat 189, 8th Floor, D Wing, Main Road, Kanpur, Uttar Pradesh - 208015",841402269562,XATPG4846C,13-01-1965
Ayaans D'Souza,ayaansd's918@yahoo.com,7772118318,"Villa 161, 11th Floor, B Wing, MG Road, Surat, Gujarat - 395002",920486818204,CEYPD9250N,20-04-1981
Dhruv Singh,dhruvsin474@hotmail.com,7146870411,"Villa 362, 7th Floor, Block E, Circular Road, Kolkata, West Bengal - 700031",739218112464,VQVPS8078R,25-06-1964
Dinesh Kumar,dinesh.kumar60@hotmail.com,7228210215,"Plot No. 352, 14th Floor, Block E, Park Street, Mysuru, Karnataka - 570007",371932257177,TCQPK5064D,23-10-2000
Dinesh Mishra,dinesh.mishra17@gmail.com,9149870378,"Plot No. 243, 11th Floor, Block F, Bypass Road, Delhi, Delhi - 110036",963141319299,ZGFPM2394X,28-02-2004
Ashok Gupta,ashokgup460@gmail.com,9156636856,"Flat 407, 2th Floor, A Wing, Ring Road, Kochi, Kerala - 682034",548290450573,EXNPG6305N,21-08-1973
Harsh Chawla,harsh.chawla76@hotmail.com,9091442884,"House No. 48, 11th Floor, D Wing, MG Road, Surat, Gujarat - 395009",696091330772,MXEPC9287L,24-11-1964
Shruti Bose,shruti.bose30@yahoo.com,8858025769,"Plot No. 263, 10th Floor, B Wing, Ring Road, Bhubaneswar, Odisha - 751023",451089664172,RWRPB5518S,16-12-1992
Arnav Mishra,arnavmis454@yahoo.com,8238521461,"Flat 498, 12th Floor, C Wing, Circular Road, Nagpur, Maharashtra - 440006",994223413242,NWFPM8989X,19-01-1979
Deepak Das,deepakdas457@hotmail.com,8560356619,"Villa 414, 5th Floor, A Wing, Ring Road, Chandigarh, Chandigarh - 160029",857077949120,BGEPD5866G,28-05-2003
Ananya Patel,ananyapat887@icloud.com,6912667173,"House No. 106, 8th Floor, Block E, Ring Road, Thiruvananthapuram, Kerala - 695009",330271513326,SBCPP8736H,31-08-2004
Deepak Patel,deepakpat264@gmail.com,6021912416,"Villa 317, 7th Floor, Block E, Link Road, Ahmedabad, Gujarat - 380018",689323174848,PXIPP1520Y,18-09-1978
Saanvi Mukherjee,saanvi.mukherjee60@outlook.com,9174738366,"Villa 58, 9th Floor, B Wing, Park Street, Patna, Bihar - 800010",699856472553,XNKPM5560K,06-12-1975
Om Shah,omsha853@yahoo.com,6691306831,"Plot No. 18, 4th Floor, C Wing, Station Road, Chennai, Tamil Nadu - 600036",559070671515,FLZPS8621P,19-06-1963
Vihaan Fernandes,vihaan.fernandes61@icloud.com,6111827984,"House No. 252, 4th Floor, C Wing, Circular Road, Pune, Maharashtra - 411024",859898920858,ZFIPF5503U,22-06-1968
Lata Pandey,lata.pandey6@hotmail.com,8998575122,"Villa 215, 11th Floor, Block E, Park Street, Kolkata, West Bengal - 700052",482410420710,CXUPP5633S,06-11-1968
Satish Chawla,satishcha456@hotmail.com,8493229330,"House No. 457, 4th Floor, B Wing, Main Road, Chandigarh, Chandigarh - 160036",304988069440,NGOPC2136N,18-07-1970
Sandeep Malik,sandeepmal266@yahoo.com,9382569716,"Flat 233, 15th Floor, C Wing, Circular Road, Patna, Bihar - 800020",613308151130,BCBPM5899X,31-01-1970
Krishna Trivedi,krishnatri406@yahoo.com,8156135466,"Flat 226, 4th Floor, Block E, Ring Road, Coimbatore, Tamil Nadu - 641037",765619112949,AJXPT0127E,09-06-1987
Ishaan Kapoor,ishaankap130@yahoo.com,7381745498,"House No. 489, 8th Floor, C Wing, Ring Road, Kolkata, West Bengal - 700106",977832186733,WOEPK6568G,08-07-2000
Diya Kumar,diyakum422@gmail.com,8591517827,"Plot No. 28, 3th Floor, A Wing, Park Street, Hyderabad, Telangana - 500029",417219989823,WOEPK2428E,20-08-1977
Shruti Trivedi,shrutitri736@gmail.com,6223025300,"House No. 413, 3th Floor, C Wing, Park Street, Chandigarh, Chandigarh - 160026",644051374887,BLKPT4800L,02-01-2002
Rudra Choudhury,rudracho936@icloud.com,8930998233,"Flat 179, 4th Floor, Block F, Link Road, Mysuru, Karnataka - 570029",433201861626,UJLPC6098B,24-01-2001
Satish Kulkarni,satishkul165@yahoo.com,9040227493,"Flat 428, 12th Floor, Block F, Main Road, Mumbai, Maharashtra - 400088",495536315737,BHRPK8577E,03-05-1997
Aarav Agarwal,aarav.agarwal27@yahoo.com,9359999067,"House No. 384, 2th Floor, D Wing, Circular Road, Mumbai, Maharashtra - 400018",281053521622,SNLPA2211S,01-07-1997
Aditi Chawla,aditi.chawla35@hotmail.com,8181291686,"House No. 167, 14th Floor, B Wing, Bypass Road, Pune, Maharashtra - 411025",338184878677,OCCPC0909H,22-10-1977
Kiara Sharma,kiarasha284@outlook.com,7169562859,"Flat 184, 9th Floor, Block F, Link Road, Nagpur, Maharashtra - 440026",291003667580,URFPS7337O,26-05-2000
Rahul Singh,rahul.singh91@outlook.com,9574858685,"House No. 336, 3th Floor, C Wing, Ring Road, Thiruvananthapuram, Kerala - 695031",643387234142,SGSPS9119W,20-10-1997
Naresh Thakur,naresh.thakur54@yahoo.com,7759648872,"Villa 311, 15th Floor, D Wing, Link Road, Pune, Maharashtra - 411025",584281826954,SABPT1038A,22-12-1968
Dhruv Nair,dhruvnai363@outlook.com,7302973995,"House No. 407, 8th Floor, Block F, Park Street, Bhubaneswar, Odisha - 751019",233921328390,NWXPN8400Y,30-07-1988
Aadhya Das,aadhyadas684@yahoo.com,6303994920,"House No. 335, 1th Floor, B Wing, Park Street, Nagpur, Maharashtra - 440013",428995182432,LMKPD0948J,23-09-1996
Shruti Agarwal,shruti.agarwal97@outlook.com,7365453157,"Plot No. 240, 10th Floor, D Wing, Circular Road, Ahmedabad, Gujarat - 380016",843273329996,BIHPA2061Z,12-02-1968
Ayaans Pillai,ayaanspil377@yahoo.com,9508433724,"Villa 158, 10th Floor, A Wing, Ring Road, Bengaluru, Karnataka - 560084",476981716420,UXXPP7437K,10-07-1966
Suman Chavan,sumancha413@yahoo.com,6081658878,"Flat 293, 7th Floor, D Wing, Park Street, Jaipur, Rajasthan - 302005",975316279706,XMSPC9955C,30-03-1990
Kriti Kumar,kriti.kumar32@yahoo.com,9247536668,"Plot No. 210, 2th Floor, Block F, Park Street, Mumbai, Maharashtra - 400021",754511755958,GSVPK8215O,06-06-1961
Gaurav Malhotra,gauravmal491@yahoo.com,9723085544,"Villa 397, 13th Floor, C Wing, Park Street, Hyderabad, Telangana - 500094",574790887688,YGQPM4916S,20-07-2003
Shaurya Chawla,shaurya.chawla47@hotmail.com,8806335186,"Villa 402, 5th Floor, D Wing, Ring Road, Mysuru, Karnataka - 570023",293676617720,UUAPC2319H,23-01-1964
Kiara Kumar,kiarakum915@outlook.com,6162444009,"Villa 66, 15th Floor, B Wing, Park Street, Pune, Maharashtra - 411015",924243056960,KURPK0823B,09-08-1962
Anita Deshmukh,anitades276@icloud.com,9395556422,"Flat 478, 14th Floor, D Wing, Circular Road, Lucknow, Uttar Pradesh - 226001",901190804794,SYUPD0515Q,27-04-1985
Satish D'Souza,satish.d'souza65@yahoo.com,7027258114,"Plot No. 20, 13th Floor, D Wing, Circular Road, Bengaluru, Karnataka - 560056",931328515529,OIUPD2866P,01-01-2002
Ishaan Khanna,ishaan.khanna78@gmail.com,9828780897,"Plot No. 252, 3th Floor, A Wing, Circular Road, Mumbai, Maharashtra - 400064",491775086392,POWPK6984Z,17-11-1976
Shaurya Nair,shauryanai747@gmail.com,6436689957,"Flat 54, 9th Floor, C Wing, Main Road, Mumbai, Maharashtra - 400037",764231642196,HYJPN6108O,27-08-1988
Satish Rao,satish.rao4@hotmail.com,6240579268,"Plot No. 261, 4th Floor, D Wing, Circular Road, Mysuru, Karnataka - 570023",360614035195,OHBPR0974N,11-08-1992
Atharva Chatterjee,atharva.chatterjee67@yahoo.com,6145064533,"Plot No. 209, 10th Floor, B Wing, Park Street, Ahmedabad, Gujarat - 380046",213859864684,QZAPC8522R,12-11-1974
Tanvi Fernandes,tanvi.fernandes62@outlook.com,7629825995,"Flat 489, 13th Floor, C Wing, MG Road, Surat, Gujarat - 395002",884000679471,STCPF2011Y,05-09-1969
Lata Grover,lata.grover96@yahoo.com,6556419903,"Villa 5, 12th Floor, Block F, Ring Road, Bhubaneswar, Odisha - 751021",249221056121,TVUPG9975F,31-07-1992
Sneha Gaekwad,sneha.gaekwad86@gmail.com,8994472512,"Flat 282, 7th Floor, Block F, Circular Road, Bengaluru, Karnataka - 560017",709907019430,LURPG4716G,21-11-1984
Pooja Pillai,poojapil965@yahoo.com,6240360127,"Villa 3, 10th Floor, A Wing, Ring Road, Kochi, Kerala - 682012",802402635688,OSZPP5529S,18-06-1968
Diya Kumar,diya.kumar52@yahoo.com,9967083238,"House No. 432, 6th Floor, A Wing, Main Road, Jaipur, Rajasthan - 302036",600170476400,HURPK1606A,05-04-1977
Aryan Hegde,aryan.hegde12@yahoo.com,7749568896,"Villa 442, 4th Floor, C Wing, Ring Road, Kochi, Kerala - 682011",272462599979,QSNPH8620K,21-12-1989
Ananya Roy,ananya.roy62@yahoo.com,9083523391,"Villa 71, 15th Floor, Block F, Ring Road, Patna, Bihar - 800020",902874892823,YDZPR3197S,04-07-1968
Pranav Pandey,pranavpan745@outlook.com,7351749646,"Villa 252, 2th Floor, Block F, Park Street, Thiruvananthapuram, Kerala - 695020",914395161724,YAKPP3947O,22-01-1973
Om Singh,omsin832@yahoo.com,6434564867,"Plot No. 97, 10th Floor, C Wing, Ring Road, Nagpur, Maharashtra - 440006",503341604629,BUPPS0950C,05-12-1984
Pranav Chavan,pranavcha757@yahoo.com,7540570136,"Plot No. 308, 4th Floor, Block E, Park Street, Hyderabad, Telangana - 500022",771596699149,REKPC0461M,06-07-1969
Suresh Singh,sureshsin603@gmail.com,9118563069,"Villa 330, 2th Floor, B Wing, Station Road, Pune, Maharashtra - 411027",412988746683,KDXPS6123J,01-05-1998
Ishaan Singh,ishaan.singh74@yahoo.com,7090658228,"Flat 296, 13th Floor, C Wing, Bypass Road, Hyderabad, Telangana - 500001",548186955961,NVYPS8914X,15-10-1963
Atharva Singh,atharva.singh22@gmail.com,9363656756,"Plot No. 396, 5th Floor, B Wing, MG Road, Bhubaneswar, Odisha - 751013",782275044656,OBDPS6299R,25-02-2005
Harsh Gomes,harshgom783@gmail.com,8849144168,"Plot No. 93, 6th Floor, D Wing, Main Road, Lucknow, Uttar Pradesh - 226001",699850308389,EIIPG9009C,08-07-1988
Sneha Reddy,sneha.reddy21@gmail.com,7307487453,"Flat 64, 1th Floor, Block F, Ring Road, Delhi, Delhi - 110085",690257359728,ZBJPR6674N,17-06-1986
Neha Iyer,nehaiye485@outlook.com,8270189723,"Plot No. 265, 8th Floor, Block E, MG Road, Patna, Bihar - 800027",866552488530,HJNPI8673A,19-09-1982
Kabir Arora,kabir.arora1@gmail.com,9567372926,"Villa 37, 12th Floor, B Wing, Park Street, Kochi, Kerala - 682032",614253360286,TAWPA8877K,26-05-2004
Ashok Gaekwad,ashokgae707@outlook.com,9342853574,"Flat 496, 7th Floor, D Wing, Circular Road, Kanpur, Uttar Pradesh - 208005",473596552898,BYBPG1769Z,08-01-1995
Sunita Shetty,sunitashe826@gmail.com,9307592579,"Villa 195, 14th Floor, Block E, MG Road, Jaipur, Rajasthan - 302030",202731372651,EKKPS8579S,25-06-1972
Sandeep Iyer,sandeep.iyer32@outlook.com,6199064369,"Plot No. 132, 14th Floor, D Wing, Ring Road, Jaipur, Rajasthan - 302030",692050318273,MSYPI2191W,09-07-1998
Suresh Thakur,sureshtha184@gmail.com,9947938028,"House No. 459, 8th Floor, Block E, Station Road, Coimbatore, Tamil Nadu - 641038",989527869030,UAJPT5129O,23-02-1969
Kavita Chawla,kavita.chawla59@gmail.com,9018110735,"Villa 264, 5th Floor, C Wing, Station Road, Kolkata, West Bengal - 700044",471053883498,OVOPC8941L,13-09-1994
Ramesh Ansari,rameshans122@icloud.com,8762599672,"Plot No. 500, 7th Floor, Block F, Station Road, Hyderabad, Telangana - 500026",989177102037,RNIPA1189V,24-06-1986
Rekha Chatterjee,rekha.chatterjee61@gmail.com,9848786382,"Villa 47, 11th Floor, D Wing, Circular Road, Delhi, Delhi - 110050",713127731528,CLTPC0436U,21-06-1968
Pranav Ansari,pranavans811@gmail.com,7945128589,"Flat 257, 15th Floor, Block E, Station Road, Nagpur, Maharashtra - 440013",991159872483,JHBPA6741M,10-11-2003
Ishaan Iyer,ishaan.iyer31@icloud.com,7997968878,"Villa 401, 3th Floor, C Wing, Main Road, Patna, Bihar - 800020",924367523563,ODAPI8973G,07-09-1990
Kavita Singh,kavita.singh25@gmail.com,8719535307,"Flat 264, 8th Floor, A Wing, Bypass Road, Jaipur, Rajasthan - 302009",545784839974,DGLPS3123V,03-05-1983
Geeta Malhotra,geetamal836@icloud.com,7701247101,"House No. 332, 14th Floor, B Wing, Main Road, Pune, Maharashtra - 411015",312979744527,UNVPM9662U,01-04-1987
Ayaans Fernandes,ayaansfer600@hotmail.com,7788313066,"House No. 325, 4th Floor, Block F, Ring Road, Chandigarh, Chandigarh - 160023",889433836454,WREPF7395I,09-11-1968
Kavita Rao,kavitarao676@icloud.com,6082968292,"Plot No. 306, 1th Floor, Block E, Park Street, Ahmedabad, Gujarat - 380042",921556325258,WVQPR8582C,06-10-1972
Kriti Kumar,kritikum613@gmail.com,6490987313,"House No. 344, 6th Floor, D Wing, MG Road, Coimbatore, Tamil Nadu - 641007",834893659455,PACPK7278L,03-01-1979
Prakash Thakur,prakashtha368@outlook.com,7641492864,"Flat 9, 2th Floor, Block F, Link Road, Mumbai, Maharashtra - 400015",202107963669,AEAPT5109Z,02-08-1977
Rudra Yadav,rudrayad206@yahoo.com,7855202981,"House No. 284, 11th Floor, B Wing, Main Road, Coimbatore, Tamil Nadu - 641022",485578679630,FHZPY5988V,21-08-1995
Aarav Kumar,aaravkum119@outlook.com,7524150765,"House No. 163, 8th Floor, A Wing, Station Road, Chennai, Tamil Nadu - 600055",365092980651,LEOPK0127I,09-02-1960
Ishaan Iyengar,ishaaniye755@hotmail.com,8249547671,"House No. 423, 5th Floor, D Wing, Link Road, Bhubaneswar, Odisha - 751005",413258807612,SXEPI7065Y,05-03-1980
Rajesh Rao,rajesh.rao14@yahoo.com,7379281480,"House No. 370, 12th Floor, C Wing, Ring Road, Mysuru, Karnataka - 570006",674412404384,FWQPR8335X,25-12-1966
Aanya Bose,aanya.bose70@yahoo.com,8528592344,"House No. 363, 15th Floor, B Wing, Link Road, Kanpur, Uttar Pradesh - 208026",311947011723,SMHPB1901W,12-10-1963
Suman Malhotra,sumanmal340@hotmail.com,8671230167,"House No. 18, 3th Floor, A Wing, Link Road, Ahmedabad, Gujarat - 380060",266326739589,JQHPM2864W,10-12-1996
Anjali Pillai,anjali.pillai17@hotmail.com,8968328233,"Villa 254, 14th Floor, B Wing, Bypass Road, Nagpur, Maharashtra - 440031",693354681755,PTKPP8780M,21-11-1993
Naresh Khanna,nareshkha875@gmail.com,8075663862,"Plot No. 39, 13th Floor, A Wing, Station Road, Hyderabad, Telangana - 500025",995804956603,KNWPK2380E,07-06-1990
Arnav Sen,arnavsen188@hotmail.com,9329514674,"House No. 105, 8th Floor, C Wing, Bypass Road, Jaipur, Rajasthan - 302004",390424462416,WUPPS4974Q,27-01-1992
Vikram Sheikh,vikram.sheikh50@gmail.com,6821181485,"Flat 436, 9th Floor, D Wing, Bypass Road, Pune, Maharashtra - 411028",544060882479,ZZEPS2297R,27-05-1978
Vivaan Malhotra,vivaanmal732@gmail.com,7293989085,"House No. 246, 8th Floor, Block F, Ring Road, Kolkata, West Bengal - 700058",905503718196,EJWPM7665W,12-09-1960
Dev Shah,devsha766@hotmail.com,9445101598,"Plot No. 179, 5th Floor, C Wing, Bypass Road, Delhi, Delhi - 110044",432179140186,IGWPS5716C,12-09-2004
Vihaan Iyengar,vihaaniye888@yahoo.com,7029455469,"Villa 45, 5th Floor, B Wing, Park Street, Chandigarh, Chandigarh - 160028",683941757230,RTMPI1269J,03-09-1984
Rajesh Bose,rajesh.bose99@outlook.com,9234238238,"Plot No. 210, 6th Floor, Block E, Park Street, Patna, Bihar - 800005",863768287425,TIGPB7359U,05-07-1970
Ashok Singh,ashoksin101@icloud.com,8766273872,"Villa 98, 6th Floor, Block F, Link Road, Delhi, Delhi - 110071",416933753614,GFMPS9953P,14-11-1997
Harish Gomes,harish.gomes88@yahoo.com,8122954703,"House No. 404, 14th Floor, A Wing, Link Road, Delhi, Delhi - 110081",849928982174,YJTPG4598M,26-04-2003
Amit Sheikh,amit.sheikh17@gmail.com,9187200102,"Villa 57, 9th Floor, B Wing, Link Road, Patna, Bihar - 800006",294467507504,MCWPS2247D,21-02-1985
Aanya Singh,aanyasin309@icloud.com,8506761461,"Villa 195, 15th Floor, Block F, Bypass Road, Bengaluru, Karnataka - 560059",591109898397,XGSPS5273X,02-10-1996
Suresh Mukherjee,sureshmuk146@outlook.com,6474424383,"Flat 412, 12th Floor, Block F, MG Road, Jaipur, Rajasthan - 302016",913659106183,KZLPM4969W,01-05-1983
Riya Deshmukh,riya.deshmukh15@gmail.com,7595510725,"Plot No. 233, 14th Floor, A Wing, Link Road, Delhi, Delhi - 110084",989292147622,QTVPD8992W,12-03-1985
Dhruv Khan,dhruvkha201@gmail.com,9175926599,"Villa 328, 15th Floor, Block E, Circular Road, Coimbatore, Tamil Nadu - 641033",481889667271,QKZPK0814N,12-05-1982
Yash Yash,yash.yash97@icloud.com,8791633928,"Flat 271, 7th Floor, B Wing, Park Street, Chennai, Tamil Nadu - 600024",580118038650,GBMPY6655Z,11-07-2004
Dev Nair,dev.nair71@outlook.com,6490066632,"Flat 443, 7th Floor, A Wing, Link Road, Mysuru, Karnataka - 570012",437799450549,LFWPN2249R,26-10-1994
Preeti Kapoor,preeti.kapoor84@outlook.com,8859277513,"House No. 346, 8th Floor, B Wing, Link Road, Mumbai, Maharashtra - 400083",929140226808,DJZPK6355Y,19-07-1961
Sunita Khanna,sunitakha740@outlook.com,6791370571,"House No. 421, 3th Floor, D Wing, Link Road, Bengaluru, Karnataka - 560100",556625783216,QJJPK5655E,08-09-1964
Saanvi Shah,saanvisha102@outlook.com,7719402071,"Villa 255, 2th Floor, Block E, Station Road, Chennai, Tamil Nadu - 600124",216460828219,FOEPS6575Z,09-08-1992
Dhruv Kapoor,dhruvkap601@hotmail.com,7302293084,"Flat 350, 2th Floor, A Wing, Bypass Road, Thiruvananthapuram, Kerala - 695022",288621649420,EOQPK1832K,24-09-1975
Aditi Mukherjee,aditimuk308@gmail.com,7682155671,"Flat 39, 3th Floor, C Wing, Park Street, Bhubaneswar, Odisha - 751005",617154439618,SAPPM8315E,20-05-1981
Sneha Sheikh,sneha.sheikh77@yahoo.com,9995191320,"Plot No. 110, 13th Floor, D Wing, Park Street, Surat, Gujarat - 395009",780482764233,NSGPS9091J,21-09-2001
Dhruv Verma,dhruv.verma2@icloud.com,7573782105,"House No. 109, 9th Floor, A Wing, Bypass Road, Lucknow, Uttar Pradesh - 226015",852567055343,KHLPV6502Y,15-01-1998
Suresh Joshi,sureshjos865@outlook.com,8740449927,"Flat 338, 9th Floor, B Wing, Ring Road, Nagpur, Maharashtra - 440005",287980418656,OGRPJ5648R,28-01-1965
Ananya Pillai,ananya.pillai86@yahoo.com,8321596360,"House No. 491, 5th Floor, C Wing, Station Road, Ahmedabad, Gujarat - 380001",919494528315,HHQPP9601V,25-11-1962
Sandeep Patel,sandeeppat291@hotmail.com,7495875674,"House No. 207, 4th Floor, B Wing, Link Road, Ahmedabad, Gujarat - 380041",703246778173,WEEPP6571C,13-07-1986
Aanya Fernandes,aanyafer942@outlook.com,9784265979,"House No. 195, 13th Floor, B Wing, MG Road, Kochi, Kerala - 682020",371114230818,HXYPF7260X,22-12-1980
Tanvi Rao,tanvi.rao26@gmail.com,7367396369,"Flat 371, 8th Floor, Block E, Ring Road, Bhubaneswar, Odisha - 751014",201745388322,CTPPR4028E,21-11-1981
Reyansh Rao,reyanshrao128@yahoo.com,6181810210,"House No. 165, 15th Floor, B Wing, Station Road, Kolkata, West Bengal - 700016",404469795593,WMWPR6545K,26-12-1974
Arjun D'Souza,arjund's660@outlook.com,8486348718,"Plot No. 412, 1th Floor, D Wing, MG Road, Hyderabad, Telangana - 500024",309984527619,XWRPD8024E,18-04-2003
Anjali Mehta,anjalimeh858@icloud.com,7435048148,"Villa 452, 9th Floor, B Wing, Station Road, Kolkata, West Bengal - 700060",792493473725,YOOPM3063R,09-07-1993
Gaurav Malhotra,gaurav.malhotra92@hotmail.com,6634258797,"Villa 92, 6th Floor, Block F, Ring Road, Jaipur, Rajasthan - 302011",822978248918,EJKPM5372I,24-10-1973
Diya Kumar,diyakum800@icloud.com,8280707718,"Plot No. 272, 6th Floor, Block E, Link Road, Kochi, Kerala - 682006",479356255916,KJGPK4967B,10-01-2004
Vikram Fernandes,vikram.fernandes78@yahoo.com,6281101801,"Flat 186, 11th Floor, B Wing, MG Road, Hyderabad, Telangana - 500087",835724344048,SAFPF1772B,07-01-2001
Kriti Mukherjee,kritimuk976@yahoo.com,9439117228,"Villa 167, 2th Floor, Block E, Link Road, Hyderabad, Telangana - 500099",904859593897,RPEPM6196S,09-06-2003
Reyansh Yadav,reyanshyad556@hotmail.com,8118476297,"Plot No. 320, 8th Floor, Block F, Station Road, Delhi, Delhi - 110074",817102763090,DYYPY5730J,03-03-1992
Aryan Shah,aryansha202@yahoo.com,7757467665,"Flat 454, 10th Floor, Block E, Bypass Road, Ahmedabad, Gujarat - 380010",864507073181,JIXPS2102V,14-01-1960
Diya Malhotra,diyamal584@outlook.com,7619353858,"Flat 221, 9th Floor, C Wing, Main Road, Mysuru, Karnataka - 570010",335246247021,VPZPM7025G,19-06-1981
Meena Yadav,meena.yadav75@hotmail.com,6992208969,"House No. 444, 11th Floor, C Wing, Station Road, Kolkata, West Bengal - 700130",949145592534,NAKPY8119K,07-06-1972
Sanjay Yadav,sanjayyad343@hotmail.com,8342459125,"Villa 274, 6th Floor, Block E, Bypass Road, Hyderabad, Telangana - 500092",633114593920,YUPPY7083T,05-09-1992
Riya Sharma,riyasha430@gmail.com,6984145483,"House No. 277, 7th Floor, A Wing, Bypass Road, Pune, Maharashtra - 411048",751281218407,MMPPS3904S,23-03-1961
Rekha Khan,rekhakha324@yahoo.com,6606302583,"Villa 405, 9th Floor, B Wing, Park Street, Lucknow, Uttar Pradesh - 226028",263834661174,TLHPK8767S,15-06-2000
Geeta Mukherjee,geeta.mukherjee37@yahoo.com,8475608007,"Villa 203, 3th Floor, B Wing, Park Street, Patna, Bihar - 800008",341981025078,ZKGPM7335A,12-05-1976
Vihaan Shetty,vihaan.shetty62@yahoo.com,9814696767,"House No. 283, 7th Floor, C Wing, Ring Road, Nagpur, Maharashtra - 440020",938129465760,UEIPS9124N,20-12-1961
Kiara Sen,kiara.sen77@hotmail.com,9640174890,"Flat 60, 12th Floor, B Wing, MG Road, Bhubaneswar, Odisha - 751023",487833206714,NYWPS7031E,05-11-2005
Geeta Agarwal,geeta.agarwal77@gmail.com,6475252843,"House No. 433, 14th Floor, B Wing, Link Road, Thiruvananthapuram, Kerala - 695028",417050757804,PSUPA9412Y,12-11-1993
Anjali Iyer,anjaliiye549@icloud.com,6532686679,"Villa 265, 15th Floor, Block F, Bypass Road, Pune, Maharashtra - 411008",381476222147,VCDPI9526Z,09-08-1995
Yash Shah,yashsha501@hotmail.com,7954475568,"Plot No. 437, 15th Floor, C Wing, Link Road, Mysuru, Karnataka - 570029",971855168770,ACZPS8484L,08-08-1998
Shruti Malhotra,shrutimal329@outlook.com,9611564058,"Plot No. 92, 3th Floor, Block F, Link Road, Chandigarh, Chandigarh - 160030",738618173143,BTYPM0206Q,04-11-1966
Amit Shetty,amitshe232@outlook.com,6373887240,"House No. 153, 4th Floor, B Wing, Park Street, Pune, Maharashtra - 411051",250491138081,URCPS3797V,05-06-1973
Riya Malhotra,riya.malhotra9@hotmail.com,9548851010,"Flat 407, 4th Floor, Block F, Main Road, Mysuru, Karnataka - 570003",607814266327,KSGPM4875L,25-06-1981
Arnav Arora,arnavaro607@icloud.com,9323866429,"House No. 484, 3th Floor, C Wing, Park Street, Jaipur, Rajasthan - 302017",375396775362,DYAPA2735R,29-08-1965
Sai Kulkarni,saikul161@yahoo.com,9567077021,"Plot No. 387, 6th Floor, C Wing, MG Road, Delhi, Delhi - 110062",348234799318,IKVPK7543C,17-03-2000
Sai Shetty,saishe301@hotmail.com,9069687992,"House No. 365, 1th Floor, Block E, Link Road, Kochi, Kerala - 682025",739005431670,IBIPS9222I,15-04-1964
Lata Shetty,latashe120@hotmail.com,6646278866,"Flat 3, 4th Floor, B Wing, Station Road, Coimbatore, Tamil Nadu - 641034",575878077677,VLRPS3131E,08-11-2003
Harish Sen,harishsen691@hotmail.com,7988611395,"House No. 147, 1th Floor, C Wing, Park Street, Surat, Gujarat - 395005",362558081786,TPPPS2887Y,01-03-1980
Lata Verma,lata.verma47@gmail.com,7535839952,"Flat 27, 1th Floor, Block E, Bypass Road, Surat, Gujarat - 395009",518009863316,MZLPV9373Z,22-06-1988
Kabir Joshi,kabir.joshi5@yahoo.com,9195873019,"Plot No. 447, 2th Floor, Block E, Link Road, Chennai, Tamil Nadu - 600077",548222471551,KCKPJ2854R,30-10-1991
Satish Kulkarni,satishkul191@icloud.com,6213868611,"Plot No. 371, 10th Floor, D Wing, Circular Road, Thiruvananthapuram, Kerala - 695015",471290424082,PJMPK1981N,28-11-1987
Tanvi Mishra,tanvi.mishra27@hotmail.com,6906299139,"Flat 7, 11th Floor, C Wing, MG Road, Pune, Maharashtra - 411017",833147673009,DMJPM6191K,25-11-1991
Amit Gupta,amitgup528@hotmail.com,9319452362,"Flat 98, 7th Floor, A Wing, Bypass Road, Bengaluru, Karnataka - 560078",743844126326,FHPPG6345S,14-12-1994
Kiara Shetty,kiarashe972@yahoo.com,7277480766,"Flat 475, 15th Floor, Block E, Bypass Road, Kanpur, Uttar Pradesh - 208025",745925449517,NJFPS4932P,06-07-1981
Sneha Gomes,sneha.gomes70@hotmail.com,6594827069,"Villa 335, 2th Floor, B Wing, Station Road, Pune, Maharashtra - 411057",928580208206,JMAPG2883N,10-05-1992
Mahesh Gomes,maheshgom842@gmail.com,6439398818,"Villa 241, 6th Floor, A Wing, Park Street, Kanpur, Uttar Pradesh - 208019",664307720780,YFRPG2739R,12-02-1964
Ashok Chawla,ashokcha440@yahoo.com,9476930451,"Plot No. 275, 15th Floor, Block F, Main Road, Pune, Maharashtra - 411046",984986005425,CQQPC6890Z,29-05-1991
Yash Verma,yashver622@icloud.com,7995091814,"House No. 169, 1th Floor, B Wing, Bypass Road, Patna, Bihar - 800024",728790597307,XOPPV8108X,27-07-1969
Neha Gupta,neha.gupta48@hotmail.com,6031699621,"House No. 101, 9th Floor, A Wing, Bypass Road, Coimbatore, Tamil Nadu - 641037",714243294292,QWYPG4064K,23-06-1978
Vikram Gomes,vikramgom266@outlook.com,8197357188,"House No. 121, 14th Floor, B Wing, Main Road, Chennai, Tamil Nadu - 600095",395121548789,PBQPG7467I,26-04-1965
Vihaan Grover,vihaangro374@yahoo.com,9310823211,"Flat 266, 3th Floor, C Wing, Bypass Road, Bengaluru, Karnataka - 560043",314163555788,ICJPG5747H,10-11-1990
Yash Khan,yashkha759@outlook.com,9716344779,"House No. 103, 2th Floor, A Wing, Ring Road, Thiruvananthapuram, Kerala - 695029",775304537074,VPDPK3143S,06-12-1996
Ayaans Hegde,ayaans.hegde11@icloud.com,9930750475,"Villa 157, 11th Floor, A Wing, Park Street, Jaipur, Rajasthan - 302004",374501159593,CRLPH7197K,09-10-1967
Anita Chatterjee,anitacha644@outlook.com,8397621089,"Plot No. 378, 12th Floor, C Wing, Link Road, Chandigarh, Chandigarh - 160033",284813951904,PODPC8673A,04-03-1992
Rajesh Patel,rajesh.patel49@yahoo.com,8151340174,"Villa 53, 4th Floor, Block F, Bypass Road, Patna, Bihar - 800022",612541895081,VWMPP4877G,13-09-2002
Deepak Das,deepakdas688@yahoo.com,7527470465,"Villa 116, 14th Floor, Block F, Ring Road, Jaipur, Rajasthan - 302006",915787293060,ZRZPD9819F,26-07-1961
Om Fernandes,omfer532@yahoo.com,8325878870,"Flat 73, 15th Floor, Block F, Park Street, Mysuru, Karnataka - 570005",664161669459,JQGPF0741G,20-07-1970
Shruti Grover,shruti.grover46@outlook.com,9434762961,"Flat 417, 12th Floor, B Wing, Bypass Road, Nagpur, Maharashtra - 440029",283892166224,CMLPG6738V,01-07-1998
Vihaan Das,vihaan.das56@gmail.com,6756269233,"House No. 34, 3th Floor, C Wing, Bypass Road, Thiruvananthapuram, Kerala - 695015",967737988900,VQJPD3848L,21-07-1970
Sandeep Bajaj,sandeep.bajaj78@hotmail.com,7221249543,"House No. 79, 6th Floor, B Wing, Bypass Road, Chennai, Tamil Nadu - 600007",344380515895,YVXPB2778Z,11-10-1979
Shruti Kumar,shruti.kumar37@hotmail.com,8638282326,"Flat 281, 7th Floor, D Wing, Main Road, Kanpur, Uttar Pradesh - 208018",352717767466,FZWPK0356W,08-01-1994
Sai Sheikh,saishe999@hotmail.com,8500479626,"Villa 271, 10th Floor, D Wing, Bypass Road, Mysuru, Karnataka - 570012",368296898192,RCAPS8717U,09-08-1995
Vijay Iyengar,vijayiye505@outlook.com,6226347141,"Villa 125, 2th Floor, Block F, Ring Road, Nagpur, Maharashtra - 440015",962601835784,DYOPI0870C,19-04-1983
Gaurav Sharma,gauravsha671@gmail.com,9957555266,"Plot No. 357, 2th Floor, C Wing, Circular Road, Kanpur, Uttar Pradesh - 208013",909919079845,UCOPS4388W,31-10-1966
Prakash Bajaj,prakash.bajaj4@outlook.com,8639445322,"Plot No. 436, 2th Floor, C Wing, Station Road, Nagpur, Maharashtra - 440032",861759631364,GWVPB9621U,06-03-2004
Deepak Trivedi,deepak.trivedi7@yahoo.com,9275142145,"Flat 218, 9th Floor, Block E, Bypass Road, Ahmedabad, Gujarat - 380029",752086207669,ZIEPT1700V,01-09-1964
Saanvi Gomes,saanvigom380@hotmail.com,9862180816,"Villa 20, 3th Floor, A Wing, Bypass Road, Hyderabad, Telangana - 500097",486860440999,PLYPG7061R,22-08-1993
Saanvi Roy,saanvi.roy66@icloud.com,6437881581,"Flat 276, 12th Floor, Block E, Link Road, Ahmedabad, Gujarat - 380005",852575690782,GSXPR4480U,23-12-1982
Prakash Chavan,prakashcha111@outlook.com,6798575394,"Plot No. 101, 2th Floor, C Wing, Link Road, Lucknow, Uttar Pradesh - 226007",282580298251,YNXPC2816O,08-09-1976
Asha Kapoor,asha.kapoor49@hotmail.com,6012834492,"Villa 322, 4th Floor, A Wing, MG Road, Pune, Maharashtra - 411043",570890537799,WRKPK1965E,01-06-1986
Aditi Choudhury,aditicho491@outlook.com,9689799032,"Plot No. 287, 2th Floor, Block E, Circular Road, Hyderabad, Telangana - 500090",200159693541,SQSPC3209R,02-03-1982
Meena Yash,meena.yash42@icloud.com,7662643771,"House No. 255, 12th Floor, A Wing, Main Road, Surat, Gujarat - 395008",926217882931,ZIJPY8794O,11-01-1995
Priya Iyengar,priya.iyengar43@hotmail.com,8490925228,"Flat 291, 9th Floor, Block E, MG Road, Pune, Maharashtra - 411015",453523484712,IJSPI7787U,02-11-1975
Lata Fernandes,lata.fernandes46@hotmail.com,8284304434,"Villa 136, 13th Floor, C Wing, Link Road, Mysuru, Karnataka - 570009",403948053318,LJHPF7826U,12-05-1975
Arnav Khanna,arnav.khanna73@outlook.com,8214957957,"Villa 13, 3th Floor, C Wing, Park Street, Lucknow, Uttar Pradesh - 226016",211432054880,HPFPK1788O,28-11-1987
Tanvi Singh,tanvisin939@gmail.com,9828607485,"Villa 394, 6th Floor, C Wing, Park Street, Chennai, Tamil Nadu - 600097",428392472081,OFPPS5525Q,26-12-1979
Aditi Patel,aditi.patel44@icloud.com,9411121395,"Villa 243, 4th Floor, D Wing, Park Street, Bengaluru, Karnataka - 560014",962202154423,RTTPP3475R,27-04-1984
Rahul Deshmukh,rahul.deshmukh36@gmail.com,9209227515,"Plot No. 374, 11th Floor, C Wing, Link Road, Thiruvananthapuram, Kerala - 695040",504514246963,PDBPD9996I,23-01-1968
Diya Trivedi,diya.trivedi76@outlook.com,6112919742,"Plot No. 59, 15th Floor, A Wing, Station Road, Kanpur, Uttar Pradesh - 208020",923466038090,DHDPT7187C,30-12-1964
Vikram Hegde,vikramheg330@outlook.com,7190328717,"Plot No. 200, 1th Floor, D Wing, Ring Road, Nagpur, Maharashtra - 440033",348981532010,WPVPH3558G,30-11-1966
Ananya Shetty,ananya.shetty20@gmail.com,9940496365,"House No. 318, 1th Floor, B Wing, Station Road, Mumbai, Maharashtra - 400070",386090916666,KXUPS0856E,12-08-1982
Arnav Choudhury,arnav.choudhury44@yahoo.com,6429856585,"Villa 490, 14th Floor, Block E, Ring Road, Bengaluru, Karnataka - 560032",475458143023,YXJPC5999E,13-07-2003
Anjali Agarwal,anjaliaga275@gmail.com,9855576058,"Flat 232, 7th Floor, B Wing, MG Road, Chandigarh, Chandigarh - 160052",496408218495,UZRPA0645T,19-05-1998
Vikram Joshi,vikramjos601@gmail.com,7351960958,"Flat 171, 14th Floor, Block F, MG Road, Lucknow, Uttar Pradesh - 226029",758147912251,KPKPJ3809D,19-04-1992
Vijay Bajaj,vijay.bajaj66@outlook.com,6041109792,"Villa 479, 3th Floor, C Wing, Park Street, Bhubaneswar, Odisha - 751007",240933732608,XAQPB2872Y,12-02-1978
Ashok Khan,ashokkha891@outlook.com,9548620263,"Plot No. 266, 1th Floor, A Wing, MG Road, Lucknow, Uttar Pradesh - 226025",689168584165,UDCPK6399G,11-02-1969
Preeti Pandey,preetipan149@icloud.com,7977704251,"Plot No. 90, 10th Floor, A Wing, Main Road, Bhubaneswar, Odisha - 751019",269569459741,JKDPP8736L,15-08-1969
Sandeep Fernandes,sandeepfer344@outlook.com,7021348202,"House No. 102, 9th Floor, B Wing, Link Road, Delhi, Delhi - 110054",228735394117,HYOPF1784L,24-12-2003
Dev Khan,devkha967@icloud.com,9433116478,"Flat 30, 6th Floor, B Wing, Bypass Road, Bhubaneswar, Odisha - 751013",274339899809,AOLPK0433D,02-11-1992
Naresh Chavan,naresh.chavan1@outlook.com,8933688301,"Villa 381, 1th Floor, D Wing, Park Street, Bengaluru, Karnataka - 560093",366813576311,SYOPC9218H,20-09-1967
Geeta Gupta,geetagup577@outlook.com,7518786385,"Villa 237, 12th Floor, B Wing, Bypass Road, Thiruvananthapuram, Kerala - 695019",995035588905,GGFPG5575T,20-01-2003
Aditi Yash,aditiyas597@hotmail.com,6422024458,"House No. 367, 4th Floor, Block F, Ring Road, Patna, Bihar - 800002",224024187987,QKSPY2868N,08-04-2004
Ishaan Trivedi,ishaantri541@icloud.com,6159885101,"Plot No. 345, 3th Floor, C Wing, Link Road, Bengaluru, Karnataka - 560069",840517958921,TDUPT7595E,03-09-1969
Kriti Rao,kritirao722@hotmail.com,6776640072,"House No. 361, 13th Floor, B Wing, Circular Road, Mumbai, Maharashtra - 400027",772828597121,KPQPR5504Q,12-05-1995
Kabir Banerjee,kabirban658@hotmail.com,6942169217,"Villa 421, 10th Floor, D Wing, Ring Road, Chandigarh, Chandigarh - 160041",375930061778,UTIPB4451V,16-03-2003
Diya Mishra,diyamis499@icloud.com,7391158430,"Flat 125, 5th Floor, Block E, Ring Road, Bengaluru, Karnataka - 560030",622749935241,JHSPM8401A,13-05-1987
Satish Sharma,satish.sharma58@outlook.com,6927637862,"Plot No. 15, 11th Floor, Block E, Park Street, Thiruvananthapuram, Kerala - 695011",441452999914,GAYPS0406G,12-05-1997
Naresh Mukherjee,naresh.mukherjee57@outlook.com,9561403544,"Flat 11, 6th Floor, B Wing, Link Road, Mumbai, Maharashtra - 400052",789748697121,ANTPM8357O,12-12-1981
Asha Khan,ashakha186@yahoo.com,6834573071,"House No. 168, 12th Floor, Block F, Link Road, Bengaluru, Karnataka - 560008",857387334172,XWAPK5046L,19-09-1999
Vijay Chatterjee,vijay.chatterjee50@hotmail.com,9131240132,"House No. 229, 4th Floor, B Wing, Ring Road, Lucknow, Uttar Pradesh - 226012",703752335549,TVFPC0867W,28-05-1989
Diya Pillai,diyapil300@outlook.com,7659153276,"Plot No. 224, 11th Floor, Block E, Circular Road, Coimbatore, Tamil Nadu - 641041",342370485513,DXHPP8436M,11-08-1966
Reyansh Shah,reyanshsha988@icloud.com,8775029759,"Flat 399, 15th Floor, A Wing, Station Road, Patna, Bihar - 800018",318195052858,SHXPS0821A,08-04-1999
Arjun Grover,arjun.grover6@icloud.com,9456347372,"Flat 19, 10th Floor, B Wing, MG Road, Thiruvananthapuram, Kerala - 695016",833861602227,YIVPG2178V,20-05-1976
Preeti Kulkarni,preeti.kulkarni10@gmail.com,6832551213,"Flat 260, 4th Floor, B Wing, Main Road, Thiruvananthapuram, Kerala - 695014",546226424001,PIZPK2591J,02-07-1983
Suresh Pandey,suresh.pandey71@yahoo.com,9707628099,"Flat 175, 3th Floor, C Wing, Park Street, Kolkata, West Bengal - 700105",284771002757,RTRPP6877R,28-09-1970
Shaurya Shetty,shauryashe150@yahoo.com,7896653676,"Villa 85, 12th Floor, Block E, Ring Road, Coimbatore, Tamil Nadu - 641004",475731829131,ZHHPS8607S,11-02-1974
Mahesh Banerjee,mahesh.banerjee52@yahoo.com,8446396392,"Flat 308, 8th Floor, D Wing, Bypass Road, Lucknow, Uttar Pradesh - 226014",530241598449,NOWPB9484O,21-07-1969
Anita Gaekwad,anitagae686@outlook.com,9483098890,"Plot No. 164, 1th Floor, Block F, Bypass Road, Thiruvananthapuram, Kerala - 695006",603356264085,WSKPG5149L,25-10-2000
Pranav Malhotra,pranavmal674@gmail.com,6596052671,"Villa 235, 9th Floor, Block F, Station Road, Kanpur, Uttar Pradesh - 208019",967314812479,LNBPM5020M,05-03-1990
Arjun Das,arjun.das58@yahoo.com,8190536263,"Villa 128, 9th Floor, C Wing, Bypass Road, Bhubaneswar, Odisha - 751026",253625665481,SBDPD1707R,05-04-1971
Krishna Nair,krishnanai379@yahoo.com,6675247507,"Villa 337, 14th Floor, B Wing, Circular Road, Nagpur, Maharashtra - 440012",913228754289,AALPN6741Q,22-10-1972
Tanvi Arora,tanviaro435@gmail.com,8839173008,"Plot No. 347, 15th Floor, D Wing, Ring Road, Lucknow, Uttar Pradesh - 226024",904157429943,ECLPA9668E,22-05-1976
Suresh Mehta,suresh.mehta7@hotmail.com,9073485675,"Flat 328, 1th Floor, Block F, Ring Road, Thiruvananthapuram, Kerala - 695020",699375792708,LLGPM1665B,09-02-1986
Vikram Mukherjee,vikrammuk397@hotmail.com,6177162302,"House No. 464, 10th Floor, Block E, Station Road, Delhi, Delhi - 110066",520272575226,FKKPM4831K,15-07-1975
Pranav Sheikh,pranav.sheikh28@gmail.com,9968514508,"Flat 72, 15th Floor, C Wing, Bypass Road, Kolkata, West Bengal - 700068",880015631437,OAVPS1438S,12-03-1974
Vihaan Yadav,vihaanyad513@yahoo.com,8211017992,"Villa 20, 6th Floor, D Wing, Ring Road, Pune, Maharashtra - 411030",497533356573,ESJPY6012X,30-12-2005
Ashok Bajaj,ashokbaj289@icloud.com,7389472697,"House No. 399, 15th Floor, D Wing, MG Road, Pune, Maharashtra - 411031",933381697507,RHWPB8865L,17-04-1970
Rahul Das,rahuldas823@hotmail.com,7289753396,"Villa 32, 2th Floor, A Wing, Link Road, Thiruvananthapuram, Kerala - 695036",769829976997,YCJPD6898T,31-05-1995
Rohan Iyer,rohan.iyer60@hotmail.com,8550834840,"House No. 284, 10th Floor, Block E, Circular Road, Coimbatore, Tamil Nadu - 641026",744479289709,FXMPI8981E,07-02-1968
Saanvi Thakur,saanvitha673@icloud.com,7392957865,"Plot No. 339, 11th Floor, B Wing, Circular Road, Mumbai, Maharashtra - 400077",830800003810,YOIPT1260A,12-01-1968
Kabir Mishra,kabirmis639@gmail.com,7994474622,"Villa 146, 1th Floor, D Wing, Bypass Road, Lucknow, Uttar Pradesh - 226026",586318634555,YJZPM7060U,03-05-2004
Naresh Kumar,naresh.kumar47@outlook.com,7989979011,"Villa 74, 2th Floor, C Wing, Ring Road, Chandigarh, Chandigarh - 160062",514503315235,FVWPK5322B,14-03-1968
Rudra Grover,rudra.grover64@outlook.com,6900112840,"Villa 72, 14th Floor, B Wing, Park Street, Bengaluru, Karnataka - 560093",667795268908,FMQPG1542H,16-02-1976
Aanya Ansari,aanya.ansari54@icloud.com,8919817001,"Villa 230, 1th Floor, D Wing, Park Street, Kolkata, West Bengal - 700030",634782173891,JLLPA0564U,10-05-1974
Vivaan Iyer,vivaan.iyer36@outlook.com,8952529242,"Flat 149, 3th Floor, Block F, Circular Road, Pune, Maharashtra - 411051",632991378077,EEIPI4146H,16-11-1976
Rudra Deshmukh,rudrades972@outlook.com,7050699875,"House No. 486, 6th Floor, D Wing, Link Road, Kochi, Kerala - 682021",692598764006,SNIPD6901Z,06-09-1996
Shruti Chatterjee,shruticha836@yahoo.com,6141551051,"Plot No. 241, 14th Floor, Block E, Bypass Road, Jaipur, Rajasthan - 302032",323587662690,SCCPC9632H,21-10-1994
Kiara Sen,kiara.sen25@hotmail.com,6701316889,"Flat 455, 4th Floor, B Wing, Link Road, Jaipur, Rajasthan - 302034",516495864917,BKRPS0307Z,14-06-1968
Shruti Hegde,shrutiheg137@icloud.com,9244111397,"House No. 418, 15th Floor, A Wing, MG Road, Hyderabad, Telangana - 500002",719681469107,WMIPH3263D,08-06-1985
Rudra Trivedi,rudratri246@yahoo.com,8295153841,"House No. 160, 1th Floor, Block E, Ring Road, Pune, Maharashtra - 411050",726066543113,UWYPT0963O,09-01-2003
Shruti Kumar,shruti.kumar99@gmail.com,7852204330,"House No. 119, 1th Floor, C Wing, MG Road, Mumbai, Maharashtra - 400050",678277345734,NVKPK2674T,01-10-1981
Dev Yadav,dev.yadav95@gmail.com,9737660625,"Villa 252, 3th Floor, C Wing, Circular Road, Patna, Bihar - 800007",944153966086,BZJPY8994A,05-11-1966
Gaurav Joshi,gauravjos535@icloud.com,7689456189,"Plot No. 318, 12th Floor, B Wing, Station Road, Nagpur, Maharashtra - 440016",875503109388,QFTPJ5637T,29-05-2002
Vikram Chawla,vikram.chawla97@hotmail.com,6962231421,"House No. 466, 6th Floor, B Wing, Park Street, Bengaluru, Karnataka - 560085",244440721112,KSMPC6795N,16-10-1968
Shaurya Mehta,shaurya.mehta79@yahoo.com,6193633959,"Villa 243, 9th Floor, Block E, Ring Road, Chandigarh, Chandigarh - 160040",961276514924,XDAPM0969B,01-10-1961
Anjali Joshi,anjalijos917@yahoo.com,9206661020,"Villa 140, 6th Floor, A Wing, Main Road, Nagpur, Maharashtra - 440006",677310110600,HAXPJ8597H,17-04-2003
Advait Roy,advaitroy958@outlook.com,8519513222,"Plot No. 22, 10th Floor, Block E, MG Road, Kanpur, Uttar Pradesh - 208014",370569490457,ZRYPR8471I,04-11-1978
Harsh Singh,harshsin147@outlook.com,6582843656,"Villa 318, 8th Floor, Block F, Park Street, Kochi, Kerala - 682024",630278911745,NDUPS8512A,02-07-1993
Pooja Gupta,poojagup302@outlook.com,9682541321,"Villa 19, 8th Floor, D Wing, Station Road, Ahmedabad, Gujarat - 380044",639395784765,AKJPG7674Z,08-12-1983
Dev Mehta,devmeh919@icloud.com,9823627842,"Plot No. 21, 6th Floor, Block F, Station Road, Coimbatore, Tamil Nadu - 641031",917573228361,GQDPM4200E,26-04-2003
Neha Grover,neha.grover37@gmail.com,9562952242,"House No. 220, 8th Floor, C Wing, Circular Road, Patna, Bihar - 800008",408260759817,YUGPG1160C,15-06-1971
Kriti Yadav,kriti.yadav2@yahoo.com,9082781575,"Villa 183, 12th Floor, C Wing, Link Road, Kochi, Kerala - 682018",309319938963,LLFPY3133K,15-08-1997
Dhruv Rao,dhruvrao119@yahoo.com,6448601016,"Flat 1, 1th Floor, C Wing, Link Road, Coimbatore, Tamil Nadu - 641010",399893960733,DFLPR6614E,11-11-1963
Rajesh Iyer,rajesh.iyer15@outlook.com,8998893421,"Flat 165, 3th Floor, B Wing, Main Road, Chandigarh, Chandigarh - 160024",328415277655,ZSFPI5324F,20-06-1988
Anjali Bajaj,anjalibaj684@outlook.com,9249298961,"Plot No. 86, 9th Floor, Block E, Link Road, Kochi, Kerala - 682030",370262458522,JVHPB1672B,14-08-1980
Satish D'Souza,satishd's190@gmail.com,7265919406,"Plot No. 70, 6th Floor, A Wing, Circular Road, Kanpur, Uttar Pradesh - 208020",762975593384,DSWPD6219Q,12-01-1991
Shaurya Choudhury,shauryacho668@icloud.com,9975384736,"House No. 253, 12th Floor, D Wing, Bypass Road, Surat, Gujarat - 395010",313176158650,IWQPC7087F,07-08-1985
Advait Pillai,advaitpil579@hotmail.com,8405602018,"House No. 458, 9th Floor, C Wing, Bypass Road, Jaipur, Rajasthan - 302014",780905380534,NKAPP3240G,25-04-1962
Ramesh Sharma,rameshsha144@icloud.com,8234898376,"Plot No. 324, 7th Floor, A Wing, Ring Road, Hyderabad, Telangana - 500065",565477460110,RIGPS9901N,06-04-1982
Harsh D'Souza,harshd's206@outlook.com,6025300958,"House No. 332, 12th Floor, C Wing, Park Street, Ahmedabad, Gujarat - 380003",395401774950,GKIPD4925H,01-10-1964
Karan D'Souza,karand's294@outlook.com,6264008938,"Plot No. 320, 13th Floor, Block E, Bypass Road, Jaipur, Rajasthan - 302023",266643067387,KBEPD7873M,02-09-1974
Saanvi Khan,saanvikha172@hotmail.com,8558489116,"Villa 124, 11th Floor, C Wing, Ring Road, Lucknow, Uttar Pradesh - 226004",622199143150,VSOPK0710E,17-07-1963
Ayaans Khanna,ayaanskha721@yahoo.com,6961830386,"House No. 82, 9th Floor, C Wing, MG Road, Chennai, Tamil Nadu - 600031",278269313241,SZDPK0022L,22-09-1968
Kavita Mishra,kavitamis444@yahoo.com,7105589119,"Flat 23, 15th Floor, B Wing, MG Road, Thiruvananthapuram, Kerala - 695015",727034418440,WJGPM8075L,05-07-1984
Diya Choudhury,diyacho784@outlook.com,8452646507,"Flat 416, 11th Floor, B Wing, Park Street, Chennai, Tamil Nadu - 600053",391628844835,PYKPC3148Y,26-05-1960
Prakash Nair,prakash.nair7@yahoo.com,7332961930,"Flat 229, 10th Floor, A Wing, Bypass Road, Mumbai, Maharashtra - 400017",673958008174,JCXPN1707F,19-08-1981
Ananya Thakur,ananyatha402@hotmail.com,9298199788,"Plot No. 99, 5th Floor, Block F, Station Road, Coimbatore, Tamil Nadu - 641023",965036029193,ALVPT1271T,23-12-1966
Sai Ansari,saians879@outlook.com,9524882652,"House No. 30, 5th Floor, A Wing, Bypass Road, Coimbatore, Tamil Nadu - 641018",525295691035,FJXPA1544O,09-12-1989
Satish Singh,satish.singh90@icloud.com,7083892116,"Villa 8, 15th Floor, A Wing, Bypass Road, Coimbatore, Tamil Nadu - 641018",741838429363,DPVPS6197G,13-12-1960
Ishaan Mukherjee,ishaan.mukherjee83@gmail.com,8989905679,"Villa 133, 14th Floor, Block F, MG Road, Thiruvananthapuram, Kerala - 695022",996184042116,WGGPM4016M,04-04-1982
Amit Nair,amitnai313@yahoo.com,7617984489,"House No. 191, 9th Floor, D Wing, Park Street, Patna, Bihar - 800017",685312417591,ZVNPN4897U,25-02-1962
Kriti Shetty,kriti.shetty90@outlook.com,6491337094,"Villa 72, 2th Floor, D Wing, Main Road, Jaipur, Rajasthan - 302011",357761574355,UDHPS6493U,23-06-1961
Saanvi Roy,saanvi.roy80@outlook.com,9724347014,"Villa 294, 2th Floor, A Wing, Link Road, Patna, Bihar - 800006",897428906690,INHPR6430I,26-06-1984
Preeti Yash,preetiyas767@icloud.com,9157606700,"Flat 12, 3th Floor, C Wing, Main Road, Nagpur, Maharashtra - 440012",381009825334,HMKPY9470F,22-01-1971
Geeta Patel,geetapat492@outlook.com,9799714685,"Plot No. 173, 3th Floor, Block E, Link Road, Jaipur, Rajasthan - 302018",708336780922,OGLPP5879P,01-02-2000
Aryan Kapoor,aryan.kapoor66@icloud.com,8693746863,"Plot No. 325, 1th Floor, C Wing, Circular Road, Bhubaneswar, Odisha - 751028",572858393134,ZAHPK6073U,31-08-2003
Preeti Joshi,preeti.joshi44@gmail.com,6649002880,"House No. 278, 4th Floor, Block F, MG Road, Chandigarh, Chandigarh - 160029",604794161236,LFRPJ9393H,31-03-1989
Dinesh Das,dineshdas361@outlook.com,7574237720,"House No. 144, 6th Floor, B Wing, MG Road, Delhi, Delhi - 110031",595194687871,HTLPD0385I,26-12-1978
Rohan Shetty,rohan.shetty51@outlook.com,7209667216,"Villa 488, 9th Floor, C Wing, Ring Road, Chennai, Tamil Nadu - 600081",634758508086,CBKPS7265E,16-03-2005
Sneha Rao,sneharao432@icloud.com,8439105106,"Villa 473, 11th Floor, D Wing, Main Road, Kolkata, West Bengal - 700107",426559993312,TUTPR3152H,19-10-1960
Vivaan Choudhury,vivaancho908@hotmail.com,7343194657,"Flat 215, 14th Floor, C Wing, Park Street, Ahmedabad, Gujarat - 380058",824314356034,CCIPC6259Z,27-10-1989
Riya Nair,riyanai127@icloud.com,7055340094,"Plot No. 270, 1th Floor, C Wing, Station Road, Kanpur, Uttar Pradesh - 208015",345753395157,IYNPN0678A,10-02-1977
Aadhya Patel,aadhya.patel33@hotmail.com,6722995521,"House No. 470, 12th Floor, B Wing, Station Road, Surat, Gujarat - 395008",688975559684,DGRPP9288R,04-10-2001
Aditya Roy,adityaroy724@gmail.com,9920283528,"Villa 398, 6th Floor, D Wing, Bypass Road, Jaipur, Rajasthan - 302025",931584171479,ZMRPR5199A,16-10-2001
Sunita Thakur,sunita.thakur47@gmail.com,7508368606,"Plot No. 159, 10th Floor, D Wing, Park Street, Chandigarh, Chandigarh - 160050",313589270069,RZEPT1929B,20-08-1973
Kriti Das,kritidas490@yahoo.com,9449981595,"Villa 247, 5th Floor, B Wing, Park Street, Bengaluru, Karnataka - 560082",221970206348,GFHPD4863I,28-09-1967
Gaurav Agarwal,gauravaga314@icloud.com,9417144859,"Flat 126, 9th Floor, C Wing, Circular Road, Mumbai, Maharashtra - 400060",884586162484,YHZPA8893X,25-10-1980
Advait Khanna,advait.khanna92@outlook.com,8812386739,"Villa 14, 1th Floor, Block E, Bypass Road, Jaipur, Rajasthan - 302039",278049903326,GDFPK5177N,06-08-1978
Geeta Chavan,geeta.chavan86@gmail.com,8085424012,"Villa 99, 2th Floor, C Wing, Park Street, Kochi, Kerala - 682012",412588706570,FVIPC4520S,13-02-1971
Shruti D'Souza,shruti.d'souza15@icloud.com,8009851685,"House No. 395, 14th Floor, Block E, Main Road, Mumbai, Maharashtra - 400041",741073720882,FLOPD4654U,13-09-1982
Prakash Gupta,prakashgup989@outlook.com,9802340702,"Villa 494, 12th Floor, B Wing, Bypass Road, Kanpur, Uttar Pradesh - 208021",218803814590,TPAPG7824X,23-04-1967
Shruti Sheikh,shruti.sheikh38@outlook.com,9496494897,"Villa 368, 5th Floor, Block E, Bypass Road, Pune, Maharashtra - 411039",745900080735,BCKPS3484E,28-11-1965
Aditi Khan,aditi.khan75@hotmail.com,6907170290,"Flat 115, 14th Floor, B Wing, Link Road, Chennai, Tamil Nadu - 600010",980911914883,OPGPK5671T,13-06-1986
Dev Choudhury,dev.choudhury53@icloud.com,9908840387,"Plot No. 431, 10th Floor, D Wing, Bypass Road, Surat, Gujarat - 395004",435467953837,PTEPC9574B,23-05-1989
Rekha Ansari,rekha.ansari25@hotmail.com,8529800246,"Flat 75, 3th Floor, C Wing, MG Road, Nagpur, Maharashtra - 440019",684951105596,ZPXPA2878I,22-12-1966
Prakash Sen,prakashsen902@icloud.com,7216239265,"Plot No. 492, 14th Floor, C Wing, Park Street, Chandigarh, Chandigarh - 160028",580774421495,BJVPS7947V,10-09-1996
Kriti Mukherjee,kritimuk453@gmail.com,8853266252,"Flat 220, 10th Floor, Block F, Park Street, Thiruvananthapuram, Kerala - 695031",642498796357,QJMPM1138I,29-01-1988
Aadhya Thakur,aadhya.thakur25@gmail.com,7037209562,"Plot No. 255, 15th Floor, C Wing, Link Road, Kolkata, West Bengal - 700008",349742106646,ONHPT7607M,27-06-1961
Lata Bajaj,lata.bajaj79@outlook.com,7258852384,"Plot No. 289, 15th Floor, D Wing, Park Street, Bengaluru, Karnataka - 560049",940180768130,WXCPB0356V,19-08-1967
Pooja Malik,pooja.malik95@outlook.com,7611677477,"House No. 328, 4th Floor, C Wing, Station Road, Coimbatore, Tamil Nadu - 641005",370272935597,HEYPM8687C,23-05-2002
Dinesh Das,dinesh.das98@gmail.com,6206155989,"Villa 376, 13th Floor, D Wing, Circular Road, Chennai, Tamil Nadu - 600054",423565515192,PUKPD4106P,14-12-1991
Harish Bose,harishbos880@yahoo.com,9258041911,"Villa 259, 15th Floor, Block E, MG Road, Bengaluru, Karnataka - 560098",481259542504,UHJPB4262A,18-06-1984
Dinesh Joshi,dinesh.joshi93@outlook.com,6494795343,"Villa 202, 7th Floor, D Wing, MG Road, Hyderabad, Telangana - 500007",652369238220,LAFPJ5802R,10-07-1983
Meena Chawla,meenacha299@gmail.com,7789409866,"Villa 142, 12th Floor, Block E, Bypass Road, Kochi, Kerala - 682008",666593523857,WDFPC1227A,21-07-1970
Saanvi Sheikh,saanvishe870@outlook.com,7739325019,"Villa 338, 2th Floor, Block E, Bypass Road, Chennai, Tamil Nadu - 600041",903105371809,QEAPS5337V,02-04-2004
Aditya Mishra,adityamis640@outlook.com,8331521664,"Plot No. 431, 6th Floor, Block F, MG Road, Delhi, Delhi - 110094",942178783005,PLFPM5758G,03-02-1994
Kriti Malik,kritimal668@icloud.com,9810630072,"House No. 389, 7th Floor, Block F, Circular Road, Bengaluru, Karnataka - 560072",553821810886,YJEPM9432C,10-09-1983
Preeti Banerjee,preetiban843@outlook.com,8109758776,"Villa 294, 7th Floor, A Wing, Ring Road, Bhubaneswar, Odisha - 751017",299935427629,GCOPB7077E,11-09-1981
Diya Arora,diyaaro540@icloud.com,6620315915,"Flat 160, 14th Floor, B Wing, MG Road, Jaipur, Rajasthan - 302013",796160505035,CYQPA3860J,08-08-1961
Vivaan Khan,vivaan.khan14@icloud.com,7283280065,"Plot No. 86, 5th Floor, C Wing, Station Road, Kolkata, West Bengal - 700099",923961242226,DMOPK3366B,11-12-1992
Om D'Souza,omd's387@outlook.com,7490541323,"Plot No. 124, 6th Floor, D Wing, Circular Road, Jaipur, Rajasthan - 302006",594559281515,JPZPD3653C,13-04-1981
Rohan Rao,rohan.rao49@outlook.com,8461280543,"Flat 482, 14th Floor, B Wing, Link Road, Bhubaneswar, Odisha - 751023",455600101454,PRHPR6437I,14-08-2005
Aryan Grover,aryangro321@yahoo.com,6889186359,"Plot No. 225, 1th Floor, C Wing, Main Road, Nagpur, Maharashtra - 440010",324021409914,ZSWPG2141O,08-04-1969
Vivaan Thakur,vivaantha193@outlook.com,6224806420,"Villa 100, 4th Floor, Block F, Link Road, Ahmedabad, Gujarat - 380055",202683970073,ISKPT3810D,02-11-1981
Meena Joshi,meenajos140@hotmail.com,9566139611,"Villa 391, 13th Floor, Block F, Park Street, Pune, Maharashtra - 411031",934036184061,IXYPJ8546Y,01-12-1962
Kabir Fernandes,kabirfer617@outlook.com,8032077261,"Plot No. 315, 4th Floor, Block F, Main Road, Surat, Gujarat - 395007",347684638834,RNUPF3018R,30-07-1986
Aditi Choudhury,aditicho810@yahoo.com,7843129543,"Flat 482, 4th Floor, C Wing, Link Road, Bengaluru, Karnataka - 560030",672390067282,KFJPC4233V,28-02-1968
Aadhya Mehta,aadhyameh594@yahoo.com,7176979709,"Plot No. 187, 3th Floor, B Wing, MG Road, Patna, Bihar - 800022",797988455427,XHAPM5816H,19-10-1960
Naresh Singh,naresh.singh82@icloud.com,6595726768,"Villa 207, 1th Floor, C Wing, Station Road, Chandigarh, Chandigarh - 160053",479728824635,RVLPS9321B,18-09-1989
Yash Roy,yash.roy42@hotmail.com,6782926889,"Flat 182, 6th Floor, Block F, Station Road, Kochi, Kerala - 682024",857816917231,IWAPR4153L,15-04-1987
Satish Nair,satishnai144@yahoo.com,7005820935,"Plot No. 462, 2th Floor, Block E, Station Road, Jaipur, Rajasthan - 302019",669507141580,WINPN5721D,04-02-2000
Aryan Fernandes,aryanfer366@yahoo.com,9903565116,"Villa 2, 8th Floor, D Wing, Park Street, Patna, Bihar - 800020",231059532508,VLQPF0426Z,03-07-2000
Aryan Shetty,aryan.shetty76@hotmail.com,8947469259,"House No. 129, 7th Floor, Block F, Circular Road, Jaipur, Rajasthan - 302027",603526212040,PRJPS4371B,12-07-1962
Vikram Joshi,vikram.joshi41@yahoo.com,6408063763,"Villa 499, 13th Floor, Block E, MG Road, Nagpur, Maharashtra - 440022",651329311371,RVHPJ4830Q,09-02-1994
Priya Chavan,priyacha257@hotmail.com,9079414282,"House No. 45, 5th Floor, C Wing, Bypass Road, Delhi, Delhi - 110069",404018079498,AVAPC6595H,07-09-1982
Ramesh Sheikh,ramesh.sheikh45@hotmail.com,7960131321,"Flat 379, 14th Floor, B Wing, Link Road, Mumbai, Maharashtra - 400063",672712246394,QICPS8498N,11-04-1980
Karan Sharma,karan.sharma19@icloud.com,6468977353,"Villa 352, 7th Floor, D Wing, Bypass Road, Kanpur, Uttar Pradesh - 208025",370277591107,WFYPS4835D,20-04-1997
Suresh Yash,sureshyas126@yahoo.com,9565869594,"House No. 474, 9th Floor, Block F, Circular Road, Lucknow, Uttar Pradesh - 226016",421976645807,CTYPY0645O,28-10-1964
Advait Iyengar,advaitiye256@icloud.com,9680511947,"Plot No. 486, 9th Floor, D Wing, Ring Road, Mysuru, Karnataka - 570011",812685314000,FHZPI7673N,01-08-1962
Sandeep Joshi,sandeepjos339@hotmail.com,8592364997,"Plot No. 42, 3th Floor, C Wing, Bypass Road, Bhubaneswar, Odisha - 751018",325595692318,ZHDPJ4256B,11-03-1977
Gaurav Nair,gaurav.nair94@icloud.com,7918486061,"Flat 142, 9th Floor, C Wing, Park Street, Surat, Gujarat - 395011",943900208914,BXSPN6466I,01-04-1976
Aditi Sheikh,aditishe655@yahoo.com,8430714174,"Flat 389, 6th Floor, D Wing, Park Street, Chandigarh, Chandigarh - 160057",847236611761,IPAPS2794U,31-07-1965
Sneha Ansari,sneha.ansari68@hotmail.com,9247891465,"Plot No. 470, 7th Floor, A Wing, Link Road, Hyderabad, Telangana - 500095",600120298955,WJZPA8172M,07-10-2002
Vikram Singh,vikram.singh86@yahoo.com,8047211745,"Flat 75, 12th Floor, D Wing, Ring Road, Kanpur, Uttar Pradesh - 208026",340620963178,MIRPS9714H,23-01-1999
Geeta Agarwal,geetaaga859@gmail.com,9800013303,"Flat 92, 6th Floor, D Wing, Circular Road, Ahmedabad, Gujarat - 380050",308193901540,KZMPA2695S,11-07-1993
Saanvi Sheikh,saanvishe310@icloud.com,8769094158,"Flat 296, 6th Floor, Block E, MG Road, Lucknow, Uttar Pradesh - 226008",557906224813,SVEPS9428P,14-06-1971
Mahesh Hegde,maheshheg814@gmail.com,6200731065,"Villa 251, 7th Floor, D Wing, Bypass Road, Chennai, Tamil Nadu - 600097",591710434106,EQMPH4792G,09-09-1967
Suresh Thakur,sureshtha182@gmail.com,9882448156,"Villa 152, 14th Floor, B Wing, Bypass Road, Delhi, Delhi - 110017",659151161314,WQYPT9719K,07-12-1989
Ishaan Trivedi,ishaan.trivedi49@yahoo.com,7718932766,"Villa 258, 6th Floor, B Wing, MG Road, Kolkata, West Bengal - 700035",944014366446,SAFPT4666Y,13-01-1985
Harsh Gupta,harsh.gupta17@icloud.com,7319472352,"Flat 245, 11th Floor, A Wing, Bypass Road, Delhi, Delhi - 110068",514291851686,EDEPG4390U,27-05-1970
Harsh Malik,harsh.malik86@hotmail.com,8831915942,"Villa 280, 10th Floor, C Wing, Circular Road, Bhubaneswar, Odisha - 751030",929987260718,PXAPM9752Y,07-02-1989
Arjun Bajaj,arjun.bajaj97@yahoo.com,9137388495,"Plot No. 123, 6th Floor, Block E, Park Street, Kochi, Kerala - 682013",927791345094,RHEPB6167M,11-10-1983
Dev Hegde,devheg870@icloud.com,9857678634,"House No. 387, 12th Floor, Block E, MG Road, Pune, Maharashtra - 411023",904683227359,YJPPH1455H,20-06-1987
Diya Pillai,diyapil689@icloud.com,9479907370,"House No. 140, 9th Floor, D Wing, Circular Road, Jaipur, Rajasthan - 302018",202980965590,JFXPP1685C,24-11-1998
Rohan Bose,rohanbos259@gmail.com,6883616456,"House No. 456, 10th Floor, Block E, Link Road, Patna, Bihar - 800022",361199588242,WVOPB8108H,12-12-1964
Sai Yash,sai.yash4@hotmail.com,9142276903,"Villa 455, 13th Floor, C Wing, Park Street, Kanpur, Uttar Pradesh - 208006",532788557492,MYEPY7773A,11-01-1972
Rohan Shetty,rohanshe205@hotmail.com,6875517399,"Flat 386, 15th Floor, C Wing, Station Road, Mysuru, Karnataka - 570021",971888749442,GDQPS1140U,13-06-2003
Neha Nair,nehanai820@icloud.com,8683267045,"Villa 447, 7th Floor, B Wing, Park Street, Kanpur, Uttar Pradesh - 208019",854722303085,THRPN8705N,19-07-2003
Lata Fernandes,lata.fernandes8@yahoo.com,8723312278,"Flat 6, 9th Floor, Block E, Ring Road, Pune, Maharashtra - 411033",234448077383,JLGPF6535S,28-04-1996
Karan Thakur,karan.thakur51@icloud.com,8052686676,"Plot No. 13, 7th Floor, A Wing, MG Road, Kolkata, West Bengal - 700105",503740063924,TIRPT4031H,04-02-1982
Satish Shah,satishsha378@yahoo.com,7851775656,"Plot No. 210, 10th Floor, Block F, Station Road, Surat, Gujarat - 395009",365463680524,KOYPS9517B,14-09-1993
Kriti Sheikh,kritishe885@hotmail.com,6655322664,"Plot No. 37, 15th Floor, Block E, Ring Road, Chennai, Tamil Nadu - 600109",821266350570,KSYPS1787N,21-07-1996
Amit Mukherjee,amit.mukherjee24@icloud.com,7383562737,"Flat 424, 9th Floor, Block F, Link Road, Bengaluru, Karnataka - 560012",260454096823,UWBPM1134R,15-05-1975
Kavita Sen,kavitasen186@yahoo.com,7481957146,"Villa 15, 10th Floor, A Wing, Main Road, Hyderabad, Telangana - 500078",752970965017,PEPPS3383F,29-08-2002
Kavita Kapoor,kavita.kapoor98@gmail.com,7365894278,"Flat 216, 14th Floor, C Wing, Circular Road, Hyderabad, Telangana - 500072",576614180137,JFLPK8711N,21-07-2004
Saanvi Mukherjee,saanvimuk273@hotmail.com,8109597568,"Plot No. 75, 1th Floor, D Wing, Bypass Road, Surat, Gujarat - 395012",912494434854,EAWPM9860Z,07-11-2003
Naresh Trivedi,naresh.trivedi90@icloud.com,7428112362,"House No. 280, 14th Floor, B Wing, Ring Road, Bhubaneswar, Odisha - 751029",978731350357,IHHPT9503S,06-08-1999
Prakash Fernandes,prakash.fernandes52@yahoo.com,9419888866,"House No. 201, 8th Floor, C Wing, Bypass Road, Hyderabad, Telangana - 500013",530349467027,MRAPF6704R,25-04-1964
Rohan Gomes,rohan.gomes27@outlook.com,9903556416,"Flat 319, 1th Floor, D Wing, Station Road, Jaipur, Rajasthan - 302012",421898032631,ACZPG3880R,16-08-1996
Kiara Malik,kiara.malik83@hotmail.com,7319122667,"Plot No. 114, 15th Floor, Block E, Main Road, Kolkata, West Bengal - 700096",935799873468,WTZPM3918Y,24-08-1990
Pranav Pillai,pranavpil993@hotmail.com,7869383038,"Villa 373, 3th Floor, Block E, Circular Road, Kolkata, West Bengal - 700067",621145856197,QAJPP8189U,02-12-1960
Ayaans Ansari,ayaans.ansari6@gmail.com,8072948831,"Flat 19, 15th Floor, D Wing, MG Road, Kochi, Kerala - 682005",773773398714,BSUPA6198J,26-11-1981
Rudra Patel,rudrapat264@outlook.com,8081372776,"Flat 350, 6th Floor, A Wing, Main Road, Hyderabad, Telangana - 500013",865130679133,RIHPP4631Q,21-08-1985
Asha Roy,asharoy417@gmail.com,7937895404,"Villa 474, 15th Floor, D Wing, Main Road, Chandigarh, Chandigarh - 160059",408284188946,SKRPR4713Z,19-03-1996
Satish Hegde,satish.hegde33@yahoo.com,7811731052,"Villa 94, 8th Floor, Block E, Main Road, Nagpur, Maharashtra - 440022",323429926476,UTNPH5030C,01-04-1990
Vivaan Kulkarni,vivaankul293@gmail.com,8977143691,"Plot No. 312, 11th Floor, A Wing, Link Road, Jaipur, Rajasthan - 302005",246444627413,VTPPK4669S,11-09-1980
Tanvi Thakur,tanvitha710@gmail.com,9520724863,"Flat 123, 5th Floor, B Wing, Main Road, Bengaluru, Karnataka - 560085",332016076265,ANJPT0368J,01-01-1960
Anita Ansari,anitaans261@outlook.com,7312107264,"House No. 166, 2th Floor, D Wing, MG Road, Mysuru, Karnataka - 570016",847716535434,NTTPA4805P,16-08-1965
Harish Joshi,harishjos634@gmail.com,9097632923,"House No. 410, 4th Floor, C Wing, Station Road, Jaipur, Rajasthan - 302013",623544324086,HEQPJ3168Y,19-12-1973
Deepak Khan,deepakkha584@gmail.com,8021360806,"House No. 418, 11th Floor, A Wing, Ring Road, Pune, Maharashtra - 411036",627448998816,XWRPK8348W,11-04-1986
Diya Hegde,diyaheg836@gmail.com,6185565761,"House No. 267, 14th Floor, Block E, Main Road, Mumbai, Maharashtra - 400071",669090695545,VMXPH3352K,09-05-1976
Kavita Singh,kavitasin661@yahoo.com,6056250668,"Villa 467, 1th Floor, B Wing, Bypass Road, Pune, Maharashtra - 411013",716353732342,TBAPS0476Y,09-11-1995
Sneha Das,sneha.das78@yahoo.com,9309095233,"Flat 131, 6th Floor, C Wing, Bypass Road, Lucknow, Uttar Pradesh - 226007",352255519675,PPNPD1648B,31-08-1984
Kiara Agarwal,kiara.agarwal82@gmail.com,6621823586,"House No. 376, 15th Floor, Block E, Ring Road, Coimbatore, Tamil Nadu - 641026",514890449526,MMIPA5702W,01-09-1996
Shaurya Mukherjee,shauryamuk363@gmail.com,8127334505,"House No. 185, 4th Floor, Block F, Park Street, Lucknow, Uttar Pradesh - 226023",962362288296,UBOPM1357T,27-04-1994
Geeta Malik,geetamal403@yahoo.com,9951394759,"Plot No. 314, 7th Floor, D Wing, Ring Road, Ahmedabad, Gujarat - 380015",937152733006,EPOPM2711U,24-01-1982
Arnav Malhotra,arnavmal911@outlook.com,6267365073,"Plot No. 452, 1th Floor, D Wing, Park Street, Hyderabad, Telangana - 500016",206832620212,HASPM0861F,27-06-1961
Naresh Gomes,nareshgom316@gmail.com,8633536853,"House No. 341, 5th Floor, A Wing, Bypass Road, Pune, Maharashtra - 411042",772364030675,BTXPG9197K,26-07-1988
Karan Khanna,karankha937@gmail.com,9663905652,"House No. 202, 4th Floor, C Wing, MG Road, Bhubaneswar, Odisha - 751011",634207577661,HAHPK0601S,21-07-1988
Rajesh Kulkarni,rajeshkul194@icloud.com,7247893069,"Flat 368, 6th Floor, Block F, Circular Road, Mysuru, Karnataka - 570029",638128582943,RBAPK2412M,23-12-1962
Rahul Choudhury,rahulcho429@icloud.com,8801326447,"Plot No. 247, 1th Floor, Block E, Ring Road, Coimbatore, Tamil Nadu - 641038",686531285527,TTYPC3662L,14-02-1987
Naresh Khanna,naresh.khanna86@gmail.com,6748704187,"Villa 498, 4th Floor, A Wing, Ring Road, Jaipur, Rajasthan - 302035",380659733814,VZHPK5973W,01-05-1978
Yash Yadav,yash.yadav11@gmail.com,8157792585,"House No. 84, 7th Floor, D Wing, Circular Road, Coimbatore, Tamil Nadu - 641002",438144932895,KOTPY1805G,16-05-1978
Ramesh Yadav,ramesh.yadav98@icloud.com,7229593564,"Flat 426, 6th Floor, D Wing, Station Road, Kanpur, Uttar Pradesh - 208002",610488689657,CVIPY6847F,16-03-2005
Sunita Mishra,sunita.mishra1@icloud.com,9739712637,"Villa 104, 1th Floor, Block F, Station Road, Jaipur, Rajasthan - 302012",608507085176,OKWPM1610E,19-06-2003
Asha Ansari,asha.ansari72@icloud.com,7961938107,"House No. 212, 8th Floor, Block E, Bypass Road, Thiruvananthapuram, Kerala - 695010",320795970932,DIDPA8184H,12-03-2002
Kabir Nair,kabir.nair64@outlook.com,9223421543,"Flat 419, 8th Floor, B Wing, Link Road, Thiruvananthapuram, Kerala - 695003",565798914685,NXIPN9226B,28-07-1982
Dhruv Nair,dhruv.nair62@yahoo.com,6486127139,"House No. 212, 3th Floor, D Wing, Station Road, Mumbai, Maharashtra - 400043",971353899096,YUSPN5946T,23-12-1994
Ayaans Sheikh,ayaans.sheikh20@outlook.com,9365611874,"Villa 355, 5th Floor, Block E, Station Road, Pune, Maharashtra - 411046",355390159973,MJHPS5070X,10-03-1970
Kiara Yash,kiara.yash75@outlook.com,9610916504,"Flat 403, 6th Floor, A Wing, Park Street, Patna, Bihar - 800007",621851203626,KYHPY3656J,24-10-1981
Lata Sheikh,latashe102@hotmail.com,8255234932,"Plot No. 346, 7th Floor, Block E, MG Road, Delhi, Delhi - 110011",928560073889,ZKAPS1805C,27-10-1960
Sandeep Pillai,sandeep.pillai90@gmail.com,8504115822,"Plot No. 259, 6th Floor, D Wing, Ring Road, Kochi, Kerala - 682010",229807195605,EQLPP6255U,27-12-1966
Neha Chawla,neha.chawla54@hotmail.com,6972459552,"House No. 54, 14th Floor, C Wing, Circular Road, Bengaluru, Karnataka - 560018",831440456847,OKNPC2691J,09-09-1975
Kiara Khanna,kiara.khanna75@yahoo.com,9976755831,"Flat 85, 4th Floor, C Wing, Main Road, Nagpur, Maharashtra - 440004",436451186598,UCOPK6080P,07-06-1985
Anita Hegde,anita.hegde92@gmail.com,6356221350,"Villa 486, 3th Floor, Block F, MG Road, Lucknow, Uttar Pradesh - 226009",787601213305,OVCPH5195T,13-12-1979
Rohan Chavan,rohan.chavan18@outlook.com,9399754682,"Plot No. 243, 4th Floor, A Wing, Link Road, Coimbatore, Tamil Nadu - 641033",773340533990,YVFPC6592N,19-01-1996
Aditya Verma,aditya.verma73@yahoo.com,6016388177,"House No. 8, 13th Floor, A Wing, MG Road, Mysuru, Karnataka - 570022",528311103974,PEZPV9564N,01-08-1986
Mahesh Bajaj,maheshbaj814@gmail.com,7061028349,"Flat 407, 7th Floor, Block F, Station Road, Kanpur, Uttar Pradesh - 208021",848312306812,KXQPB7811V,22-06-1965
Atharva Choudhury,atharva.choudhury23@hotmail.com,7260614245,"Plot No. 42, 5th Floor, C Wing, Link Road, Thiruvananthapuram, Kerala - 695028",513842873330,OOGPC7534P,07-05-1984
Preeti Chatterjee,preeti.chatterjee49@outlook.com,6554121242,"Plot No. 389, 11th Floor, Block E, Park Street, Kochi, Kerala - 682014",810601403367,NSWPC1235V,14-02-2000
Krishna Verma,krishnaver300@gmail.com,9590620709,"Villa 412, 11th Floor, Block E, Circular Road, Kochi, Kerala - 682025",343165855775,JZIPV8160V,09-04-1999
Aadhya Gaekwad,aadhyagae463@hotmail.com,7962795493,"Flat 344, 7th Floor, Block F, Park Street, Pune, Maharashtra - 411019",910270493964,DDPPG7449I,09-03-1963
Shaurya Pandey,shauryapan520@gmail.com,8991100012,"Villa 20, 3th Floor, C Wing, Bypass Road, Thiruvananthapuram, Kerala - 695014",402835620438,SULPP0054C,17-08-1979
Arjun Roy,arjun.roy41@icloud.com,7050122327,"House No. 12, 10th Floor, A Wing, Park Street, Nagpur, Maharashtra - 440015",861296311569,PDWPR7162N,09-10-2004
Atharva Joshi,atharvajos765@hotmail.com,8750261586,"Villa 37, 12th Floor, B Wing, Park Street, Bengaluru, Karnataka - 560071",917613798867,JIZPJ9597G,17-08-1999
Meena Arora,meena.arora22@hotmail.com,6799639117,"House No. 363, 9th Floor, Block E, Main Road, Patna, Bihar - 800006",602586263808,ZMTPA2732D,16-04-1961
Prakash Deshmukh,prakash.deshmukh31@hotmail.com,8435648078,"Flat 202, 3th Floor, D Wing, Main Road, Bhubaneswar, Odisha - 751009",257964388733,JWMPD2246I,01-05-1984
Atharva Gomes,atharva.gomes59@yahoo.com,7040051294,"House No. 169, 13th Floor, A Wing, Park Street, Kochi, Kerala - 682027",736403527032,AGNPG1362M,30-11-1979
Vijay Pandey,vijaypan381@yahoo.com,6200895413,"Villa 65, 14th Floor, B Wing, Station Road, Kolkata, West Bengal - 700037",285000919765,OTJPP1050G,25-01-1969
Dinesh Chawla,dinesh.chawla11@gmail.com,9822385547,"Plot No. 238, 7th Floor, D Wing, Circular Road, Kanpur, Uttar Pradesh - 208021",263447094442,PIBPC7664J,21-10-1985
Ishaan Kumar,ishaan.kumar49@gmail.com,8122203876,"Plot No. 71, 10th Floor, Block F, Station Road, Jaipur, Rajasthan - 302014",661223918245,VXDPK4065H,16-07-1986
Advait Reddy,advaitred502@hotmail.com,7167850437,"House No. 36, 12th Floor, Block E, Ring Road, Delhi, Delhi - 110037",742397280187,AKXPR2845H,25-04-1968
Ishaan Bose,ishaanbos565@gmail.com,6481398298,"Villa 21, 5th Floor, C Wing, Station Road, Nagpur, Maharashtra - 440001",793850981814,SMWPB9645G,04-08-1981
Suman Nair,sumannai702@hotmail.com,7334341182,"Plot No. 478, 9th Floor, D Wing, Park Street, Kolkata, West Bengal - 700027",222948302204,QOFPN8743U,24-04-1985
Om Bajaj,om.bajaj45@icloud.com,7184180717,"Villa 428, 6th Floor, Block E, Circular Road, Thiruvananthapuram, Kerala - 695004",617323425138,ZNDPB7556K,21-10-1965
Suman Mehta,sumanmeh364@yahoo.com,7061943485,"Plot No. 269, 13th Floor, C Wing, Ring Road, Chennai, Tamil Nadu - 600007",285412447884,GBAPM5073K,27-03-1977
Arnav Shah,arnav.shah23@outlook.com,8797861286,"House No. 131, 3th Floor, Block F, Link Road, Mumbai, Maharashtra - 400008",456246775166,WNHPS0317V,03-06-1973
Ishaan Nair,ishaannai804@outlook.com,7169617600,"Plot No. 30, 12th Floor, Block E, Main Road, Mumbai, Maharashtra - 400081",566666260895,WKRPN8371B,04-08-1978
Aditya Malhotra,aditya.malhotra43@icloud.com,9797341740,"Flat 476, 6th Floor, Block E, Link Road, Delhi, Delhi - 110064",321358870432,BRAPM4689T,31-07-1965
Kabir Ansari,kabirans742@hotmail.com,9733459840,"Villa 168, 12th Floor, B Wing, Park Street, Chandigarh, Chandigarh - 160023",969389502005,FSKPA6426U,18-05-1974
Shruti Grover,shruti.grover44@icloud.com,8761540012,"Flat 48, 5th Floor, B Wing, Park Street, Kochi, Kerala - 682033",382453880677,EFJPG3390M,28-04-1988
Aditi Malhotra,aditi.malhotra21@yahoo.com,6251283370,"Flat 108, 1th Floor, B Wing, Link Road, Jaipur, Rajasthan - 302004",627931663241,QAQPM1478Z,07-10-1987
Arjun Bose,arjun.bose18@yahoo.com,6312438701,"House No. 57, 5th Floor, A Wing, Link Road, Jaipur, Rajasthan - 302026",984919293372,YZSPB7459H,10-05-1991
Yash Verma,yashver250@icloud.com,7047633011,"Plot No. 64, 15th Floor, C Wing, Park Street, Chennai, Tamil Nadu - 600007",627788571012,OYGPV9786I,18-07-1989
Shaurya Rao,shaurya.rao63@icloud.com,8180970131,"Flat 218, 3th Floor, Block F, Ring Road, Kolkata, West Bengal - 700008",497412782223,JFHPR2230S,28-04-2001
Sai Bajaj,sai.bajaj12@yahoo.com,6334237436,"House No. 101, 15th Floor, Block E, Link Road, Mysuru, Karnataka - 570027",900662943972,IEFPB7934X,12-03-1998
Kiara Arora,kiara.arora80@gmail.com,7775888714,"Villa 173, 4th Floor, Block F, Main Road, Hyderabad, Telangana - 500089",679703288404,YJNPA5659W,01-01-1988
Vijay Malhotra,vijay.malhotra31@hotmail.com,6894561210,"Villa 414, 10th Floor, A Wing, Link Road, Chandigarh, Chandigarh - 160038",861701363530,AIUPM6522Y,16-12-1999
Satish Patel,satish.patel72@gmail.com,8948271682,"House No. 281, 6th Floor, A Wing, Bypass Road, Nagpur, Maharashtra - 440015",831849834134,LPBPP8177K,25-07-1979
Shruti Mehta,shrutimeh390@hotmail.com,8530952761,"Flat 422, 1th Floor, Block F, Circular Road, Hyderabad, Telangana - 500071",834743828825,STPPM8545Z,05-02-1991
Karan Verma,karanver890@outlook.com,6480606792,"Plot No. 310, 12th Floor, B Wing, Link Road, Delhi, Delhi - 110091",518205904684,BZQPV9409I,18-09-1977
Pooja Gaekwad,poojagae737@hotmail.com,7686245831,"Flat 352, 11th Floor, D Wing, Station Road, Ahmedabad, Gujarat - 380003",672703939549,XRUPG3533N,04-08-1972
Ayaans Kapoor,ayaans.kapoor56@hotmail.com,9379325549,"Flat 367, 13th Floor, Block F, Park Street, Pune, Maharashtra - 411017",786239139677,JHIPK1467C,30-08-2004
Vihaan Singh,vihaansin430@yahoo.com,7529013343,"Plot No. 455, 7th Floor, C Wing, Circular Road, Lucknow, Uttar Pradesh - 226019",645004017767,LEBPS0349T,01-10-1983
Arjun Agarwal,arjun.agarwal15@outlook.com,9440841086,"Plot No. 15, 11th Floor, B Wing, MG Road, Chandigarh, Chandigarh - 160026",746587874768,KCSPA3298N,19-01-1977
Rudra Deshmukh,rudra.deshmukh28@gmail.com,7988380416,"House No. 234, 7th Floor, Block F, Ring Road, Patna, Bihar - 800020",286329567584,SHDPD9743M,06-10-1973
Dinesh Nair,dinesh.nair33@gmail.com,7283048678,"Plot No. 107, 8th Floor, Block F, Main Road, Mysuru, Karnataka - 570029",349623402164,WNZPN6719H,12-10-1984
Ayaans Malik,ayaans.malik69@hotmail.com,7294322711,"House No. 458, 12th Floor, C Wing, Ring Road, Surat, Gujarat - 395003",348180205405,QEPPM9914A,03-06-1983
Ishaan Yadav,ishaan.yadav71@hotmail.com,8638040045,"Plot No. 471, 3th Floor, D Wing, Circular Road, Kolkata, West Bengal - 700047",660679268883,HJWPY5809N,07-11-1996
Priya Sharma,priyasha867@hotmail.com,8503764789,"House No. 314, 1th Floor, A Wing, Ring Road, Bengaluru, Karnataka - 560030",662869110506,UXRPS3587P,04-07-1994
Sunita Shah,sunitasha175@icloud.com,8053767041,"Flat 205, 2th Floor, B Wing, Circular Road, Surat, Gujarat - 395002",406057993412,CWJPS8851I,14-06-1990
Mahesh Bajaj,maheshbaj511@gmail.com,9073771188,"House No. 15, 14th Floor, C Wing, Station Road, Chennai, Tamil Nadu - 600065",453220619417,HPYPB1442D,24-11-1985
Vivaan Reddy,vivaan.reddy6@icloud.com,7834863557,"Plot No. 97, 11th Floor, D Wing, Link Road, Chandigarh, Chandigarh - 160037",741252111697,WGMPR6540X,29-12-1962
Advait Chatterjee,advait.chatterjee26@icloud.com,9841860539,"Flat 319, 1th Floor, C Wing, Park Street, Pune, Maharashtra - 411056",336956565666,HGBPC8025I,04-04-1979
Preeti Mehta,preetimeh559@hotmail.com,8146460625,"Plot No. 280, 15th Floor, B Wing, MG Road, Nagpur, Maharashtra - 440003",374546966264,RSUPM7301F,29-08-1978
Arjun Thakur,arjuntha472@hotmail.com,7697955360,"Villa 332, 3th Floor, A Wing, Ring Road, Kanpur, Uttar Pradesh - 208009",858860812511,GHTPT8977F,08-06-2004
Kabir Sheikh,kabirshe489@icloud.com,6615736356,"Villa 74, 11th Floor, Block E, Main Road, Nagpur, Maharashtra - 440003",800651168031,ICHPS7592N,09-01-1971
Ayaans Shetty,ayaansshe370@gmail.com,7063315067,"Villa 140, 15th Floor, B Wing, MG Road, Patna, Bihar - 800006",912113871270,QHSPS7153Y,30-12-1986
Naresh Kulkarni,naresh.kulkarni13@yahoo.com,9571349552,"Plot No. 410, 8th Floor, D Wing, Circular Road, Mysuru, Karnataka - 570025",207449142234,OCSPK0574D,31-12-1999
Rahul Arora,rahularo763@outlook.com,8098741826,"Flat 467, 15th Floor, C Wing, Link Road, Bengaluru, Karnataka - 560078",898148871069,KWMPA2514M,10-03-1991
Prakash Ansari,prakashans797@hotmail.com,7177718130,"House No. 47, 3th Floor, D Wing, Main Road, Lucknow, Uttar Pradesh - 226004",623196600587,YVJPA9945H,22-10-1968
Krishna Verma,krishnaver105@yahoo.com,9840741983,"Villa 400, 4th Floor, A Wing, Ring Road, Kochi, Kerala - 682029",981113278582,CBNPV2612M,18-03-1973
Kriti Verma,kritiver958@yahoo.com,6262498724,"Flat 221, 10th Floor, C Wing, Main Road, Bhubaneswar, Odisha - 751011",220331541393,QLAPV3797Y,11-12-1960
Om Das,omdas208@outlook.com,8140444537,"Flat 458, 7th Floor, D Wing, Ring Road, Lucknow, Uttar Pradesh - 226002",530665562126,DGOPD1640H,26-12-1973
Anjali Khan,anjali.khan59@yahoo.com,6071169174,"Villa 418, 9th Floor, D Wing, Station Road, Bengaluru, Karnataka - 560072",687314601047,LPLPK3143A,04-02-1967
Ramesh Yash,rameshyas140@hotmail.com,7852772828,"Plot No. 257, 11th Floor, C Wing, Circular Road, Bhubaneswar, Odisha - 751016",322449488709,GIMPY7448J,05-02-1999
Aarav Malik,aaravmal780@yahoo.com,9205704278,"Flat 371, 2th Floor, B Wing, Ring Road, Jaipur, Rajasthan - 302029",361316888139,SBZPM1785K,27-12-1997
Rajesh Choudhury,rajeshcho137@gmail.com,6208133241,"Plot No. 290, 7th Floor, A Wing, Station Road, Mysuru, Karnataka - 570011",534853681909,RPZPC7674S,20-01-1997
Rekha Joshi,rekha.joshi73@outlook.com,7509370091,"Villa 374, 6th Floor, B Wing, Ring Road, Nagpur, Maharashtra - 440008",954628406163,XFWPJ8396P,28-11-1999
Sandeep Grover,sandeepgro722@icloud.com,8071499189,"House No. 48, 6th Floor, B Wing, Main Road, Bengaluru, Karnataka - 560056",431410468715,YNCPG2206N,27-03-2000
Reyansh Das,reyansh.das48@outlook.com,8676550560,"Villa 69, 4th Floor, D Wing, Park Street, Surat, Gujarat - 395012",948309290767,CWJPD6235D,25-04-1970
Harish Reddy,harishred274@outlook.com,8819527711,"Plot No. 63, 12th Floor, D Wing, Bypass Road, Hyderabad, Telangana - 500010",988235513532,OLSPR2351V,10-07-1985
Advait Mishra,advaitmis725@hotmail.com,8145388528,"Villa 412, 7th Floor, C Wing, Ring Road, Coimbatore, Tamil Nadu - 641034",298636794339,KUSPM5642E,12-06-1980
Reyansh Mukherjee,reyansh.mukherjee38@icloud.com,9225803972,"Flat 313, 7th Floor, B Wing, Main Road, Chandigarh, Chandigarh - 160049",849569175784,WBCPM3662E,08-01-1965
Meena Thakur,meena.thakur93@yahoo.com,9602759454,"House No. 375, 4th Floor, Block F, Ring Road, Mysuru, Karnataka - 570012",253081695787,EGAPT7445V,11-01-2005
Rohan Kumar,rohan.kumar89@outlook.com,6638707815,"Flat 270, 2th Floor, D Wing, Ring Road, Patna, Bihar - 800006",952574641574,RAQPK6631N,04-09-1985
Prakash Malhotra,prakash.malhotra97@icloud.com,8361038748,"Villa 132, 5th Floor, C Wing, Bypass Road, Jaipur, Rajasthan - 302007",220053316400,ZOSPM6589C,07-02-1986
Rekha Rao,rekha.rao47@gmail.com,9499383797,"Villa 350, 1th Floor, Block E, Park Street, Kochi, Kerala - 682023",907977004252,OXMPR9595H,11-02-1986
Shaurya Kumar,shaurya.kumar60@outlook.com,7208140184,"Villa 363, 15th Floor, C Wing, Link Road, Bengaluru, Karnataka - 560072",435960539624,ZQTPK7548F,14-12-1985
Satish Kulkarni,satishkul525@yahoo.com,7672437140,"Villa 484, 7th Floor, B Wing, Station Road, Kochi, Kerala - 682012",490154401401,KEWPK5030V,21-06-1964
Sunita Malhotra,sunita.malhotra34@hotmail.com,9313580994,"Villa 242, 11th Floor, B Wing, Bypass Road, Surat, Gujarat - 395012",311041451749,BNIPM6351C,30-08-1985
Vihaan Nair,vihaannai632@outlook.com,7931389557,"Plot No. 122, 7th Floor, C Wing, Circular Road, Nagpur, Maharashtra - 440030",523273379180,FKBPN2266L,01-09-1972
Vijay Khanna,vijay.khanna22@hotmail.com,7122430496,"Villa 481, 11th Floor, C Wing, Park Street, Kochi, Kerala - 682021",332207108425,MLRPK9284Y,09-02-2005
Satish Thakur,satishtha720@gmail.com,6929221426,"Plot No. 355, 8th Floor, Block F, Bypass Road, Ahmedabad, Gujarat - 380034",617314108878,HJMPT1884L,02-06-1976
Sneha Pandey,snehapan914@yahoo.com,7680170838,"Villa 386, 1th Floor, A Wing, Park Street, Jaipur, Rajasthan - 302038",285321757514,VMTPP5460P,16-03-1996
Ashok Iyengar,ashokiye752@outlook.com,9611022514,"Plot No. 278, 5th Floor, A Wing, Main Road, Ahmedabad, Gujarat - 380026",469717932858,MIFPI7157B,01-12-1969
Deepak Khanna,deepakkha401@yahoo.com,9511227473,"Villa 148, 1th Floor, D Wing, Link Road, Nagpur, Maharashtra - 440034",352738185569,KYJPK5717L,26-03-1975
Anita Joshi,anitajos286@gmail.com,7730722070,"Plot No. 407, 3th Floor, A Wing, Link Road, Kolkata, West Bengal - 700052",834960708519,JUCPJ2103D,22-03-1988
Arnav Mehta,arnav.mehta71@yahoo.com,8390830223,"Villa 157, 5th Floor, B Wing, Station Road, Jaipur, Rajasthan - 302031",409237170354,QAPPM1999H,30-11-1970
Sunita Trivedi,sunita.trivedi8@hotmail.com,8004385286,"Plot No. 57, 4th Floor, B Wing, Ring Road, Bhubaneswar, Odisha - 751003",243917983032,GYDPT1093Q,14-04-2002
Ashok Khan,ashokkha822@icloud.com,9563597293,"House No. 461, 7th Floor, Block E, Link Road, Nagpur, Maharashtra - 440012",956988647149,ITOPK4692H,30-01-2001
Sunita Agarwal,sunitaaga609@icloud.com,7433780489,"House No. 305, 13th Floor, Block F, Main Road, Mumbai, Maharashtra - 400058",322868351204,XZVPA2563J,01-02-1987
Om Agarwal,om.agarwal9@yahoo.com,6793969068,"Villa 427, 1th Floor, A Wing, Ring Road, Mysuru, Karnataka - 570018",825996214926,CWJPA2519J,21-11-2005
Geeta Bajaj,geeta.bajaj64@outlook.com,9333193338,"Villa 198, 1th Floor, Block E, Main Road, Chennai, Tamil Nadu - 600077",932820155067,LUFPB0186B,01-06-1981
Aryan Pillai,aryanpil854@hotmail.com,8499869065,"Villa 83, 1th Floor, C Wing, Main Road, Chennai, Tamil Nadu - 600043",341214556644,XLPPP7200R,09-12-1961
Sandeep Verma,sandeepver145@outlook.com,8428523158,"House No. 345, 3th Floor, B Wing, Park Street, Bhubaneswar, Odisha - 751020",484973866616,YACPV0794V,18-11-1990
Vihaan Kapoor,vihaankap955@outlook.com,6579561957,"Villa 434, 9th Floor, Block E, Park Street, Chennai, Tamil Nadu - 600028",226676543885,GQBPK5334G,17-10-1973
Deepak Choudhury,deepakcho667@yahoo.com,9881508850,"Flat 456, 8th Floor, D Wing, Bypass Road, Pune, Maharashtra - 411011",782807273586,OJEPC8058Q,03-01-1999
Krishna Choudhury,krishna.choudhury5@yahoo.com,7712837900,"Villa 496, 4th Floor, Block F, Bypass Road, Mumbai, Maharashtra - 400020",579358944143,OEKPC9849I,23-10-1969
Pranav Iyer,pranaviye245@icloud.com,6274940606,"House No. 238, 14th Floor, A Wing, Main Road, Jaipur, Rajasthan - 302034",596876712237,HSEPI2030O,17-06-1993
Vivaan Yadav,vivaan.yadav83@outlook.com,7660790298,"Flat 83, 12th Floor, Block F, Station Road, Pune, Maharashtra - 411030",804901892650,BHTPY9156R,21-10-1977
Aditi Mehta,aditi.mehta36@hotmail.com,8139592746,"Villa 78, 1th Floor, B Wing, Bypass Road, Thiruvananthapuram, Kerala - 695007",571571406924,PDDPM2351O,11-07-1980
Dev Sheikh,devshe918@yahoo.com,8937631310,"Plot No. 221, 1th Floor, C Wing, Station Road, Thiruvananthapuram, Kerala - 695024",965494177758,EHDPS6586I,01-04-2001
Advait Patel,advait.patel55@gmail.com,8743694680,"Villa 118, 6th Floor, Block F, Park Street, Kolkata, West Bengal - 700074",353053863772,LGXPP9291V,01-05-1987
Lata Kapoor,lata.kapoor55@icloud.com,9739086943,"Villa 129, 1th Floor, Block F, Link Road, Kochi, Kerala - 682013",752840035324,JKOPK6883G,17-10-1988
Aadhya Rao,aadhya.rao51@gmail.com,9673788686,"Villa 488, 2th Floor, Block F, Main Road, Jaipur, Rajasthan - 302007",409232677227,VMPPR2323F,03-08-1960
Preeti Choudhury,preeti.choudhury87@hotmail.com,8577447696,"Flat 53, 7th Floor, Block E, Link Road, Bengaluru, Karnataka - 560096",309830924500,JTMPC8708S,23-07-1980
Lata Bajaj,lata.bajaj13@hotmail.com,7700261669,"Plot No. 114, 3th Floor, Block E, Circular Road, Kolkata, West Bengal - 700055",264600155166,APFPB8986K,30-06-1980
Kabir Ansari,kabirans546@hotmail.com,6650765673,"Villa 189, 2th Floor, D Wing, Station Road, Thiruvananthapuram, Kerala - 695023",652241491090,UKGPA9040B,30-01-1984
Shruti Trivedi,shrutitri216@hotmail.com,7508370065,"House No. 108, 15th Floor, Block F, Main Road, Kochi, Kerala - 682028",992063807696,TPEPT9006I,24-06-1981
Aditi Iyengar,aditiiye354@icloud.com,7916388887,"House No. 245, 7th Floor, Block E, Main Road, Mumbai, Maharashtra - 400041",935486691425,ZKJPI2555V,21-10-1973
Satish Choudhury,satishcho304@icloud.com,9575824083,"Plot No. 262, 12th Floor, C Wing, Main Road, Delhi, Delhi - 110013",566055378291,KSLPC0716E,18-11-2000
Naresh Agarwal,naresh.agarwal48@outlook.com,6578958429,"Plot No. 315, 7th Floor, D Wing, Link Road, Surat, Gujarat - 395003",896191238050,QYVPA3350J,03-12-1974
Yash D'Souza,yashd's814@yahoo.com,7511903593,"Villa 122, 9th Floor, Block E, Circular Road, Jaipur, Rajasthan - 302024",885319355642,TEPPD7823M,07-04-1966
Priya Joshi,priya.joshi35@yahoo.com,8249397684,"Flat 22, 15th Floor, A Wing, Bypass Road, Kochi, Kerala - 682017",232296989314,KMWPJ6252Q,19-07-1975
Harsh Nair,harshnai409@hotmail.com,7019384404,"Plot No. 46, 6th Floor, B Wing, Circular Road, Jaipur, Rajasthan - 302029",862885253021,NPGPN8047N,15-08-2000
Ramesh Gomes,ramesh.gomes84@yahoo.com,7844039010,"Plot No. 315, 1th Floor, B Wing, Link Road, Coimbatore, Tamil Nadu - 641041",759061887223,UULPG3033N,08-02-2003
Neha Reddy,nehared201@hotmail.com,6268118249,"House No. 282, 12th Floor, Block F, Main Road, Coimbatore, Tamil Nadu - 641047",455744456935,RHLPR4103F,15-02-1999
Preeti Khan,preetikha972@icloud.com,9113014444,"Plot No. 479, 9th Floor, Block F, Bypass Road, Bengaluru, Karnataka - 560007",263766144890,MKSPK3793A,31-08-1965
Amit Grover,amitgro161@outlook.com,6699439185,"Villa 388, 8th Floor, C Wing, Park Street, Lucknow, Uttar Pradesh - 226018",958621875406,YKPPG0224K,30-12-1990
Ayaans Deshmukh,ayaans.deshmukh64@gmail.com,8976180155,"House No. 151, 15th Floor, A Wing, Link Road, Bengaluru, Karnataka - 560027",515033777474,ZNPPD3896X,06-11-1961
Vihaan Kumar,vihaankum132@hotmail.com,7177122804,"Plot No. 432, 15th Floor, A Wing, Bypass Road, Ahmedabad, Gujarat - 380009",807299895534,KPLPK6834Q,24-02-1976
Aryan Kulkarni,aryankul713@yahoo.com,8333362489,"Flat 11, 14th Floor, A Wing, MG Road, Pune, Maharashtra - 411051",587614733220,VMXPK3399L,20-04-1980
Riya Nair,riyanai911@outlook.com,8501453073,"House No. 69, 14th Floor, Block E, MG Road, Pune, Maharashtra - 411002",277376555044,XZMPN2203M,16-01-1990
Ramesh Thakur,ramesh.thakur45@yahoo.com,7999120280,"House No. 89, 11th Floor, D Wing, Park Street, Chennai, Tamil Nadu - 600019",211662892793,WBRPT1555B,07-01-2002
Meena Nair,meenanai795@gmail.com,8001769209,"Flat 238, 3th Floor, D Wing, MG Road, Patna, Bihar - 800026",285259463089,NJNPN9624G,11-11-1984
Ishaan Pandey,ishaan.pandey34@icloud.com,8549595289,"Villa 372, 8th Floor, B Wing, Link Road, Mysuru, Karnataka - 570003",540287957363,ZUOPP5995H,27-12-1971
Anjali Yash,anjaliyas493@icloud.com,9613617369,"Plot No. 29, 11th Floor, B Wing, Circular Road, Kanpur, Uttar Pradesh - 208011",887429129304,GCCPY3012Y,12-06-1966
Harsh Sen,harsh.sen6@gmail.com,7566418742,"Flat 195, 5th Floor, Block F, MG Road, Patna, Bihar - 800009",885806984349,LTPPS9582V,30-07-1981
Ayaans Mukherjee,ayaansmuk194@outlook.com,7772080794,"Plot No. 190, 4th Floor, Block E, Station Road, Thiruvananthapuram, Kerala - 695013",266612816413,FWAPM9635R,05-12-2000
Ayaans Singh,ayaans.singh19@icloud.com,9039989890,"Flat 174, 3th Floor, C Wing, Ring Road, Kolkata, West Bengal - 700043",619229153461,TCTPS8787K,16-11-1971
Rekha Shah,rekha.shah43@hotmail.com,9100270314,"House No. 177, 13th Floor, Block F, Station Road, Ahmedabad, Gujarat - 380048",211090053709,QVMPS1729F,10-03-1979
Pranav Iyer,pranaviye642@yahoo.com,8612207073,"Flat 245, 6th Floor, Block F, Ring Road, Nagpur, Maharashtra - 440032",828379675663,WOMPI3733Z,02-01-1990
Sneha Deshmukh,sneha.deshmukh19@outlook.com,8991085688,"Flat 169, 14th Floor, C Wing, Circular Road, Lucknow, Uttar Pradesh - 226030",551359207667,TQWPD8996Q,31-12-1982
Pranav Gaekwad,pranavgae906@outlook.com,9234496227,"Villa 440, 2th Floor, Block E, Ring Road, Thiruvananthapuram, Kerala - 695031",257081091343,ZJEPG9664G,13-06-1968
Ayaans Pillai,ayaans.pillai65@icloud.com,6642000909,"Villa 408, 10th Floor, D Wing, Link Road, Thiruvananthapuram, Kerala - 695029",299578101035,HBIPP8476S,17-09-2004
Om Malik,ommal975@hotmail.com,9990974223,"House No. 292, 2th Floor, B Wing, Main Road, Kolkata, West Bengal - 700010",223929149673,GCBPM6009Z,30-07-1995
Ayaans Joshi,ayaans.joshi47@icloud.com,8869195639,"Villa 175, 2th Floor, D Wing, MG Road, Coimbatore, Tamil Nadu - 641041",686912906582,RFDPJ1359D,27-09-1995
Krishna Shah,krishnasha601@gmail.com,8829298478,"Flat 54, 7th Floor, Block E, Main Road, Coimbatore, Tamil Nadu - 641022",536159072667,CNEPS5626N,20-12-1991
Suresh Gomes,sureshgom477@hotmail.com,8802824021,"House No. 98, 12th Floor, D Wing, MG Road, Pune, Maharashtra - 411006",466919157265,FVUPG1365V,11-05-1974
Pooja Mehta,poojameh309@outlook.com,8006586158,"Plot No. 287, 14th Floor, Block F, Station Road, Delhi, Delhi - 110030",691882436758,BBMPM6227P,14-09-1967
Ayaans Nair,ayaansnai149@hotmail.com,7210569017,"Plot No. 190, 5th Floor, C Wing, Station Road, Bengaluru, Karnataka - 560052",325173841750,VFZPN2783V,15-04-1969
Shaurya Roy,shauryaroy249@yahoo.com,7922090324,"Flat 232, 3th Floor, Block F, Station Road, Pune, Maharashtra - 411048",418785427020,SJKPR5746G,18-11-1961
Shruti Yash,shruti.yash31@yahoo.com,6778527532,"Flat 423, 4th Floor, C Wing, Station Road, Pune, Maharashtra - 411026",471339745021,JLHPY1159P,02-09-1986
Ramesh Khan,rameshkha912@hotmail.com,7913261455,"House No. 161, 5th Floor, A Wing, Main Road, Pune, Maharashtra - 411039",651291958709,KFNPK3627I,13-11-1975
Pranav Das,pranavdas320@icloud.com,7502998355,"Villa 467, 13th Floor, C Wing, Ring Road, Chandigarh, Chandigarh - 160017",852868384324,PZUPD6114H,15-08-1983
Sanjay Fernandes,sanjayfer480@gmail.com,9444687174,"Plot No. 439, 6th Floor, B Wing, MG Road, Patna, Bihar - 800001",917965321709,DDPPF7864T,21-05-1995
Aditi Yadav,aditiyad634@icloud.com,7147585704,"House No. 203, 5th Floor, Block F, Main Road, Mumbai, Maharashtra - 400074",890258552516,DESPY5401O,21-02-1993
Gaurav Sheikh,gauravshe675@yahoo.com,7702410528,"Villa 370, 4th Floor, B Wing, MG Road, Hyderabad, Telangana - 500047",237417271477,RATPS6020C,14-12-1991
Krishna Agarwal,krishna.agarwal24@icloud.com,8793200242,"House No. 472, 7th Floor, B Wing, Link Road, Kanpur, Uttar Pradesh - 208021",818476069371,WXVPA2183K,28-03-1978
Vijay Chatterjee,vijay.chatterjee15@yahoo.com,6638151804,"Villa 111, 8th Floor, D Wing, MG Road, Bhubaneswar, Odisha - 751030",470021005809,TQXPC2626N,10-02-1988
Kavita Khan,kavitakha248@icloud.com,6388536717,"House No. 424, 5th Floor, D Wing, Main Road, Lucknow, Uttar Pradesh - 226011",552141804718,RHAPK3101C,11-01-1975
Preeti Trivedi,preetitri776@outlook.com,6985670621,"Plot No. 201, 14th Floor, Block F, Park Street, Kolkata, West Bengal - 700065",997618574386,NELPT0284Y,18-12-1988
Aadhya Gomes,aadhya.gomes83@gmail.com,6243831141,"Plot No. 239, 9th Floor, B Wing, Park Street, Mumbai, Maharashtra - 400006",399765304827,WECPG5503S,18-11-1998
Naresh Thakur,naresh.thakur4@gmail.com,6874064922,"House No. 404, 6th Floor, Block F, Circular Road, Pune, Maharashtra - 411029",820229494513,UCTPT8948Y,25-09-1987
Suresh Malhotra,suresh.malhotra90@gmail.com,9302156013,"Plot No. 456, 14th Floor, Block F, Ring Road, Bhubaneswar, Odisha - 751019",859845762105,FANPM8106S,12-10-1997
Krishna Shah,krishnasha889@yahoo.com,7571102347,"Plot No. 241, 12th Floor, B Wing, MG Road, Jaipur, Rajasthan - 302004",438813937299,RDRPS7632E,24-01-1969
Kabir D'Souza,kabird's978@outlook.com,6930694827,"Flat 131, 14th Floor, Block E, Park Street, Mysuru, Karnataka - 570022",834627714254,YMVPD3307E,14-04-2002
Amit Singh,amitsin543@icloud.com,9146956142,"Villa 331, 12th Floor, Block F, MG Road, Lucknow, Uttar Pradesh - 226026",733920330098,TZYPS8939M,07-03-1970
Aditya Gaekwad,aditya.gaekwad40@outlook.com,6184629820,"Villa 65, 3th Floor, Block F, Ring Road, Bengaluru, Karnataka - 560007",316488789833,UPHPG2025G,01-10-1989
Vikram Kapoor,vikram.kapoor54@outlook.com,7786560741,"Flat 324, 2th Floor, B Wing, Park Street, Kanpur, Uttar Pradesh - 208018",898419855389,HZDPK7500X,21-12-1989
Geeta Malhotra,geeta.malhotra11@outlook.com,6939434938,"House No. 385, 5th Floor, C Wing, Main Road, Chandigarh, Chandigarh - 160022",359367535946,JKPPM5262Z,12-10-1970
Om Mehta,ommeh785@hotmail.com,6204155830,"Flat 357, 13th Floor, D Wing, Park Street, Bengaluru, Karnataka - 560086",831212833109,BUMPM9295D,01-08-1972
Anjali Grover,anjali.grover84@icloud.com,6890009132,"Flat 411, 2th Floor, B Wing, MG Road, Kolkata, West Bengal - 700049",672700318513,FLVPG0530H,19-02-1983
Anita Choudhury,anita.choudhury66@outlook.com,7436041103,"Flat 288, 7th Floor, A Wing, MG Road, Jaipur, Rajasthan - 302017",651266497844,VHPPC6109Y,09-05-1973
Gaurav Agarwal,gaurav.agarwal73@outlook.com,9914881341,"Flat 314, 14th Floor, B Wing, Station Road, Kolkata, West Bengal - 700125",468471671100,OTRPA5192Y,20-04-1969
Ashok Kumar,ashokkum694@icloud.com,7717693431,"House No. 116, 1th Floor, B Wing, Circular Road, Chandigarh, Chandigarh - 160040",460248696635,PGYPK4623F,02-10-1967
Sunita D'Souza,sunitad's889@gmail.com,8332840939,"House No. 187, 14th Floor, A Wing, Main Road, Delhi, Delhi - 110019",536564181623,ATFPD7078U,26-10-1994
Ashok Malik,ashokmal896@gmail.com,7924299906,"Villa 251, 8th Floor, B Wing, Link Road, Coimbatore, Tamil Nadu - 641047",525112683317,ZWJPM3017C,03-04-1966
Advait Hegde,advaitheg859@hotmail.com,8809974164,"Villa 117, 1th Floor, C Wing, Circular Road, Patna, Bihar - 800006",519426021812,SSLPH7858T,03-07-1960
Diya Grover,diya.grover10@hotmail.com,9395623812,"Villa 278, 5th Floor, A Wing, Station Road, Chandigarh, Chandigarh - 160060",888972748561,HMMPG2628O,03-01-1977
Shruti Banerjee,shruti.banerjee70@hotmail.com,7112178590,"Villa 340, 1th Floor, B Wing, Circular Road, Bengaluru, Karnataka - 560018",524840599147,ASYPB2650M,30-10-1984
Vijay Iyengar,vijay.iyengar26@hotmail.com,7578261832,"Flat 39, 2th Floor, Block F, Bypass Road, Bhubaneswar, Odisha - 751010",869890949516,QXBPI4050W,22-01-1975
Kiara Gaekwad,kiaragae647@hotmail.com,7453004703,"Plot No. 355, 15th Floor, A Wing, Bypass Road, Bengaluru, Karnataka - 560092",644335842467,XBZPG8450I,26-03-1981
Mahesh Shah,maheshsha773@yahoo.com,9981104748,"Flat 262, 15th Floor, B Wing, Park Street, Surat, Gujarat - 395004",870178813543,ECRPS1264D,23-02-1991
Advait Deshmukh,advaitdes518@hotmail.com,9691201358,"House No. 74, 15th Floor, Block E, Link Road, Coimbatore, Tamil Nadu - 641019",896195254587,EQDPD3622O,13-01-1998
Preeti Sheikh,preeti.sheikh22@hotmail.com,8413317946,"House No. 351, 7th Floor, Block F, Main Road, Mysuru, Karnataka - 570008",890507314412,AJOPS4639K,22-03-1976
Sneha Rao,sneha.rao81@hotmail.com,9038080736,"Flat 487, 15th Floor, B Wing, Main Road, Surat, Gujarat - 395002",474497501482,YCXPR8809O,21-02-1963
Arjun Chatterjee,arjuncha354@outlook.com,8001226330,"Flat 309, 13th Floor, Block F, Link Road, Mumbai, Maharashtra - 400097",292882005508,LMTPC1875Y,28-10-1983
Deepak Patel,deepak.patel54@gmail.com,6682808162,"House No. 369, 1th Floor, A Wing, Link Road, Bengaluru, Karnataka - 560061",913462538443,NNKPP2041A,03-11-1975
Anita D'Souza,anitad's353@gmail.com,9950087233,"Plot No. 54, 8th Floor, Block E, MG Road, Bhubaneswar, Odisha - 751029",343122288198,EYMPD4258E,10-07-1998
Ayaans Chatterjee,ayaanscha501@yahoo.com,9156510018,"House No. 161, 7th Floor, D Wing, Link Road, Mumbai, Maharashtra - 400099",352409383527,KMCPC7139O,05-11-1993
Mahesh Iyer,maheshiye556@gmail.com,6256248781,"House No. 183, 13th Floor, D Wing, Link Road, Patna, Bihar - 800020",763700825123,RZCPI9626X,10-03-1978
Vikram Shetty,vikramshe793@icloud.com,9773362342,"Villa 218, 12th Floor, A Wing, Bypass Road, Kolkata, West Bengal - 700039",675325573824,AOSPS3652Y,12-06-2005
Naresh Gomes,naresh.gomes90@outlook.com,8920633706,"Flat 141, 3th Floor, Block E, Circular Road, Jaipur, Rajasthan - 302008",779873216282,GAZPG8803L,18-01-1993
Rekha Joshi,rekha.joshi34@yahoo.com,7646660458,"Plot No. 127, 13th Floor, B Wing, Park Street, Patna, Bihar - 800009",557884715415,TPAPJ5413J,15-06-1991
Vikram Gupta,vikram.gupta39@outlook.com,8665726256,"Plot No. 276, 6th Floor, Block E, Bypass Road, Chennai, Tamil Nadu - 600102",456081085788,BAJPG5988S,13-11-1977
Riya Joshi,riyajos504@gmail.com,9443290765,"Plot No. 450, 12th Floor, C Wing, Ring Road, Thiruvananthapuram, Kerala - 695009",949854850678,ZCIPJ4649J,27-07-1991
Ayaans Trivedi,ayaans.trivedi71@outlook.com,9153433667,"House No. 283, 12th Floor, Block F, Station Road, Bengaluru, Karnataka - 560086",279108482417,SJMPT5225M,22-08-1995
Diya Kapoor,diya.kapoor47@yahoo.com,8305132708,"Plot No. 347, 11th Floor, C Wing, Bypass Road, Chandigarh, Chandigarh - 160028",822308861589,FKBPK7133G,19-06-1990
Preeti Das,preetidas965@outlook.com,9593149170,"Plot No. 332, 8th Floor, Block F, Park Street, Jaipur, Rajasthan - 302031",293602420119,OVBPD2562G,17-01-1994
Aditi Gupta,aditi.gupta53@yahoo.com,9057470767,"Flat 21, 1th Floor, Block F, Circular Road, Pune, Maharashtra - 411016",311277613867,ESHPG8358N,22-09-1990
Gaurav Gomes,gauravgom908@yahoo.com,8505635306,"Villa 114, 9th Floor, C Wing, Station Road, Jaipur, Rajasthan - 302034",307342946411,PDHPG9386G,03-01-1965
Naresh Grover,naresh.grover47@icloud.com,7812281618,"House No. 400, 3th Floor, Block E, Park Street, Chennai, Tamil Nadu - 600055",394600785181,KWOPG7504C,22-09-1969
Vihaan Das,vihaan.das1@hotmail.com,7692239668,"House No. 298, 4th Floor, D Wing, Main Road, Chandigarh, Chandigarh - 160059",378680888823,TBXPD0522H,29-11-2005
Kiara Banerjee,kiaraban753@outlook.com,7747626618,"Flat 383, 11th Floor, D Wing, MG Road, Ahmedabad, Gujarat - 380047",937116174135,WUEPB7008Y,04-09-2002
Harish Sharma,harishsha389@gmail.com,6628347548,"House No. 313, 2th Floor, C Wing, Bypass Road, Mumbai, Maharashtra - 400001",926088601607,EFGPS8970R,28-04-1990
Aryan Yadav,aryan.yadav6@icloud.com,6490018710,"House No. 325, 7th Floor, Block F, Ring Road, Patna, Bihar - 800004",818182831031,SGTPY8103K,08-04-2003
Aditi Pillai,aditipil164@outlook.com,9073301928,"House No. 315, 2th Floor, B Wing, Station Road, Chandigarh, Chandigarh - 160057",231630984086,GBXPP9364V,12-04-1988
Dev Shetty,dev.shetty76@yahoo.com,9885861893,"House No. 300, 4th Floor, A Wing, Link Road, Bengaluru, Karnataka - 560073",830359940123,NDZPS6603H,25-05-1982
Rekha Grover,rekhagro887@outlook.com,6565312341,"Villa 174, 14th Floor, Block F, MG Road, Surat, Gujarat - 395008",344169930771,FGFPG1275U,07-06-1963
Pranav Chatterjee,pranavcha611@yahoo.com,7277015590,"Plot No. 103, 13th Floor, D Wing, Bypass Road, Pune, Maharashtra - 411044",330816772080,TMIPC9271M,04-09-2001
Ayaans Thakur,ayaans.thakur78@hotmail.com,9095393492,"Villa 242, 10th Floor, C Wing, Bypass Road, Coimbatore, Tamil Nadu - 641001",933167198846,NDHPT3926E,08-12-1970
Satish Shah,satishsha977@icloud.com,7649254525,"Flat 196, 2th Floor, D Wing, Bypass Road, Mysuru, Karnataka - 570009",587239517451,ZRIPS8132X,31-10-1998
Preeti Khanna,preeti.khanna26@yahoo.com,9837892654,"House No. 252, 13th Floor, Block E, Ring Road, Patna, Bihar - 800012",332031331033,OHXPK3619C,18-06-1979
Aditi Grover,aditi.grover30@gmail.com,9339883255,"Flat 283, 13th Floor, Block F, Circular Road, Pune, Maharashtra - 411007",487763825307,YOVPG6013F,18-04-1997
Ashok Chatterjee,ashok.chatterjee30@gmail.com,9046793236,"Plot No. 484, 4th Floor, D Wing, Station Road, Chandigarh, Chandigarh - 160018",251513490728,FLKPC1469B,29-06-1996
Aadhya Choudhury,aadhyacho297@icloud.com,6331725339,"Flat 289, 15th Floor, A Wing, Link Road, Chandigarh, Chandigarh - 160057",433348460060,GAZPC0863Q,04-06-1997
Pooja Ansari,poojaans692@yahoo.com,7428981856,"Flat 445, 11th Floor, Block E, Park Street, Pune, Maharashtra - 411039",620692565291,SGAPA5675D,28-02-1983
Suman Patel,suman.patel98@hotmail.com,8422097688,"Flat 300, 12th Floor, A Wing, Main Road, Delhi, Delhi - 110066",517180351645,IMKPP3399C,13-08-1995
Ananya Mehta,ananya.mehta60@yahoo.com,7511735377,"Flat 95, 5th Floor, Block E, Link Road, Chandigarh, Chandigarh - 160062",285554595041,RCBPM7543R,08-10-2001
Vihaan Ansari,vihaan.ansari65@yahoo.com,7198009373,"Flat 123, 4th Floor, Block E, Main Road, Kochi, Kerala - 682041",913279033225,VGUPA0491B,11-12-1961
Ashok Malik,ashok.malik15@outlook.com,7086064277,"Plot No. 251, 3th Floor, A Wing, Park Street, Mysuru, Karnataka - 570012",327022957286,KKTPM0276Z,07-08-2000
Ishaan Chawla,ishaan.chawla84@hotmail.com,8891728645,"Flat 146, 11th Floor, B Wing, Station Road, Kolkata, West Bengal - 700021",532829117107,GBYPC5554D,27-01-1982
Aanya Gaekwad,aanyagae921@hotmail.com,7139742458,"House No. 66, 14th Floor, D Wing, MG Road, Thiruvananthapuram, Kerala - 695044",934332722203,TBVPG8767F,10-05-1989
Kriti Grover,kritigro699@gmail.com,7280351458,"Plot No. 235, 14th Floor, C Wing, Ring Road, Lucknow, Uttar Pradesh - 226005",609616862775,UNJPG3468E,04-10-1962
Asha Chawla,ashacha189@gmail.com,7468456860,"Plot No. 70, 8th Floor, C Wing, Bypass Road, Mumbai, Maharashtra - 400098",333708804045,BMVPC7363F,16-06-1987
Rudra Sharma,rudra.sharma27@hotmail.com,8820165762,"Villa 384, 8th Floor, D Wing, Main Road, Kochi, Kerala - 682021",334164271657,CTGPS2844G,03-01-1972
Rekha Gomes,rekha.gomes47@icloud.com,6748276810,"House No. 458, 15th Floor, A Wing, Link Road, Nagpur, Maharashtra - 440019",450789565185,CNMPG3425K,23-03-1983
Om Ansari,om.ansari87@outlook.com,8287301468,"House No. 145, 11th Floor, Block F, Main Road, Chennai, Tamil Nadu - 600018",409317388022,EZPPA8692E,26-05-1974
Vikram Arora,vikram.arora5@gmail.com,6265421467,"Villa 336, 5th Floor, D Wing, Link Road, Kanpur, Uttar Pradesh - 208004",739384264008,QYPPA9174F,24-04-1960
Ramesh Sen,rameshsen484@yahoo.com,7803106213,"Villa 201, 3th Floor, B Wing, MG Road, Pune, Maharashtra - 411037",834701363527,VPZPS6426I,19-10-1977
Sai Khanna,saikha330@yahoo.com,8335736105,"Plot No. 492, 12th Floor, C Wing, MG Road, Mumbai, Maharashtra - 400069",884435108683,VRLPK8512U,28-12-1961
Kavita Bose,kavitabos191@outlook.com,7886609562,"House No. 336, 5th Floor, Block F, Circular Road, Kolkata, West Bengal - 700146",866372438058,BUGPB7665U,06-06-1962
Suresh Fernandes,suresh.fernandes30@outlook.com,7483037125,"Plot No. 431, 12th Floor, C Wing, Main Road, Thiruvananthapuram, Kerala - 695019",337420282810,QVRPF4383F,18-03-1968
Om Iyengar,om.iyengar11@yahoo.com,6752789628,"Villa 259, 11th Floor, A Wing, Circular Road, Thiruvananthapuram, Kerala - 695019",885942172608,FDGPI5912S,23-07-1974
Vikram Pillai,vikrampil976@icloud.com,9695617182,"Villa 108, 9th Floor, Block E, Link Road, Coimbatore, Tamil Nadu - 641011",997413973177,AMOPP5614S,08-04-1963
Kriti Grover,kritigro658@outlook.com,7112944354,"Villa 82, 12th Floor, A Wing, Ring Road, Mumbai, Maharashtra - 400008",688190960760,XJUPG5650D,19-09-1994
Neha Khan,neha.khan95@outlook.com,6968470814,"House No. 342, 4th Floor, D Wing, Main Road, Kolkata, West Bengal - 700010",726353256589,SGZPK1730S,10-05-1960
Reyansh Thakur,reyanshtha329@outlook.com,6036915542,"House No. 223, 8th Floor, D Wing, Station Road, Kanpur, Uttar Pradesh - 208002",718193310434,OIMPT5913C,01-07-1997
Om Fernandes,omfer973@icloud.com,6498092489,"Plot No. 182, 8th Floor, C Wing, Park Street, Kochi, Kerala - 682022",938802544408,NTTPF1977W,05-05-1991
Gaurav Arora,gauravaro872@hotmail.com,8204909095,"Plot No. 129, 5th Floor, A Wing, Circular Road, Bhubaneswar, Odisha - 751010",855519717182,HXDPA3007R,07-03-1971
Gaurav Bajaj,gauravbaj555@icloud.com,6226854027,"House No. 446, 5th Floor, Block E, MG Road, Chandigarh, Chandigarh - 160025",462181989240,UPPPB8653R,07-01-1995
Priya Hegde,priyaheg647@icloud.com,8967160890,"Plot No. 243, 14th Floor, B Wing, Park Street, Lucknow, Uttar Pradesh - 226026",421315509023,YAOPH5049D,08-01-1997
Shruti Iyengar,shrutiiye357@gmail.com,8336598964,"House No. 396, 14th Floor, C Wing, MG Road, Hyderabad, Telangana - 500021",379363547040,QBNPI3928F,02-09-1981
Ashok Patel,ashokpat890@outlook.com,7129994450,"Plot No. 339, 14th Floor, Block E, MG Road, Chandigarh, Chandigarh - 160052",496591761214,GBAPP2830M,10-09-1994
Satish Hegde,satish.hegde89@yahoo.com,7775843088,"Flat 141, 15th Floor, A Wing, Main Road, Chennai, Tamil Nadu - 600070",899879045464,GPXPH3816P,26-05-1985
Dinesh Malhotra,dineshmal608@hotmail.com,8146124465,"Villa 281, 3th Floor, A Wing, Bypass Road, Kochi, Kerala - 682001",335264259154,GGSPM7480R,03-11-2004
Asha Sharma,asha.sharma89@gmail.com,8345179296,"Villa 368, 3th Floor, Block E, Station Road, Thiruvananthapuram, Kerala - 695032",643766277286,JXAPS9322H,03-09-1987
Aryan Shetty,aryan.shetty65@gmail.com,7411883245,"Villa 173, 7th Floor, B Wing, Park Street, Mysuru, Karnataka - 570021",288764749465,TZLPS9300N,20-03-1990
Asha Pillai,asha.pillai28@icloud.com,8492336550,"Plot No. 128, 5th Floor, A Wing, Main Road, Kochi, Kerala - 682008",216725073931,WQZPP3651X,12-11-1990
Meena Iyengar,meenaiye611@gmail.com,6336922494,"Villa 188, 13th Floor, A Wing, Station Road, Jaipur, Rajasthan - 302010",705354525536,FXWPI2809G,30-09-2000
Gaurav Joshi,gauravjos977@gmail.com,9254290743,"House No. 408, 7th Floor, C Wing, Bypass Road, Hyderabad, Telangana - 500095",431939920150,UWIPJ1215A,18-06-1996
Vijay Banerjee,vijay.banerjee96@icloud.com,8951294226,"Flat 297, 14th Floor, Block E, Bypass Road, Kanpur, Uttar Pradesh - 208025",464059282655,XBVPB9348Q,18-12-1972
Suresh Pillai,suresh.pillai65@outlook.com,9272974401,"Villa 33, 1th Floor, D Wing, MG Road, Chennai, Tamil Nadu - 600018",855898840694,EXFPP1813I,22-09-1965
Vihaan Das,vihaan.das77@hotmail.com,7362452761,"Plot No. 441, 1th Floor, Block F, Ring Road, Mumbai, Maharashtra - 400051",480088399344,WPXPD2999E,17-10-1977
Rohan Agarwal,rohan.agarwal43@yahoo.com,9103225648,"Plot No. 111, 8th Floor, A Wing, Bypass Road, Coimbatore, Tamil Nadu - 641026",606129451055,DOXPA7575E,27-07-1991
Ishaan Choudhury,ishaan.choudhury56@outlook.com,7228107336,"House No. 97, 10th Floor, A Wing, Link Road, Chandigarh, Chandigarh - 160029",424627181100,ZUPPC1791O,23-02-1962
Suresh Kapoor,sureshkap827@hotmail.com,6288977797,"Plot No. 396, 1th Floor, Block F, Circular Road, Lucknow, Uttar Pradesh - 226016",875395274503,MGWPK5324G,13-06-1983
Karan Deshmukh,karan.deshmukh15@gmail.com,9039548324,"House No. 415, 7th Floor, D Wing, MG Road, Bhubaneswar, Odisha - 751005",411272939414,MYEPD7602R,15-01-1960
Tanvi Shah,tanvi.shah96@gmail.com,6778170314,"Flat 219, 9th Floor, D Wing, Ring Road, Kolkata, West Bengal - 700020",871325629289,ZEHPS7106A,30-08-1979
Shruti Malik,shruti.malik21@outlook.com,6732099807,"Plot No. 383, 11th Floor, D Wing, Bypass Road, Nagpur, Maharashtra - 440017",261240568760,TIPPM4230M,29-03-1991
Sneha Grover,snehagro324@icloud.com,6979525521,"House No. 382, 15th Floor, D Wing, Circular Road, Ahmedabad, Gujarat - 380055",325900710972,QICPG7362Q,17-10-1964
Dev Mehta,dev.mehta88@yahoo.com,6460757196,"Flat 229, 15th Floor, D Wing, Ring Road, Thiruvananthapuram, Kerala - 695027",243913246765,QCZPM7994Q,07-06-1988
Pooja Bose,pooja.bose81@outlook.com,8314112478,"Plot No. 296, 6th Floor, Block E, Bypass Road, Thiruvananthapuram, Kerala - 695029",923781141115,DQIPB0635Y,14-11-1962
Naresh Chavan,nareshcha850@icloud.com,9895355570,"House No. 101, 10th Floor, B Wing, MG Road, Surat, Gujarat - 395010",567607836829,ZJAPC3683J,22-05-1996
Krishna Hegde,krishna.hegde18@hotmail.com,6209671452,"House No. 342, 7th Floor, A Wing, Park Street, Jaipur, Rajasthan - 302015",312363483452,PBXPH6243V,18-01-1982
Anita Bajaj,anita.bajaj45@yahoo.com,7965146213,"Villa 419, 3th Floor, A Wing, Bypass Road, Patna, Bihar - 800008",785563903348,ENIPB5240Z,18-04-1962
Dev Chavan,devcha601@yahoo.com,8270795152,"House No. 323, 13th Floor, B Wing, MG Road, Jaipur, Rajasthan - 302004",973584677576,BZYPC1886V,29-02-2004
Dhruv Grover,dhruvgro439@gmail.com,6589350939,"Flat 469, 13th Floor, C Wing, Ring Road, Jaipur, Rajasthan - 302007",966845427722,CIIPG4387J,21-01-2004
Dev Arora,devaro499@yahoo.com,8712993289,"Flat 160, 10th Floor, C Wing, Link Road, Bhubaneswar, Odisha - 751019",447196041768,XJDPA5170A,16-09-1961
Kavita Kapoor,kavitakap811@yahoo.com,8508441016,"House No. 413, 14th Floor, B Wing, Station Road, Chandigarh, Chandigarh - 160027",865487864658,CUYPK5966R,29-07-1985
Kiara Deshmukh,kiara.deshmukh3@outlook.com,8470759835,"Plot No. 239, 9th Floor, Block E, MG Road, Mysuru, Karnataka - 570027",862595821430,QXNPD6934C,26-08-2003
Riya Yash,riyayas574@icloud.com,7519862786,"Plot No. 458, 14th Floor, Block E, Station Road, Chennai, Tamil Nadu - 600024",674573744275,CGDPY0101B,18-04-1961
Ramesh Pillai,ramesh.pillai54@yahoo.com,6356777113,"House No. 467, 1th Floor, C Wing, Link Road, Hyderabad, Telangana - 500085",903966332662,ALEPP5622X,31-08-1995
Aditya Joshi,adityajos979@icloud.com,7806159168,"Flat 352, 15th Floor, B Wing, Circular Road, Kanpur, Uttar Pradesh - 208014",702940628982,YIYPJ0425W,04-08-1969
Aditi Malik,aditimal518@yahoo.com,9535374952,"Plot No. 221, 1th Floor, Block E, Park Street, Kolkata, West Bengal - 700048",907117633661,RVUPM1515S,06-06-1986
Suresh Iyengar,sureshiye191@yahoo.com,8530019836,"Villa 418, 1th Floor, A Wing, Circular Road, Coimbatore, Tamil Nadu - 641029",655160911794,TXGPI8232W,17-08-2000
Saanvi Bose,saanvibos462@outlook.com,6758470197,"Flat 48, 1th Floor, Block E, MG Road, Kochi, Kerala - 682036",243370619787,FRWPB2174P,01-03-2003
Priya Thakur,priya.thakur29@hotmail.com,6796167667,"Villa 55, 13th Floor, Block E, Ring Road, Bengaluru, Karnataka - 560046",382017883758,PKJPT5961V,16-04-1964
Kiara Reddy,kiarared351@outlook.com,9488518851,"House No. 216, 15th Floor, B Wing, Station Road, Coimbatore, Tamil Nadu - 641025",579693117735,KLZPR6369G,03-01-1983
Suresh Thakur,suresh.thakur74@outlook.com,7367026137,"Flat 448, 4th Floor, C Wing, Link Road, Lucknow, Uttar Pradesh - 226003",531907297010,HYVPT3894R,11-01-1962
Priya Chavan,priya.chavan26@hotmail.com,6196226081,"Plot No. 56, 9th Floor, D Wing, Ring Road, Bhubaneswar, Odisha - 751011",867495134985,ZTRPC2732G,04-02-2001
Rekha Hegde,rekha.hegde87@icloud.com,9886219461,"Villa 372, 13th Floor, C Wing, MG Road, Nagpur, Maharashtra - 440002",457269677456,KVQPH9960H,08-06-1978
Yash Shetty,yashshe664@yahoo.com,8233699717,"Flat 456, 4th Floor, B Wing, Circular Road, Ahmedabad, Gujarat - 380024",917726691646,FFBPS5615T,13-01-2005
Diya Khanna,diya.khanna29@hotmail.com,6393110264,"Villa 309, 11th Floor, C Wing, Link Road, Coimbatore, Tamil Nadu - 641007",722299118400,ZELPK2074G,16-08-1985
Lata Chatterjee,latacha616@hotmail.com,7563799738,"Plot No. 87, 9th Floor, C Wing, MG Road, Thiruvananthapuram, Kerala - 695002",856865189024,OFHPC2388O,29-02-2000
Meena Sheikh,meena.sheikh30@icloud.com,9821325517,"Flat 186, 10th Floor, Block F, Main Road, Mumbai, Maharashtra - 400073",364937808507,TBZPS0894X,07-03-1966
Arnav Gaekwad,arnavgae196@icloud.com,7810210251,"House No. 403, 15th Floor, Block F, Main Road, Kochi, Kerala - 682021",991858467842,YPFPG1798E,31-08-1990
Advait Deshmukh,advait.deshmukh43@yahoo.com,8937340133,"Plot No. 332, 7th Floor, C Wing, Main Road, Kolkata, West Bengal - 700119",852053905045,QAJPD7092R,29-11-1978
Kabir Das,kabirdas553@outlook.com,8121286982,"House No. 186, 5th Floor, B Wing, MG Road, Pune, Maharashtra - 411053",231507801561,MXYPD4131V,02-09-1984
Naresh Arora,naresh.arora5@yahoo.com,6427781084,"Plot No. 341, 3th Floor, C Wing, Station Road, Kanpur, Uttar Pradesh - 208018",883108465642,GFJPA5454C,10-05-1967
Rahul Choudhury,rahul.choudhury38@outlook.com,7726183284,"House No. 471, 15th Floor, C Wing, Circular Road, Thiruvananthapuram, Kerala - 695037",301771146726,KXPPC9372W,09-05-1969
Suresh Chawla,sureshcha459@icloud.com,6849364669,"Flat 499, 8th Floor, C Wing, MG Road, Lucknow, Uttar Pradesh - 226002",866223462979,DKDPC4309X,14-09-1966
Dinesh Chawla,dineshcha742@icloud.com,6093916178,"Flat 214, 12th Floor, C Wing, Circular Road, Kanpur, Uttar Pradesh - 208004",641692381290,IEXPC1408A,14-01-1969
Suman Mukherjee,sumanmuk637@yahoo.com,6281327480,"Flat 146, 14th Floor, D Wing, Main Road, Chandigarh, Chandigarh - 160030",947534357605,IBYPM1503L,05-02-1982
Sneha Bajaj,snehabaj893@yahoo.com,6949563780,"Plot No. 35, 6th Floor, Block F, Bypass Road, Jaipur, Rajasthan - 302019",773179985147,NEDPB2286M,21-07-1990
Reyansh Shetty,reyansh.shetty13@hotmail.com,7063603048,"Flat 71, 4th Floor, D Wing, Station Road, Mysuru, Karnataka - 570003",477579060320,STCPS5215S,11-07-1990
Deepak Trivedi,deepak.trivedi49@gmail.com,7855328228,"Plot No. 364, 11th Floor, A Wing, Park Street, Lucknow, Uttar Pradesh - 226009",383946695084,DRJPT3606Y,24-02-1987
Om Khan,omkha298@yahoo.com,8350834003,"House No. 6, 1th Floor, C Wing, MG Road, Mumbai, Maharashtra - 400070",762589444553,CTBPK5599R,16-05-1967
Naresh Fernandes,nareshfer972@outlook.com,8859007274,"Flat 210, 10th Floor, D Wing, MG Road, Bhubaneswar, Odisha - 751012",611144074052,ELOPF2591X,23-06-1981
Vivaan Yash,vivaanyas857@yahoo.com,8299455827,"House No. 394, 7th Floor, B Wing, Main Road, Surat, Gujarat - 395004",912751999369,LQWPY4163K,06-01-1997
Suresh Ansari,suresh.ansari48@hotmail.com,6901022848,"Flat 472, 8th Floor, C Wing, Main Road, Jaipur, Rajasthan - 302016",976810324717,HKMPA5860Q,05-06-1976
Aryan Mehta,aryan.mehta43@gmail.com,7577347589,"Flat 376, 10th Floor, D Wing, Link Road, Nagpur, Maharashtra - 440026",571833528098,PNSPM1749O,10-10-1960
Rajesh Sen,rajesh.sen23@hotmail.com,7422039210,"Villa 45, 5th Floor, Block E, Station Road, Bengaluru, Karnataka - 560086",376945276309,NLBPS0401C,31-12-1998
Shruti Bose,shrutibos919@hotmail.com,7294140612,"Flat 139, 12th Floor, B Wing, Park Street, Coimbatore, Tamil Nadu - 641041",330389773126,LABPB7540N,28-07-1980
Krishna Iyer,krishna.iyer20@outlook.com,6972631727,"Villa 440, 6th Floor, Block F, Circular Road, Mysuru, Karnataka - 570001",394973863620,FNDPI3867U,02-02-1973
Arnav Patel,arnavpat294@gmail.com,6450374034,"House No. 100, 12th Floor, C Wing, Ring Road, Chandigarh, Chandigarh - 160041",794933316965,AYHPP8205E,27-07-2004
Sai Sharma,saisha654@hotmail.com,9436948825,"Plot No. 62, 14th Floor, Block E, Station Road, Bhubaneswar, Odisha - 751029",306891105930,PQZPS3016F,22-11-2005
Satish Das,satishdas591@outlook.com,7075584859,"Flat 123, 9th Floor, D Wing, MG Road, Chennai, Tamil Nadu - 600056",625158709787,EVEPD3589D,10-12-1985
Advait Kapoor,advait.kapoor21@hotmail.com,6920453157,"House No. 450, 15th Floor, Block E, MG Road, Mumbai, Maharashtra - 400025",246456789754,MJAPK3037W,24-09-1975
Asha Hegde,ashaheg693@hotmail.com,8320689479,"Plot No. 437, 1th Floor, C Wing, Ring Road, Pune, Maharashtra - 411034",937459120210,SDIPH9168Y,05-11-2004
Arnav Malhotra,arnav.malhotra96@hotmail.com,7200844168,"Plot No. 425, 8th Floor, C Wing, Bypass Road, Kanpur, Uttar Pradesh - 208009",872915548728,TFJPM6737L,21-07-1996
Suman Malik,sumanmal379@hotmail.com,6882462165,"Flat 324, 9th Floor, B Wing, Station Road, Chandigarh, Chandigarh - 160019",383272231755,YUWPM1348F,19-06-2004
Anita Agarwal,anitaaga776@hotmail.com,6707096397,"Flat 251, 9th Floor, B Wing, Main Road, Kanpur, Uttar Pradesh - 208009",867134095026,IVCPA8723R,12-03-1994
Meena Arora,meena.arora68@hotmail.com,6642321808,"Flat 206, 7th Floor, Block E, MG Road, Bengaluru, Karnataka - 560083",848603932234,SYOPA2790Q,03-06-1982
Sneha Grover,snehagro640@gmail.com,7986020349,"House No. 127, 12th Floor, Block F, Main Road, Hyderabad, Telangana - 500038",256821102310,ZHVPG8086T,16-01-1966
Rohan Shetty,rohan.shetty37@icloud.com,9402208257,"Flat 25, 11th Floor, B Wing, Bypass Road, Patna, Bihar - 800003",431267536248,VOQPS4856D,12-04-1974
Asha Banerjee,ashaban191@hotmail.com,6663554201,"House No. 280, 10th Floor, Block E, Link Road, Bengaluru, Karnataka - 560061",346119198391,GJFPB3153B,17-07-1998
Saanvi Sharma,saanvi.sharma68@outlook.com,7120148735,"Villa 73, 6th Floor, Block E, Ring Road, Ahmedabad, Gujarat - 380019",601517143562,QFLPS1540R,04-08-1981
Dev Shetty,devshe861@gmail.com,8164987674,"Plot No. 233, 15th Floor, Block F, MG Road, Kanpur, Uttar Pradesh - 208017",825145930918,JVRPS8242C,23-07-1966
Vivaan Gaekwad,vivaan.gaekwad5@yahoo.com,9195633645,"Plot No. 461, 1th Floor, Block E, Link Road, Delhi, Delhi - 110080",631481864516,FLCPG0412E,14-12-2001
Ramesh Mukherjee,ramesh.mukherjee13@outlook.com,7211081119,"Flat 186, 3th Floor, A Wing, MG Road, Mysuru, Karnataka - 570023",291965685468,GJIPM7897D,28-03-1976
Suresh Kulkarni,sureshkul578@yahoo.com,6067885376,"Villa 398, 2th Floor, D Wing, Park Street, Thiruvananthapuram, Kerala - 695013",822076937745,JXEPK0997F,19-11-1979
Kavita Chawla,kavitacha563@icloud.com,9786913408,"Plot No. 50, 1th Floor, Block E, MG Road, Chennai, Tamil Nadu - 600038",411360057883,WZVPC8502O,25-02-1987
Aarav Sheikh,aaravshe112@icloud.com,7047659088,"Plot No. 29, 7th Floor, D Wing, MG Road, Thiruvananthapuram, Kerala - 695012",846782680379,IZDPS7455G,18-04-1978
Sneha Sen,sneha.sen65@icloud.com,7741572812,"Plot No. 236, 9th Floor, D Wing, Park Street, Mysuru, Karnataka - 570014",963294247493,WRRPS2796G,09-01-1966
Aarav Pillai,aaravpil394@yahoo.com,8249559269,"Plot No. 216, 9th Floor, B Wing, Main Road, Ahmedabad, Gujarat - 380027",913116913588,CNNPP5981Q,11-06-1986
Suman Gupta,sumangup148@icloud.com,8540743486,"House No. 317, 7th Floor, B Wing, Park Street, Jaipur, Rajasthan - 302005",362762267991,DUMPG6189R,06-02-1981
Aadhya Joshi,aadhyajos209@gmail.com,7392608622,"Villa 278, 9th Floor, D Wing, MG Road, Kanpur, Uttar Pradesh - 208022",210816360052,YJUPJ9383L,11-04-1964
Aarav Mehta,aaravmeh193@outlook.com,7510132155,"House No. 67, 13th Floor, D Wing, MG Road, Chandigarh, Chandigarh - 160057",907145822337,BGSPM0950W,05-03-1960
Mahesh Nair,maheshnai220@outlook.com,8919859703,"Flat 333, 11th Floor, Block F, Park Street, Jaipur, Rajasthan - 302011",282959460641,SXXPN3375K,30-05-1974
Arjun Sen,arjunsen930@yahoo.com,9136971984,"Flat 109, 5th Floor, A Wing, Main Road, Patna, Bihar - 800011",263368839396,VHYPS0446C,03-04-1993
Sandeep Malhotra,sandeep.malhotra49@yahoo.com,9702538152,"Villa 218, 2th Floor, Block E, Park Street, Thiruvananthapuram, Kerala - 695037",946127505036,BZTPM3612G,16-09-1963
Reyansh Gaekwad,reyansh.gaekwad55@outlook.com,6772121227,"House No. 176, 2th Floor, B Wing, Park Street, Kanpur, Uttar Pradesh - 208009",467390413122,WIMPG1746X,23-06-1998
Ramesh Joshi,rameshjos310@outlook.com,9615462288,"Flat 158, 15th Floor, A Wing, Link Road, Surat, Gujarat - 395012",475657119958,OVSPJ0133U,06-05-1991
Sai Rao,sairao812@hotmail.com,7359135678,"Flat 494, 5th Floor, B Wing, Ring Road, Chandigarh, Chandigarh - 160048",930715742696,TGIPR4536X,10-08-1967
Ananya Das,ananya.das11@yahoo.com,6551634155,"House No. 103, 13th Floor, C Wing, Link Road, Surat, Gujarat - 395002",496428921651,NAKPD0741W,06-06-1992
Aarav Deshmukh,aaravdes635@icloud.com,8287582930,"House No. 393, 11th Floor, A Wing, Ring Road, Ahmedabad, Gujarat - 380045",303142106539,BHTPD1595T,17-05-1996
Kabir Malhotra,kabirmal389@outlook.com,9055893516,"Flat 25, 5th Floor, C Wing, Bypass Road, Jaipur, Rajasthan - 302022",366487343249,FWZPM3889F,25-02-1992
Vihaan Chawla,vihaancha985@gmail.com,9367145789,"House No. 430, 1th Floor, D Wing, Ring Road, Lucknow, Uttar Pradesh - 226008",915041626922,FWKPC5398H,04-11-1965
Yash Sharma,yashsha877@hotmail.com,7120426285,"Villa 163, 7th Floor, Block E, Park Street, Jaipur, Rajasthan - 302016",896251218024,AKUPS1624H,12-04-1973
Preeti Yash,preeti.yash13@icloud.com,7819046602,"Flat 75, 4th Floor, A Wing, Park Street, Kochi, Kerala - 682031",717756570231,MFRPY3298V,18-06-1980
Krishna Bajaj,krishnabaj445@icloud.com,7081197975,"Plot No. 282, 13th Floor, A Wing, Circular Road, Mumbai, Maharashtra - 400063",935882441672,SUQPB1394B,25-12-1989
Vikram Bose,vikrambos229@outlook.com,8236758055,"Plot No. 378, 12th Floor, A Wing, Ring Road, Chennai, Tamil Nadu - 600010",957601108528,CSXPB4659J,02-07-1960
Aryan Yadav,aryanyad962@gmail.com,7709125695,"Plot No. 320, 7th Floor, B Wing, Station Road, Mysuru, Karnataka - 570028",961674148315,OQCPY5260M,06-01-1988
Sneha Malik,sneha.malik5@gmail.com,6794467959,"Plot No. 417, 8th Floor, Block F, Ring Road, Kanpur, Uttar Pradesh - 208003",346902330521,PSYPM5832E,07-01-1961
Preeti Malhotra,preeti.malhotra62@hotmail.com,6257026580,"Plot No. 339, 9th Floor, D Wing, Main Road, Bengaluru, Karnataka - 560059",985398067924,YRDPM9668J,28-09-1973
Aryan Pandey,aryan.pandey73@gmail.com,7563097559,"Flat 202, 13th Floor, B Wing, MG Road, Chandigarh, Chandigarh - 160054",817339119833,FJXPP8236Y,09-07-1978
Arjun Iyengar,arjun.iyengar66@icloud.com,7044083447,"Villa 276, 10th Floor, Block F, Bypass Road, Ahmedabad, Gujarat - 380017",592926713488,DZXPI4844F,15-02-1979
Pooja Grover,pooja.grover22@yahoo.com,9700369042,"Plot No. 20, 6th Floor, D Wing, Link Road, Lucknow, Uttar Pradesh - 226002",716844731468,FYLPG7065N,05-11-1981
Dhruv Verma,dhruvver564@outlook.com,7091479081,"House No. 411, 10th Floor, B Wing, MG Road, Kolkata, West Bengal - 700131",427172442232,VXHPV5927S,09-12-1965
Rajesh Gupta,rajesh.gupta7@outlook.com,6556302385,"House No. 447, 10th Floor, A Wing, Station Road, Pune, Maharashtra - 411038",259678806252,SCQPG7734F,23-08-1972
Kabir Mehta,kabir.mehta62@hotmail.com,7951707677,"Plot No. 256, 8th Floor, A Wing, Park Street, Kolkata, West Bengal - 700147",521563237391,FXMPM6269B,29-04-2003
Diya Roy,diya.roy25@gmail.com,8444445237,"Villa 285, 4th Floor, A Wing, Ring Road, Kanpur, Uttar Pradesh - 208010",325165653444,BSEPR3013F,29-11-2003
Vihaan Fernandes,vihaan.fernandes94@icloud.com,6714244761,"Flat 369, 5th Floor, C Wing, Bypass Road, Jaipur, Rajasthan - 302030",792446026093,AIQPF2133I,25-07-2002
Aarav Gomes,aarav.gomes37@hotmail.com,8918874747,"House No. 223, 12th Floor, D Wing, Station Road, Delhi, Delhi - 110074",529089841571,XQZPG3424C,03-03-1966
Advait Agarwal,advait.agarwal48@icloud.com,9248065667,"Plot No. 351, 1th Floor, Block E, Main Road, Kanpur, Uttar Pradesh - 208018",212660183440,TGFPA5145U,06-08-1962
Pranav Kumar,pranavkum788@outlook.com,7431070141,"Villa 260, 1th Floor, Block F, Ring Road, Mysuru, Karnataka - 570021",481090620327,GBNPK3443N,05-06-1973
Advait Shah,advait.shah95@icloud.com,6129764072,"Plot No. 56, 6th Floor, Block E, Circular Road, Pune, Maharashtra - 411042",531541944688,ZCGPS0100Q,31-01-1980
Kabir D'Souza,kabir.d'souza54@icloud.com,7637036162,"Plot No. 296, 4th Floor, D Wing, Bypass Road, Mysuru, Karnataka - 570008",493998740802,ZWYPD0852L,10-07-1986
Karan Shetty,karan.shetty68@outlook.com,9278027241,"Villa 189, 7th Floor, B Wing, Link Road, Bhubaneswar, Odisha - 751017",767342142677,JWQPS7110K,01-02-2003
Asha Pandey,asha.pandey3@icloud.com,8305581863,"Plot No. 145, 4th Floor, D Wing, Circular Road, Kochi, Kerala - 682009",951075626922,MRJPP2092F,31-12-1967
Vikram Shetty,vikramshe587@icloud.com,7702372953,"House No. 74, 12th Floor, A Wing, Park Street, Delhi, Delhi - 110028",963944572826,DQNPS7967T,14-04-1975
Mahesh Iyer,maheshiye678@icloud.com,9017755622,"Villa 37, 5th Floor, D Wing, Ring Road, Bengaluru, Karnataka - 560090",618805058389,DIMPI2189J,29-10-1968
Suresh Sheikh,suresh.sheikh45@hotmail.com,6863690766,"House No. 342, 7th Floor, A Wing, Ring Road, Bhubaneswar, Odisha - 751020",527145839187,HEZPS5145J,14-06-1997
Vivaan Shetty,vivaanshe577@hotmail.com,6379189449,"Flat 235, 1th Floor, C Wing, Circular Road, Patna, Bihar - 800016",682135497599,GLGPS8496Y,24-06-1967
Dhruv Agarwal,dhruv.agarwal82@outlook.com,7146328781,"House No. 166, 11th Floor, Block E, Main Road, Nagpur, Maharashtra - 440028",335083232359,CXNPA6107J,10-05-1994
Shruti Yash,shruti.yash33@yahoo.com,6611048657,"Plot No. 234, 9th Floor, D Wing, Ring Road, Thiruvananthapuram, Kerala - 695012",750718102550,RJYPY3234I,29-09-2001
Kiara Gaekwad,kiaragae433@hotmail.com,6709161708,"Flat 312, 5th Floor, C Wing, Bypass Road, Delhi, Delhi - 110056",958094830133,TKSPG0754W,12-09-1967
Reyansh Khan,reyansh.khan25@yahoo.com,7464063498,"Plot No. 475, 2th Floor, Block E, MG Road, Patna, Bihar - 800002",451190244136,WCNPK7268U,15-10-2002
Ramesh Patel,ramesh.patel1@hotmail.com,7483561161,"House No. 332, 9th Floor, D Wing, Station Road, Jaipur, Rajasthan - 302015",383878332687,XNZPP3773B,19-09-1995
Diya Chawla,diyacha814@gmail.com,7860477327,"House No. 396, 1th Floor, Block E, Circular Road, Kolkata, West Bengal - 700047",297499058098,UPBPC7919Y,03-02-1968
Harsh Chawla,harshcha322@outlook.com,7454677521,"House No. 407, 2th Floor, Block E, Station Road, Mumbai, Maharashtra - 400068",638020896719,DYXPC9160S,28-05-1970
Pranav Roy,pranav.roy72@icloud.com,8322708658,"Flat 371, 4th Floor, Block F, Main Road, Chennai, Tamil Nadu - 600120",876951949199,TNWPR4819D,12-06-1988
Dinesh Gaekwad,dineshgae841@outlook.com,8897375070,"House No. 267, 2th Floor, Block E, Ring Road, Mumbai, Maharashtra - 400062",799230465886,GSHPG1248O,06-06-1962
Ramesh Chawla,ramesh.chawla24@gmail.com,8798431264,"Villa 490, 15th Floor, Block E, MG Road, Chandigarh, Chandigarh - 160032",326180790077,JQLPC1017V,09-10-1988
Krishna Shetty,krishna.shetty59@hotmail.com,8269035911,"Plot No. 490, 2th Floor, C Wing, Link Road, Pune, Maharashtra - 411006",238829265716,ECGPS0440J,14-06-1999
Shruti Rao,shrutirao200@gmail.com,6237677270,"Villa 178, 6th Floor, Block F, Link Road, Surat, Gujarat - 395008",254837469064,PYNPR4059A,24-08-1985
Pooja Sharma,pooja.sharma90@icloud.com,9921526064,"Flat 217, 3th Floor, B Wing, MG Road, Ahmedabad, Gujarat - 380043",546843895477,XCUPS6048A,13-12-1992
Preeti Pandey,preetipan612@outlook.com,8481246157,"House No. 244, 3th Floor, Block E, MG Road, Pune, Maharashtra - 411038",490318813558,UDAPP3909R,04-05-1960
Vikram Reddy,vikramred402@yahoo.com,8449476614,"Plot No. 249, 10th Floor, B Wing, Park Street, Chennai, Tamil Nadu - 600085",909751241794,FJKPR0920H,02-07-1965
Aadhya Kapoor,aadhyakap909@yahoo.com,6247152763,"Villa 13, 10th Floor, Block E, MG Road, Lucknow, Uttar Pradesh - 226013",650839472076,SLGPK6892F,10-11-1974
Prakash Sheikh,prakash.sheikh88@icloud.com,7697036758,"House No. 488, 6th Floor, B Wing, Circular Road, Kochi, Kerala - 682005",276595590095,GSWPS8497A,14-07-1986
Ramesh Kumar,ramesh.kumar92@yahoo.com,8294191458,"Villa 16, 11th Floor, Block E, Link Road, Patna, Bihar - 800006",268086366213,WDHPK0716T,24-12-1991
Kiara Singh,kiarasin802@gmail.com,9987352690,"Flat 36, 5th Floor, Block E, Ring Road, Bhubaneswar, Odisha - 751028",748411994756,HWHPS8793G,25-05-1976
Sanjay Bose,sanjay.bose52@icloud.com,9107264562,"Flat 71, 3th Floor, A Wing, MG Road, Patna, Bihar - 800006",894379627046,IQPPB8278O,29-09-1980
Arnav Gomes,arnav.gomes88@hotmail.com,7630627778,"House No. 288, 9th Floor, A Wing, Link Road, Patna, Bihar - 800006",762311656950,EENPG7969S,23-02-1966
Rekha Sheikh,rekhashe850@outlook.com,8871125673,"House No. 235, 8th Floor, C Wing, Main Road, Thiruvananthapuram, Kerala - 695025",776593962183,KTEPS4916V,02-06-1969
Rajesh Joshi,rajeshjos939@hotmail.com,6823924576,"House No. 329, 11th Floor, Block F, Link Road, Ahmedabad, Gujarat - 380050",406793857359,UYJPJ0539R,13-05-1998
Aditya Bose,adityabos986@gmail.com,6163894494,"Flat 438, 3th Floor, C Wing, Main Road, Bengaluru, Karnataka - 560032",926128822753,FWVPB6261F,28-10-1962
Arnav Shetty,arnavshe850@hotmail.com,8767224548,"Villa 99, 1th Floor, Block E, Park Street, Ahmedabad, Gujarat - 380026",501321423345,VZHPS7502W,07-02-1969
Aarav Pandey,aarav.pandey19@outlook.com,7224577833,"House No. 245, 1th Floor, Block E, Bypass Road, Chandigarh, Chandigarh - 160054",582988524967,XFCPP1132A,04-06-1969
Arnav Trivedi,arnav.trivedi20@hotmail.com,6196846873,"Villa 423, 2th Floor, D Wing, Station Road, Jaipur, Rajasthan - 302022",637547401405,UVEPT5432M,06-12-1980
Gaurav Kumar,gaurav.kumar97@icloud.com,9903680776,"House No. 91, 8th Floor, A Wing, Park Street, Hyderabad, Telangana - 500004",583275070860,JJFPK9760G,14-10-1982
Meena Nair,meenanai611@yahoo.com,7556315593,"Flat 400, 9th Floor, D Wing, Station Road, Mumbai, Maharashtra - 400039",276728095048,YHOPN1129B,08-09-1993
Priya Pillai,priya.pillai35@hotmail.com,8394257751,"House No. 425, 11th Floor, C Wing, Park Street, Coimbatore, Tamil Nadu - 641034",629345462665,ZPKPP4017F,07-12-1963
Aditi Banerjee,aditi.banerjee1@yahoo.com,8594214106,"Plot No. 495, 4th Floor, B Wing, Link Road, Chandigarh, Chandigarh - 160060",231006523211,HFHPB0424J,10-05-1966
Riya Sheikh,riya.sheikh14@hotmail.com,7393992535,"Villa 485, 2th Floor, Block E, Link Road, Thiruvananthapuram, Kerala - 695007",236584107528,TCXPS1626D,12-12-1969
Suresh Joshi,suresh.joshi86@yahoo.com,7168885116,"Villa 51, 6th Floor, C Wing, Link Road, Coimbatore, Tamil Nadu - 641010",965160350086,SPJPJ4625N,10-04-1989
Om Iyer,omiye323@icloud.com,7540974344,"Flat 25, 14th Floor, D Wing, Station Road, Nagpur, Maharashtra - 440030",410714918238,NVBPI4201X,12-10-1964
Vivaan Hegde,vivaanheg431@outlook.com,7940616481,"Villa 141, 4th Floor, A Wing, Circular Road, Kochi, Kerala - 682033",972385213291,BMMPH9947K,29-11-1981
Rekha Chavan,rekha.chavan84@hotmail.com,6596210477,"Villa 458, 3th Floor, D Wing, Main Road, Bengaluru, Karnataka - 560055",524827210586,RGBPC8260D,09-11-1990
Yash Sen,yash.sen5@gmail.com,8319348647,"Villa 351, 4th Floor, C Wing, Station Road, Lucknow, Uttar Pradesh - 226024",921915879200,RNQPS7264D,14-05-1983
Shaurya Ansari,shaurya.ansari59@outlook.com,9121371459,"House No. 95, 8th Floor, Block E, Circular Road, Nagpur, Maharashtra - 440013",616612156910,URKPA1197Z,16-12-1997
Geeta Bajaj,geeta.bajaj36@icloud.com,6961400456,"Plot No. 227, 11th Floor, C Wing, Main Road, Kochi, Kerala - 682006",871528326426,YTEPB2664A,01-12-1962
Arjun Trivedi,arjuntri512@yahoo.com,9320190190,"Plot No. 169, 15th Floor, Block E, Bypass Road, Patna, Bihar - 800021",965929667149,XMGPT9768J,14-09-1989
Mahesh Banerjee,maheshban225@yahoo.com,6730717853,"House No. 450, 4th Floor, A Wing, MG Road, Kolkata, West Bengal - 700101",226501809905,VKRPB9596H,20-02-1992
Harsh Shah,harsh.shah68@hotmail.com,8770082863,"Flat 2, 15th Floor, B Wing, Bypass Road, Bhubaneswar, Odisha - 751001",847468212279,WONPS5301P,22-06-2002
Advait Kumar,advaitkum881@yahoo.com,8746523208,"Plot No. 223, 2th Floor, B Wing, Main Road, Pune, Maharashtra - 411012",536576104058,PDZPK5139W,24-03-1972
Rohan Mukherjee,rohanmuk534@icloud.com,9424590564,"Plot No. 29, 6th Floor, D Wing, Station Road, Nagpur, Maharashtra - 440028",637483225453,QUAPM0694N,25-01-1994
Anita Gaekwad,anitagae407@gmail.com,9188668926,"Plot No. 47, 8th Floor, Block F, Link Road, Kolkata, West Bengal - 700131",720236619122,QUNPG6988F,05-12-1997
Pooja Shah,pooja.shah95@gmail.com,9217127336,"House No. 77, 4th Floor, C Wing, Main Road, Delhi, Delhi - 110060",592828834953,RPMPS0329S,03-09-1969
Sneha Fernandes,sneha.fernandes77@gmail.com,7952896699,"Plot No. 270, 12th Floor, A Wing, Main Road, Patna, Bihar - 800011",443365716730,UHFPF7331O,08-04-1985
Aanya Yash,aanyayas905@yahoo.com,6485913130,"Villa 169, 6th Floor, Block E, Ring Road, Coimbatore, Tamil Nadu - 641034",879106203646,BBZPY9877O,01-05-1981
Harsh Hegde,harshheg672@outlook.com,8886039790,"Plot No. 499, 15th Floor, Block F, Circular Road, Kanpur, Uttar Pradesh - 208023",666096484745,DLNPH6009P,24-10-2004
Karan Malhotra,karan.malhotra25@hotmail.com,8057864810,"Villa 342, 9th Floor, D Wing, Main Road, Chandigarh, Chandigarh - 160030",891005796483,IXJPM1143H,26-05-2002
Lata Hegde,lata.hegde55@icloud.com,9722439762,"Villa 286, 4th Floor, A Wing, Station Road, Hyderabad, Telangana - 500077",350238184467,LHGPH4044B,12-07-1968
Shaurya Reddy,shauryared434@gmail.com,9914760492,"Plot No. 193, 2th Floor, D Wing, MG Road, Thiruvananthapuram, Kerala - 695044",613378014355,KBSPR5445J,30-01-1990
Aryan Khanna,aryankha645@hotmail.com,7449839229,"Plot No. 464, 7th Floor, D Wing, Park Street, Coimbatore, Tamil Nadu - 641031",950325941405,PLTPK9559M,05-03-1991
Krishna Shah,krishna.shah16@yahoo.com,6511538536,"Plot No. 213, 13th Floor, D Wing, Circular Road, Pune, Maharashtra - 411013",941924659415,CQCPS2222W,10-07-1965
Dev Gaekwad,devgae272@yahoo.com,6975609337,"House No. 258, 7th Floor, C Wing, Ring Road, Jaipur, Rajasthan - 302016",829712840555,IEHPG2729P,17-12-1960
Rudra Chavan,rudra.chavan69@hotmail.com,7316145387,"Flat 164, 6th Floor, Block E, Link Road, Delhi, Delhi - 110063",740264271864,DJLPC3733N,14-10-1993
Kabir Reddy,kabirred100@yahoo.com,6345796488,"Flat 318, 10th Floor, A Wing, Park Street, Kochi, Kerala - 682030",310145061615,BPFPR9196B,08-03-1997
Krishna Chatterjee,krishna.chatterjee38@icloud.com,7027754410,"House No. 461, 6th Floor, Block E, Circular Road, Bhubaneswar, Odisha - 751019",427416471992,CEWPC8185P,24-04-1968
Rajesh Mishra,rajesh.mishra10@gmail.com,6339970351,"Villa 316, 13th Floor, C Wing, Main Road, Kolkata, West Bengal - 700094",842137911569,TOCPM5084B,07-01-2000
Geeta Hegde,geetaheg721@gmail.com,7746438036,"House No. 32, 1th Floor, D Wing, Station Road, Jaipur, Rajasthan - 302010",746060154827,FFAPH0697W,24-11-2004
Mahesh Fernandes,mahesh.fernandes37@icloud.com,6864675280,"Plot No. 93, 14th Floor, A Wing, Station Road, Jaipur, Rajasthan - 302021",629699885793,RVZPF3413R,18-07-1970
Sanjay Kapoor,sanjaykap126@outlook.com,8681259401,"Flat 495, 6th Floor, B Wing, Link Road, Thiruvananthapuram, Kerala - 695039",923611857779,KDFPK4179V,18-09-1983
Amit Mehta,amit.mehta85@icloud.com,6419224506,"House No. 123, 13th Floor, Block F, Park Street, Delhi, Delhi - 110035",368702811675,UVXPM0220Y,08-12-1975
Sneha Rao,sneha.rao7@hotmail.com,9327492561,"House No. 300, 4th Floor, B Wing, Station Road, Chennai, Tamil Nadu - 600083",332008205810,VVOPR6938C,04-04-1982
Deepak Kumar,deepakkum716@gmail.com,6618576247,"Villa 356, 6th Floor, Block F, Station Road, Mysuru, Karnataka - 570023",281548500310,RFOPK7316J,09-06-1961
Dinesh Das,dinesh.das48@hotmail.com,6034094884,"Plot No. 327, 8th Floor, B Wing, Station Road, Ahmedabad, Gujarat - 380047",988785339568,FHOPD1175W,09-10-2002
Sunita Mishra,sunita.mishra83@icloud.com,6151302746,"Plot No. 315, 11th Floor, C Wing, Bypass Road, Lucknow, Uttar Pradesh - 226010",487514342866,CTEPM1029X,29-02-1988
Mahesh Iyer,maheshiye296@outlook.com,7360536985,"Plot No. 125, 1th Floor, Block F, Link Road, Chandigarh, Chandigarh - 160019",585451481814,OXSPI2216Z,04-02-1960
Diya Sheikh,diyashe157@yahoo.com,9308711412,"House No. 298, 11th Floor, D Wing, Park Street, Kolkata, West Bengal - 700061",895962375582,FBIPS3436I,24-12-1979
Vivaan Arora,vivaan.arora20@outlook.com,7052734791,"Flat 486, 3th Floor, B Wing, Park Street, Kochi, Kerala - 682037",693707744208,IIJPA4037C,16-01-1965
Sanjay Agarwal,sanjayaga767@outlook.com,6282173534,"Flat 35, 14th Floor, D Wing, Bypass Road, Kolkata, West Bengal - 700136",779270810643,SKTPA5123N,16-10-1998
Diya Mishra,diya.mishra63@outlook.com,9945757158,"Flat 408, 13th Floor, Block F, MG Road, Jaipur, Rajasthan - 302030",893517412683,CQUPM2239S,17-06-1990
Shaurya Reddy,shauryared806@yahoo.com,7185577515,"House No. 258, 13th Floor, Block F, Link Road, Ahmedabad, Gujarat - 380029",684358072317,LAIPR0128B,12-12-1986
Suresh Ansari,suresh.ansari29@outlook.com,8177852637,"House No. 114, 6th Floor, C Wing, Main Road, Hyderabad, Telangana - 500008",572315702984,CKYPA0912N,16-07-1968
Shaurya Pandey,shaurya.pandey27@hotmail.com,6160140430,"Plot No. 433, 11th Floor, D Wing, Bypass Road, Delhi, Delhi - 110033",432326091731,ZBYPP8094L,28-06-1965
Atharva Sen,atharvasen268@icloud.com,8615537410,"Flat 372, 11th Floor, Block F, Station Road, Hyderabad, Telangana - 500002",559922715957,WMTPS6354V,12-09-1960
Sanjay Rao,sanjayrao139@icloud.com,7302714310,"House No. 406, 15th Floor, B Wing, Park Street, Pune, Maharashtra - 411033",702591298738,IJKPR1493D,28-05-2005
Dev Shetty,devshe838@icloud.com,6244433828,"Plot No. 281, 3th Floor, Block F, Bypass Road, Surat, Gujarat - 395005",471588296118,LAFPS1770W,18-04-1980
Kabir Bose,kabirbos898@outlook.com,6645125814,"Plot No. 76, 3th Floor, A Wing, Main Road, Ahmedabad, Gujarat - 380022",604011349976,FEIPB5687Q,05-10-1968
Ananya Das,ananyadas388@hotmail.com,7928392853,"Flat 112, 8th Floor, C Wing, MG Road, Kochi, Kerala - 682031",972799088109,DDZPD7626U,27-07-1981
Ramesh Fernandes,ramesh.fernandes80@yahoo.com,6091940936,"Flat 123, 5th Floor, Block E, Link Road, Kochi, Kerala - 682021",934929446439,TIJPF9978B,18-08-1985
Vijay Singh,vijaysin151@outlook.com,8463641996,"Plot No. 461, 6th Floor, C Wing, Park Street, Kanpur, Uttar Pradesh - 208021",567107701770,CQDPS2344V,20-05-1997
Deepak Choudhury,deepak.choudhury72@icloud.com,9197276976,"Plot No. 447, 2th Floor, Block F, Link Road, Chandigarh, Chandigarh - 160050",515611933484,MHYPC7004W,28-06-1983
Geeta Chatterjee,geeta.chatterjee98@gmail.com,6564392119,"House No. 114, 1th Floor, Block E, Station Road, Chennai, Tamil Nadu - 600027",267746803907,ULNPC1138V,17-09-1963
Aditi Chawla,aditicha249@hotmail.com,8917455468,"Plot No. 226, 15th Floor, D Wing, Bypass Road, Nagpur, Maharashtra - 440022",458666304966,XDRPC0320L,03-04-1979
Kabir Roy,kabirroy132@icloud.com,9941480083,"Plot No. 479, 9th Floor, Block F, Ring Road, Mumbai, Maharashtra - 400019",846113298833,HNDPR6790A,11-07-2002
Arjun Joshi,arjun.joshi95@hotmail.com,7188342903,"Villa 298, 13th Floor, C Wing, Station Road, Thiruvananthapuram, Kerala - 695001",519117693110,HDUPJ0026P,10-01-1978
Karan Bajaj,karanbaj213@hotmail.com,7197613869,"Villa 11, 2th Floor, D Wing, Park Street, Pune, Maharashtra - 411052",490629814510,KSMPB2544S,24-08-1962
Suresh Khan,sureshkha424@icloud.com,6140809912,"House No. 239, 6th Floor, C Wing, Circular Road, Surat, Gujarat - 395001",258080155551,ITBPK3479J,21-08-2002
Suman Roy,sumanroy326@hotmail.com,7274517763,"House No. 33, 15th Floor, C Wing, Main Road, Pune, Maharashtra - 411019",314123317383,MUJPR2855Z,05-03-1967
Karan Mishra,karan.mishra84@gmail.com,7773180933,"Flat 450, 11th Floor, B Wing, Park Street, Mysuru, Karnataka - 570018",238364251179,AXQPM7577P,31-08-2001
Tanvi Mukherjee,tanvimuk765@gmail.com,6901009958,"Flat 363, 2th Floor, C Wing, Main Road, Kolkata, West Bengal - 700002",427603484788,BZAPM4724L,17-01-2003
Reyansh Patel,reyansh.patel81@hotmail.com,6720090154,"Flat 250, 13th Floor, Block E, Ring Road, Kanpur, Uttar Pradesh - 208013",625539611684,OWQPP0405P,07-04-1976
Kriti Agarwal,kritiaga635@icloud.com,8196453757,"Plot No. 70, 15th Floor, D Wing, Bypass Road, Coimbatore, Tamil Nadu - 641039",309958330539,RCVPA9371P,04-08-1991
Ayaans Grover,ayaansgro844@gmail.com,9934423665,"House No. 114, 14th Floor, B Wing, Main Road, Bhubaneswar, Odisha - 751010",817896141944,NZNPG4453U,24-12-2000
Ananya Khanna,ananya.khanna63@outlook.com,8093206567,"House No. 255, 4th Floor, D Wing, Bypass Road, Mumbai, Maharashtra - 400083",349981291799,SRSPK0883V,25-12-1964
Kavita Bajaj,kavita.bajaj63@hotmail.com,9062198716,"House No. 24, 2th Floor, C Wing, Circular Road, Nagpur, Maharashtra - 440003",251499228921,ICLPB5841Z,21-10-1991
Rohan Nair,rohan.nair87@hotmail.com,8908564175,"Villa 188, 14th Floor, Block E, Park Street, Mumbai, Maharashtra - 400037",951422021299,VBZPN7561N,25-05-1975
Geeta Sen,geeta.sen90@hotmail.com,7907002855,"House No. 87, 4th Floor, Block E, Circular Road, Kochi, Kerala - 682009",360190332717,MZNPS6416G,15-12-1986
Pranav Mehta,pranav.mehta5@icloud.com,6945448808,"Villa 34, 3th Floor, Block F, Bypass Road, Chandigarh, Chandigarh - 160031",326398335049,HMPPM7763X,17-11-1989
Ramesh Iyer,rameshiye518@gmail.com,9141892341,"Villa 365, 15th Floor, B Wing, Link Road, Nagpur, Maharashtra - 440006",625087639719,WDBPI3389F,07-02-1961
Dinesh Malik,dineshmal227@icloud.com,6024519917,"House No. 36, 7th Floor, Block E, Ring Road, Hyderabad, Telangana - 500077",662798877909,YCWPM8249U,25-01-1963
Rajesh Kulkarni,rajeshkul311@yahoo.com,7301996572,"Villa 383, 14th Floor, D Wing, Park Street, Ahmedabad, Gujarat - 380055",888501626148,DKEPK1380F,15-11-1975
Aditya Khanna,adityakha465@gmail.com,7215057445,"Flat 318, 9th Floor, D Wing, Station Road, Surat, Gujarat - 395001",388025405777,VTAPK5549M,08-11-1962
Ishaan Das,ishaan.das41@icloud.com,9058874333,"Plot No. 348, 15th Floor, C Wing, Park Street, Kolkata, West Bengal - 700107",675554132604,TJHPD5292H,19-03-1965
Karan Rao,karanrao460@yahoo.com,7773820264,"Villa 437, 6th Floor, Block F, Circular Road, Mumbai, Maharashtra - 400060",239858720000,FGYPR4143E,31-12-1977
Yash Mehta,yashmeh747@hotmail.com,8142033833,"Flat 261, 15th Floor, C Wing, Bypass Road, Chandigarh, Chandigarh - 160055",293675845769,JCKPM8676Z,15-10-1991
Krishna Nair,krishna.nair81@gmail.com,6812987169,"Plot No. 185, 14th Floor, Block F, Park Street, Delhi, Delhi - 110047",324432220877,VLJPN6296T,09-08-1979
Shruti Kulkarni,shruti.kulkarni23@gmail.com,8214510097,"House No. 8, 1th Floor, A Wing, Bypass Road, Coimbatore, Tamil Nadu - 641021",533887000790,CYGPK1985Z,12-07-1965
Riya Sen,riyasen919@outlook.com,6874185195,"Plot No. 198, 9th Floor, C Wing, Ring Road, Ahmedabad, Gujarat - 380032",537509871042,QVQPS3222X,23-12-2001
Kriti Deshmukh,kriti.deshmukh84@hotmail.com,7348289911,"Villa 224, 10th Floor, D Wing, Link Road, Thiruvananthapuram, Kerala - 695011",446019308447,WASPD4522K,24-11-1980
Kavita Pillai,kavitapil606@hotmail.com,7838883015,"House No. 146, 8th Floor, A Wing, Circular Road, Ahmedabad, Gujarat - 380016",443452927863,ECCPP8513U,18-03-1981
Amit Sheikh,amitshe366@yahoo.com,8537483448,"Plot No. 362, 10th Floor, Block E, Bypass Road, Coimbatore, Tamil Nadu - 641019",394038730721,BFNPS9894Z,14-12-1992
Aarav Roy,aarav.roy61@outlook.com,8768534434,"Plot No. 283, 9th Floor, Block F, MG Road, Lucknow, Uttar Pradesh - 226016",422596256147,MYXPR8624S,03-08-1976
Kavita Gaekwad,kavita.gaekwad62@outlook.com,7003446479,"Flat 323, 5th Floor, B Wing, Park Street, Bengaluru, Karnataka - 560081",847400056161,QJMPG4870Z,31-05-1999
Kabir Deshmukh,kabir.deshmukh71@icloud.com,8223296234,"Flat 7, 5th Floor, D Wing, Link Road, Pune, Maharashtra - 411044",588506509431,AMXPD0486S,10-06-1977
Yash Chavan,yashcha891@outlook.com,9469009478,"Flat 51, 4th Floor, D Wing, Bypass Road, Surat, Gujarat - 395010",826093331736,DZYPC2377Q,13-03-2004
Pooja Hegde,poojaheg747@icloud.com,7249795842,"House No. 104, 7th Floor, C Wing, Bypass Road, Hyderabad, Telangana - 500067",954300536854,LDFPH9772J,15-01-2005
Sanjay Gupta,sanjaygup445@icloud.com,8534121329,"Flat 109, 8th Floor, B Wing, Link Road, Nagpur, Maharashtra - 440017",346715658653,IMTPG3289Q,22-10-1976
Vijay Pillai,vijay.pillai30@hotmail.com,9528084754,"Villa 92, 7th Floor, B Wing, Ring Road, Mumbai, Maharashtra - 400012",227311374959,MMVPP2432X,06-01-1985
Aditi Thakur,adititha481@icloud.com,9761615031,"Flat 445, 10th Floor, D Wing, Link Road, Kolkata, West Bengal - 700044",656710681508,TEWPT1789A,03-09-1999
Advait Khanna,advaitkha493@gmail.com,8474610828,"Flat 15, 3th Floor, D Wing, Link Road, Mumbai, Maharashtra - 400067",869929503982,AYAPK2844H,04-09-1966
Priya Chawla,priya.chawla17@gmail.com,7243936364,"House No. 232, 1th Floor, D Wing, MG Road, Chandigarh, Chandigarh - 160044",625612047176,SOZPC0339J,17-11-1982
Dev Mukherjee,devmuk998@yahoo.com,7397282180,"Plot No. 80, 9th Floor, Block E, Ring Road, Bengaluru, Karnataka - 560078",463815228820,IUTPM7763Q,13-09-1964
Shaurya Mishra,shauryamis363@hotmail.com,8106922764,"Flat 292, 14th Floor, A Wing, Ring Road, Nagpur, Maharashtra - 440006",337160973051,CJSPM6078G,12-05-1997
Arjun Gomes,arjungom431@icloud.com,7141274925,"Plot No. 274, 13th Floor, B Wing, MG Road, Jaipur, Rajasthan - 302008",704456673941,XTPPG7031E,12-01-2003
Aryan Chavan,aryancha961@hotmail.com,8178712580,"Flat 234, 10th Floor, A Wing, Park Street, Nagpur, Maharashtra - 440003",766768453811,LSLPC7672D,18-01-1964
Krishna Nair,krishnanai250@gmail.com,8098712884,"Plot No. 21, 6th Floor, C Wing, Main Road, Patna, Bihar - 800013",350689464917,PGDPN6306E,15-12-1999
Tanvi Grover,tanvi.grover32@yahoo.com,7014536451,"Plot No. 155, 4th Floor, D Wing, Park Street, Mysuru, Karnataka - 570024",648912478530,EASPG2644T,28-11-2001
Rajesh Sharma,rajeshsha100@outlook.com,8720207955,"Plot No. 403, 10th Floor, Block E, Ring Road, Patna, Bihar - 800004",522916520090,IXTPS0766P,24-01-1962
Sneha Iyengar,sneha.iyengar50@outlook.com,8680664002,"Villa 393, 5th Floor, B Wing, Main Road, Bengaluru, Karnataka - 560094",845562542265,XZAPI6304I,15-05-1968
Anita Deshmukh,anitades631@outlook.com,8352561036,"Villa 411, 11th Floor, B Wing, Ring Road, Patna, Bihar - 800004",708650629859,EGUPD2975X,17-11-1960
Pranav Ansari,pranavans101@hotmail.com,8364967731,"Villa 280, 4th Floor, B Wing, Park Street, Surat, Gujarat - 395010",282181315151,YSIPA7428Q,28-09-1970
Advait Bajaj,advait.bajaj6@hotmail.com,7012776023,"Flat 177, 8th Floor, C Wing, Park Street, Delhi, Delhi - 110032",711343606077,WUDPB3131I,15-01-1978
Ramesh Shetty,ramesh.shetty28@yahoo.com,7725926675,"Flat 489, 6th Floor, A Wing, MG Road, Mumbai, Maharashtra - 400027",500767200073,EPFPS3420G,19-11-1960
Dev Malhotra,devmal388@hotmail.com,6275436542,"Plot No. 173, 1th Floor, Block E, Main Road, Lucknow, Uttar Pradesh - 226019",937698956092,JPIPM0100I,17-04-1976
Diya Sharma,diyasha445@icloud.com,7654435929,"House No. 319, 8th Floor, Block F, Bypass Road, Lucknow, Uttar Pradesh - 226012",622341743971,DYNPS1143G,21-10-1981
Arjun Trivedi,arjun.trivedi86@yahoo.com,8342630157,"Plot No. 16, 13th Floor, Block E, MG Road, Jaipur, Rajasthan - 302038",796903713907,MQHPT8412W,07-07-1977
Anita Pillai,anitapil216@yahoo.com,9938061901,"House No. 172, 7th Floor, C Wing, Ring Road, Kolkata, West Bengal - 700089",874885442131,OBLPP8953M,01-11-1998
Tanvi Bose,tanvi.bose63@hotmail.com,6503051000,"House No. 164, 4th Floor, B Wing, Circular Road, Nagpur, Maharashtra - 440001",339633177633,CBUPB7146Q,01-08-1977
Naresh Bajaj,naresh.bajaj71@gmail.com,8448306217,"House No. 353, 3th Floor, B Wing, MG Road, Hyderabad, Telangana - 500085",851779241170,ZXXPB3848N,09-12-2005
Arjun Gaekwad,arjun.gaekwad34@hotmail.com,8525203193,"Flat 417, 14th Floor, B Wing, Circular Road, Delhi, Delhi - 110092",388017647179,ZWUPG4405S,04-11-1966
Shruti Chawla,shruti.chawla99@icloud.com,8552232742,"House No. 146, 3th Floor, Block F, Link Road, Kolkata, West Bengal - 700051",520690686008,YWKPC0903V,16-05-1961
Krishna Khan,krishnakha111@yahoo.com,6854281188,"Villa 317, 10th Floor, B Wing, Ring Road, Jaipur, Rajasthan - 302009",872649408836,SKMPK3371I,17-12-1986
Ishaan Joshi,ishaanjos903@icloud.com,9593005233,"Plot No. 123, 9th Floor, Block E, Bypass Road, Kochi, Kerala - 682019",534814167645,BZOPJ8640T,30-10-2000
Mahesh Kulkarni,maheshkul905@outlook.com,6422724491,"Villa 86, 13th Floor, B Wing, MG Road, Nagpur, Maharashtra - 440011",336594675739,VLVPK4092P,14-04-1965
Dev Pillai,dev.pillai34@gmail.com,9132490690,"Flat 66, 5th Floor, Block F, Link Road, Chandigarh, Chandigarh - 160020",659894785063,DVLPP8628L,13-08-1980
Diya Bajaj,diya.bajaj32@yahoo.com,9446776982,"Plot No. 21, 7th Floor, C Wing, Park Street, Patna, Bihar - 800005",412028533380,GYVPB9244X,28-03-1974
Dev Mukherjee,devmuk500@yahoo.com,7166224586,"Plot No. 379, 8th Floor, D Wing, Park Street, Mumbai, Maharashtra - 400035",288435110992,ZSKPM9895M,08-05-2004
Aryan Iyengar,aryaniye699@gmail.com,9005407576,"Villa 335, 2th Floor, A Wing, Link Road, Chennai, Tamil Nadu - 600124",892222074292,YKPPI7898F,28-10-2002
Kavita Malhotra,kavitamal928@gmail.com,8068174063,"Plot No. 69, 14th Floor, C Wing, Circular Road, Thiruvananthapuram, Kerala - 695021",441411770591,WHXPM6185M,15-01-1976
Vihaan Joshi,vihaanjos201@gmail.com,8167262659,"Villa 104, 6th Floor, A Wing, Link Road, Lucknow, Uttar Pradesh - 226004",523142235480,UVYPJ1496B,07-12-1968
Tanvi Trivedi,tanvi.trivedi60@icloud.com,8794113328,"Plot No. 57, 1th Floor, Block E, Main Road, Hyderabad, Telangana - 500035",818482018565,YILPT3426E,04-04-1993
Dinesh Chawla,dineshcha861@yahoo.com,9282446683,"Flat 467, 2th Floor, Block F, Main Road, Nagpur, Maharashtra - 440009",893142773491,AKYPC3421G,03-03-1976
Suman Iyer,sumaniye702@yahoo.com,9814593100,"House No. 394, 11th Floor, Block E, Bypass Road, Mysuru, Karnataka - 570006",265181338224,ITZPI2442J,29-10-1967
Satish Trivedi,satish.trivedi49@yahoo.com,9562612136,"Flat 44, 15th Floor, D Wing, Bypass Road, Mysuru, Karnataka - 570021",634477287952,WERPT7363W,06-05-1999
Pranav Grover,pranav.grover29@gmail.com,9688582225,"House No. 103, 7th Floor, C Wing, Park Street, Hyderabad, Telangana - 500037",801132350213,LDEPG4859Y,04-09-1964
Dhruv Deshmukh,dhruvdes778@hotmail.com,9708694206,"House No. 329, 9th Floor, B Wing, Ring Road, Thiruvananthapuram, Kerala - 695004",305303165393,VHYPD1216V,09-01-1966
Amit Khanna,amit.khanna66@icloud.com,7088845794,"Villa 226, 1th Floor, C Wing, MG Road, Chandigarh, Chandigarh - 160020",268627375209,BNZPK4136P,12-01-2003
Aditya Mukherjee,adityamuk297@gmail.com,6967949593,"House No. 144, 11th Floor, B Wing, Park Street, Lucknow, Uttar Pradesh - 226017",518021309256,NUMPM3174I,27-07-1981
Meena Gupta,meena.gupta62@yahoo.com,9395911899,"Plot No. 279, 4th Floor, B Wing, Link Road, Lucknow, Uttar Pradesh - 226003",993078300665,ZGHPG5672F,15-02-1986
Amit Gomes,amit.gomes27@icloud.com,8091116091,"House No. 7, 15th Floor, Block E, Bypass Road, Ahmedabad, Gujarat - 380023",743175305776,TRLPG0007G,03-01-1992
Ananya Verma,ananya.verma61@outlook.com,7666492758,"Villa 125, 7th Floor, D Wing, Station Road, Chennai, Tamil Nadu - 600012",918789465299,AJZPV3678X,14-03-1972
Sai Rao,sairao963@outlook.com,9863670724,"House No. 155, 11th Floor, C Wing, Circular Road, Bengaluru, Karnataka - 560025",576077556229,FGPPR5277T,24-11-1999
Karan D'Souza,karand's106@hotmail.com,8913202375,"Villa 201, 13th Floor, Block F, Ring Road, Kolkata, West Bengal - 700135",801721982198,GTNPD2165W,22-10-2004
Kavita Fernandes,kavita.fernandes93@icloud.com,7757611821,"Plot No. 316, 8th Floor, Block E, Station Road, Mumbai, Maharashtra - 400086",738255346169,KBBPF5402K,16-07-1972
Vivaan Mukherjee,vivaanmuk694@outlook.com,8816361729,"Villa 38, 8th Floor, Block E, Park Street, Lucknow, Uttar Pradesh - 226027",749394447724,HGKPM4484I,12-09-1971
Vikram Ansari,vikramans912@icloud.com,8267369829,"Villa 38, 4th Floor, C Wing, MG Road, Ahmedabad, Gujarat - 380009",535978298427,LLOPA1849M,02-05-1973
Diya Reddy,diya.reddy78@icloud.com,8696488513,"Flat 348, 11th Floor, Block F, Link Road, Bhubaneswar, Odisha - 751008",928602773054,NWGPR9998T,27-02-1971
Meena Joshi,meena.joshi76@gmail.com,6337974301,"House No. 53, 9th Floor, Block F, Station Road, Pune, Maharashtra - 411017",400908837597,AFXPJ6353P,26-08-1966
Suman Deshmukh,sumandes204@yahoo.com,7772486507,"House No. 215, 2th Floor, Block F, Park Street, Hyderabad, Telangana - 500055",272524082416,STKPD1535H,16-12-1979
Aditi Banerjee,aditiban214@yahoo.com,6774118428,"House No. 277, 3th Floor, C Wing, Ring Road, Jaipur, Rajasthan - 302031",953209007197,RCVPB4718U,06-11-1992
Diya Chavan,diya.chavan57@yahoo.com,7506273706,"Plot No. 11, 6th Floor, Block F, Park Street, Kochi, Kerala - 682024",645537313322,QTIPC1298X,26-06-2003
Geeta Sen,geetasen438@outlook.com,8884708217,"House No. 365, 3th Floor, Block F, Ring Road, Chandigarh, Chandigarh - 160043",358111277107,BSZPS5714M,11-12-1975
Naresh Nair,nareshnai938@gmail.com,9192085010,"Plot No. 387, 4th Floor, Block E, Station Road, Chennai, Tamil Nadu - 600105",765087079774,VQKPN4501O,24-02-1964
Asha Khanna,ashakha690@yahoo.com,8682776545,"House No. 17, 15th Floor, D Wing, Main Road, Bengaluru, Karnataka - 560098",851279948544,NVEPK5563L,15-12-1998
Arnav Bose,arnav.bose69@yahoo.com,8209673373,"Villa 404, 3th Floor, A Wing, Station Road, Coimbatore, Tamil Nadu - 641034",355691534444,OAWPB3373A,30-01-1989
Aryan Reddy,aryanred252@yahoo.com,6350568263,"House No. 399, 1th Floor, D Wing, MG Road, Mysuru, Karnataka - 570018",872000781611,VZVPR0948G,20-01-2002
Vihaan Thakur,vihaan.thakur19@icloud.com,7215921465,"House No. 214, 7th Floor, B Wing, Park Street, Kolkata, West Bengal - 700136",903132823924,ASYPT8514H,25-01-1968
Rajesh Trivedi,rajeshtri349@outlook.com,6496341869,"Villa 256, 7th Floor, B Wing, Park Street, Thiruvananthapuram, Kerala - 695027",652808574124,OMQPT7139V,15-11-1968
Sandeep Sheikh,sandeepshe492@yahoo.com,9367727229,"Plot No. 316, 15th Floor, Block E, Bypass Road, Chennai, Tamil Nadu - 600106",508506720901,CTDPS3374G,14-05-1974
Sneha Fernandes,sneha.fernandes29@gmail.com,9870448559,"Villa 424, 4th Floor, B Wing, Main Road, Kanpur, Uttar Pradesh - 208022",946991930315,QJYPF2561I,29-04-1973
Sanjay Khan,sanjaykha984@gmail.com,7470159807,"Plot No. 390, 8th Floor, Block E, Park Street, Chennai, Tamil Nadu - 600088",309772971306,UMNPK7981F,18-08-1997
Ramesh Bose,ramesh.bose78@icloud.com,7971608776,"Plot No. 345, 11th Floor, C Wing, Bypass Road, Thiruvananthapuram, Kerala - 695028",829981815826,TEJPB3935S,13-09-1986
Aanya Kumar,aanyakum636@yahoo.com,9755799396,"House No. 11, 15th Floor, Block F, Main Road, Kochi, Kerala - 682015",553296109175,VGGPK7389V,11-09-1980
Aarav Khanna,aaravkha604@hotmail.com,6277815759,"Plot No. 324, 3th Floor, A Wing, Link Road, Chennai, Tamil Nadu - 600016",990232961251,BHCPK6708N,30-11-1970
Satish Malik,satishmal766@icloud.com,9198588661,"Plot No. 182, 1th Floor, C Wing, Circular Road, Kolkata, West Bengal - 700066",701765784969,SOSPM3687F,28-08-2005
Suman D'Souza,sumand's946@hotmail.com,9430718940,"Villa 209, 5th Floor, D Wing, Ring Road, Surat, Gujarat - 395007",396151335946,PLMPD2552Y,22-10-2002
Arnav Patel,arnavpat610@icloud.com,8732643534,"House No. 247, 11th Floor, Block E, Station Road, Chandigarh, Chandigarh - 160022",711246353147,BVJPP2499Y,18-12-1976
Aanya Chavan,aanya.chavan69@gmail.com,7815910668,"Flat 61, 8th Floor, Block E, Station Road, Ahmedabad, Gujarat - 380019",920292759602,JLBPC3895F,06-12-1963
Asha Yadav,ashayad235@hotmail.com,7357051891,"Villa 396, 10th Floor, B Wing, Main Road, Surat, Gujarat - 395012",393729070581,BVAPY6418L,25-11-1960
Sanjay Agarwal,sanjay.agarwal89@yahoo.com,7786301421,"Villa 361, 4th Floor, C Wing, Park Street, Bengaluru, Karnataka - 560062",740980715241,ALBPA4744Y,19-01-1970
Aarav Deshmukh,aarav.deshmukh89@outlook.com,6686075277,"Flat 30, 10th Floor, A Wing, MG Road, Lucknow, Uttar Pradesh - 226005",566802746449,CQPPD6275Y,08-08-1998
Saanvi Thakur,saanvitha316@icloud.com,8637668863,"Flat 90, 2th Floor, C Wing, Park Street, Patna, Bihar - 800004",975204747032,JENPT4487U,23-01-1998
Deepak Chatterjee,deepak.chatterjee62@hotmail.com,9264141246,"Plot No. 486, 4th Floor, C Wing, Main Road, Jaipur, Rajasthan - 302025",225404378942,AOMPC0497Q,27-12-1977
Anita Iyengar,anitaiye375@outlook.com,7631824258,"Plot No. 169, 3th Floor, D Wing, Station Road, Pune, Maharashtra - 411048",343397255290,MAMPI9725R,12-04-1973
Preeti Mishra,preetimis147@icloud.com,8150913182,"Flat 388, 4th Floor, Block E, MG Road, Mumbai, Maharashtra - 400068",746542269575,NVXPM5759M,21-07-1984
Karan Thakur,karan.thakur6@gmail.com,9376379758,"Plot No. 83, 8th Floor, Block E, Park Street, Jaipur, Rajasthan - 302014",297090836275,JGZPT4539O,25-02-1974
Rekha Gaekwad,rekha.gaekwad80@icloud.com,7726194697,"Plot No. 193, 14th Floor, B Wing, Ring Road, Thiruvananthapuram, Kerala - 695007",273150618209,BRSPG2427P,18-07-2001
Aanya Nair,aanya.nair60@yahoo.com,7383918080,"Flat 319, 11th Floor, Block E, MG Road, Delhi, Delhi - 110052",705366427742,CLUPN2299K,11-09-2000
Kiara Singh,kiara.singh52@gmail.com,7118135482,"Villa 370, 4th Floor, A Wing, Station Road, Coimbatore, Tamil Nadu - 641047",842598394277,ZKMPS3754B,01-04-1999
Satish Iyer,satishiye355@outlook.com,8565146829,"Villa 169, 15th Floor, Block E, Circular Road, Kochi, Kerala - 682036",534412577911,SXSPI3708V,05-05-1996
Pooja Khanna,poojakha839@outlook.com,9065085985,"Flat 288, 2th Floor, C Wing, Circular Road, Patna, Bihar - 800010",473182438345,ZIEPK1164I,04-04-1997
Ashok Nair,ashoknai952@yahoo.com,7391265785,"House No. 329, 2th Floor, B Wing, Park Street, Mysuru, Karnataka - 570011",211171487292,OVNPN1893O,15-12-2002
Karan Kapoor,karan.kapoor65@icloud.com,7312999367,"Villa 103, 2th Floor, D Wing, Main Road, Kolkata, West Bengal - 700106",991401278410,WJMPK7955N,25-09-1978
Aadhya Mehta,aadhya.mehta45@gmail.com,7364207240,"Villa 207, 15th Floor, C Wing, Ring Road, Lucknow, Uttar Pradesh - 226009",931171251811,TSRPM8976R,30-08-1969
Vijay Roy,vijay.roy18@outlook.com,9216771500,"Flat 34, 1th Floor, A Wing, Main Road, Patna, Bihar - 800005",594423896714,EZKPR4709M,08-08-2001
Rajesh Kumar,rajesh.kumar72@icloud.com,6107379964,"Flat 81, 5th Floor, C Wing, Bypass Road, Bhubaneswar, Odisha - 751027",486287956329,HSSPK0598C,19-12-1971
Reyansh Arora,reyansh.arora15@outlook.com,8299811944,"Plot No. 237, 3th Floor, A Wing, Bypass Road, Nagpur, Maharashtra - 440011",404251744463,NQUPA9244K,02-03-1974
Geeta Gaekwad,geetagae685@outlook.com,7833422532,"Plot No. 35, 8th Floor, Block E, Station Road, Pune, Maharashtra - 411056",252490439479,SRFPG8868U,14-07-1987
Yash Gaekwad,yash.gaekwad65@hotmail.com,6148137293,"Flat 21, 15th Floor, Block F, Ring Road, Mysuru, Karnataka - 570019",413787031398,ZDMPG7343Y,06-05-1991
Aanya Khan,aanyakha884@outlook.com,8186520835,"House No. 68, 3th Floor, D Wing, MG Road, Thiruvananthapuram, Kerala - 695006",684056068642,HJUPK8923G,17-05-1988
Satish Rao,satish.rao51@hotmail.com,6418195896,"Villa 193, 7th Floor, Block F, Bypass Road, Lucknow, Uttar Pradesh - 226028",613677268293,UYHPR7240U,27-03-1994
Arnav Bajaj,arnavbaj729@hotmail.com,7769192299,"House No. 286, 14th Floor, A Wing, Main Road, Kolkata, West Bengal - 700068",997854550922,ZGBPB6360J,27-11-1968
Shruti Mukherjee,shruti.mukherjee75@yahoo.com,8357392536,"House No. 81, 9th Floor, D Wing, Link Road, Coimbatore, Tamil Nadu - 641038",785349484135,ESNPM6414M,03-08-2001
Aditi Nair,aditinai177@outlook.com,9153441439,"House No. 492, 15th Floor, Block E, Main Road, Patna, Bihar - 800015",767684037141,WWUPN7907G,18-05-1983
Naresh Rao,nareshrao302@icloud.com,6406102982,"Villa 248, 14th Floor, Block F, Bypass Road, Nagpur, Maharashtra - 440032",764479397063,LMXPR6064B,20-06-1983
Ishaan Bose,ishaan.bose28@hotmail.com,8907915425,"Villa 59, 15th Floor, C Wing, Ring Road, Nagpur, Maharashtra - 440033",979299613137,CBYPB9107K,04-11-1993
Ayaans Chatterjee,ayaans.chatterjee23@hotmail.com,8987020858,"House No. 137, 7th Floor, C Wing, Bypass Road, Mysuru, Karnataka - 570015",612216533630,TKPPC8541H,01-04-2002
Diya Mehta,diya.mehta6@outlook.com,7891210494,"House No. 331, 13th Floor, C Wing, MG Road, Mumbai, Maharashtra - 400031",256256120973,ZGFPM1740N,15-10-1990
Asha Choudhury,asha.choudhury54@gmail.com,7271548411,"Flat 72, 14th Floor, B Wing, Main Road, Coimbatore, Tamil Nadu - 641045",495927881911,KKDPC9250S,05-08-1968
Mahesh Pillai,maheshpil552@icloud.com,6735927257,"Flat 26, 10th Floor, C Wing, Circular Road, Coimbatore, Tamil Nadu - 641007",234902809956,OGNPP2617C,20-03-1977
Reyansh Thakur,reyanshtha533@hotmail.com,6641336797,"Plot No. 111, 6th Floor, A Wing, Station Road, Chennai, Tamil Nadu - 600125",519062440437,HRDPT7837F,29-10-1999
Kabir Banerjee,kabir.banerjee36@hotmail.com,6493800890,"Villa 1, 15th Floor, D Wing, Circular Road, Lucknow, Uttar Pradesh - 226027",908841361059,UZUPB0280E,18-11-1983
Advait Nair,advait.nair75@outlook.com,8679650637,"Plot No. 414, 13th Floor, Block F, Link Road, Thiruvananthapuram, Kerala - 695038",727697210654,HNFPN4734K,12-07-1962
Pooja Pillai,pooja.pillai8@yahoo.com,8233551976,"House No. 457, 11th Floor, C Wing, MG Road, Thiruvananthapuram, Kerala - 695031",558155354587,OCBPP4497S,16-01-1990
Pranav Patel,pranav.patel45@outlook.com,6896690125,"Villa 6, 6th Floor, C Wing, Park Street, Thiruvananthapuram, Kerala - 695005",774655886797,QOSPP5934S,15-12-1975
Advait Kapoor,advait.kapoor59@icloud.com,8349350228,"Villa 134, 2th Floor, Block E, Bypass Road, Mumbai, Maharashtra - 400074",567377935489,HAPPK0900Y,03-04-1987
Ishaan Patel,ishaan.patel35@gmail.com,8895783169,"House No. 87, 4th Floor, A Wing, Ring Road, Jaipur, Rajasthan - 302037",726582280642,AJZPP3362E,28-02-1969
Riya Kapoor,riya.kapoor96@outlook.com,8200786872,"House No. 479, 14th Floor, A Wing, Park Street, Pune, Maharashtra - 411015",555519822167,ZFMPK3250G,01-05-1975
Karan Verma,karan.verma63@yahoo.com,8699793982,"House No. 169, 7th Floor, B Wing, Bypass Road, Kochi, Kerala - 682003",437629655817,JWEPV4416L,02-05-2005
Deepak Pandey,deepak.pandey94@outlook.com,7624991443,"Plot No. 420, 4th Floor, Block E, Ring Road, Pune, Maharashtra - 411005",836476439057,JUUPP4592G,23-03-1979
Vikram Shetty,vikram.shetty89@outlook.com,7703050106,"House No. 275, 15th Floor, Block E, Circular Road, Nagpur, Maharashtra - 440007",369781686472,BRCPS7222G,17-04-1968
Gaurav Chawla,gauravcha969@hotmail.com,7328128318,"Plot No. 490, 7th Floor, Block E, Park Street, Delhi, Delhi - 110038",458226497107,CJFPC1718U,26-05-1969
Gaurav Iyengar,gaurav.iyengar8@icloud.com,8786218035,"Villa 279, 3th Floor, C Wing, Ring Road, Coimbatore, Tamil Nadu - 641004",733658896621,TACPI1427J,18-03-2002
Lata Mishra,lata.mishra93@hotmail.com,8932828990,"Villa 475, 5th Floor, C Wing, Main Road, Thiruvananthapuram, Kerala - 695022",249156087257,LLAPM4410Z,26-12-1983
Dev Patel,devpat569@icloud.com,6928554534,"Villa 92, 13th Floor, Block E, Link Road, Patna, Bihar - 800019",979954202594,TLLPP7232K,28-01-1992
Aarav Khanna,aarav.khanna74@hotmail.com,8249420962,"Villa 324, 12th Floor, B Wing, Circular Road, Surat, Gujarat - 395008",441315986667,INTPK1966G,01-11-2004
Sanjay Iyer,sanjay.iyer66@icloud.com,8842023424,"House No. 361, 10th Floor, Block E, Station Road, Ahmedabad, Gujarat - 380009",924401472222,XJSPI3045T,06-11-1968
Ashok Nair,ashoknai883@outlook.com,6346185724,"House No. 113, 10th Floor, Block E, Circular Road, Kochi, Kerala - 682029",994201631599,YDWPN0065H,30-12-1967
Sunita Deshmukh,sunitades904@yahoo.com,9789451007,"Villa 50, 7th Floor, C Wing, Ring Road, Ahmedabad, Gujarat - 380060",234142479939,YLNPD1967P,14-07-1989
Harsh Kapoor,harsh.kapoor89@outlook.com,7909143318,"House No. 170, 8th Floor, A Wing, Link Road, Jaipur, Rajasthan - 302022",467824434706,OIPPK1695N,14-08-1997
Kabir Nair,kabir.nair64@hotmail.com,9742156739,"House No. 388, 15th Floor, D Wing, MG Road, Thiruvananthapuram, Kerala - 695024",430074629264,AWMPN1424E,09-06-1970
Pooja Rao,pooja.rao53@outlook.com,7226157696,"Plot No. 65, 3th Floor, C Wing, Park Street, Mumbai, Maharashtra - 400037",370940843237,KFVPR3195G,18-06-1969
Dhruv Agarwal,dhruvaga529@icloud.com,7658171977,"Flat 188, 12th Floor, B Wing, MG Road, Patna, Bihar - 800018",630041195695,QAMPA5267I,14-02-2004
Deepak Kumar,deepakkum221@hotmail.com,9201707601,"Plot No. 44, 1th Floor, B Wing, Circular Road, Jaipur, Rajasthan - 302009",830713468258,BUDPK9416W,07-09-1994
Rekha Chavan,rekha.chavan23@gmail.com,6207615611,"Plot No. 132, 7th Floor, B Wing, MG Road, Chandigarh, Chandigarh - 160041",648384701154,QSAPC8815K,24-03-2000
Sai Kumar,sai.kumar25@yahoo.com,8658640940,"House No. 407, 14th Floor, Block F, Link Road, Surat, Gujarat - 395003",662886252675,GZYPK4908Y,27-04-1995
Diya Singh,diyasin404@yahoo.com,6118997190,"Villa 296, 11th Floor, A Wing, Park Street, Jaipur, Rajasthan - 302007",284364550732,TZVPS8187J,01-02-1967
Suman Mehta,suman.mehta16@yahoo.com,6004040973,"Flat 407, 2th Floor, C Wing, Park Street, Bengaluru, Karnataka - 560007",446901303933,KXVPM3412B,14-01-2003
Sneha Pillai,snehapil927@yahoo.com,7864200952,"House No. 14, 7th Floor, Block E, Link Road, Patna, Bihar - 800013",953481340485,ZIXPP5502L,15-12-2001
Arjun Chavan,arjun.chavan95@hotmail.com,8621445696,"Plot No. 384, 11th Floor, Block E, Station Road, Bhubaneswar, Odisha - 751003",604928679500,MFLPC4525H,29-10-1965
Diya Singh,diyasin875@gmail.com,8327881281,"Flat 157, 6th Floor, C Wing, Circular Road, Lucknow, Uttar Pradesh - 226019",408818467449,RZKPS9841A,07-12-2002
Sunita Khan,sunitakha635@icloud.com,6666632066,"Plot No. 398, 7th Floor, Block E, MG Road, Surat, Gujarat - 395010",852753836355,STRPK0669N,17-12-1977
Deepak Thakur,deepaktha124@gmail.com,6250660728,"Villa 180, 5th Floor, Block F, Main Road, Chandigarh, Chandigarh - 160038",244396415142,KMEPT1909H,03-11-1985
Aditi Iyengar,aditiiye796@gmail.com,8428827613,"Plot No. 18, 11th Floor, Block E, MG Road, Nagpur, Maharashtra - 440030",206005002694,GHCPI3225K,30-08-2000
Vivaan Yadav,vivaanyad944@gmail.com,6948954792,"Plot No. 329, 9th Floor, Block F, Main Road, Lucknow, Uttar Pradesh - 226010",503361925191,PKMPY4316E,16-10-1984
Satish Patel,satishpat777@yahoo.com,7083639246,"House No. 384, 15th Floor, B Wing, Main Road, Ahmedabad, Gujarat - 380037",692588701407,HRWPP7809X,07-07-1999
Reyansh Pandey,reyanshpan562@outlook.com,6486996007,"Villa 51, 8th Floor, B Wing, Link Road, Nagpur, Maharashtra - 440020",898796649126,UBVPP4432U,10-11-1990
Kavita Sheikh,kavita.sheikh87@outlook.com,7887580014,"Villa 485, 7th Floor, B Wing, Link Road, Ahmedabad, Gujarat - 380045",581937965084,WQBPS1985R,19-11-1986
Tanvi Kapoor,tanvikap768@yahoo.com,9228540678,"Villa 330, 15th Floor, B Wing, Ring Road, Mysuru, Karnataka - 570027",552734334725,LMUPK0302A,11-03-1961
Yash Rao,yashrao239@icloud.com,7471744449,"Plot No. 17, 5th Floor, A Wing, Bypass Road, Nagpur, Maharashtra - 440011",388047178615,MHWPR4425W,24-06-1984
Ananya Agarwal,ananyaaga361@yahoo.com,7217172193,"Flat 208, 13th Floor, D Wing, Circular Road, Pune, Maharashtra - 411024",456673490900,IYOPA7941M,01-06-1994
Suresh Hegde,sureshheg223@hotmail.com,9499767976,"Plot No. 360, 4th Floor, D Wing, Ring Road, Kochi, Kerala - 682007",563333418920,TCJPH4896L,18-07-2003
Ishaan Joshi,ishaan.joshi66@outlook.com,7754187308,"Plot No. 479, 14th Floor, Block F, Bypass Road, Surat, Gujarat - 395006",728651584195,KCYPJ5172A,17-03-1967
Rohan Das,rohandas663@gmail.com,6313094692,"Villa 471, 3th Floor, A Wing, Station Road, Lucknow, Uttar Pradesh - 226020",402825015055,TTXPD6973P,07-06-1986
Aryan Sharma,aryansha830@yahoo.com,6276128635,"Flat 323, 13th Floor, C Wing, MG Road, Nagpur, Maharashtra - 440027",756842962835,ZLLPS5535L,04-11-1977
Anita Ansari,anita.ansari87@hotmail.com,7641818347,"House No. 167, 4th Floor, Block E, Park Street, Pune, Maharashtra - 411002",889596089538,OZOPA2242R,30-12-1986
Ananya Chavan,ananyacha126@gmail.com,8876150725,"Villa 246, 5th Floor, Block F, MG Road, Kochi, Kerala - 682040",639684703118,DHAPC9184X,05-08-1991
Reyansh Chatterjee,reyansh.chatterjee88@yahoo.com,7869287614,"Plot No. 308, 1th Floor, C Wing, Circular Road, Kolkata, West Bengal - 700059",242461788269,MBFPC6976H,04-04-1998
Anita Deshmukh,anitades590@outlook.com,8327267015,"Flat 86, 1th Floor, Block F, Station Road, Patna, Bihar - 800023",565488359159,UUNPD3089K,02-04-1999
Preeti Singh,preetisin781@gmail.com,8207030054,"Flat 370, 4th Floor, Block F, MG Road, Thiruvananthapuram, Kerala - 695014",723263564433,ZMPPS1019Y,25-02-1991
Aanya Banerjee,aanya.banerjee10@icloud.com,7431275575,"Villa 356, 12th Floor, Block E, Main Road, Lucknow, Uttar Pradesh - 226024",970666129879,VROPB9943G,16-05-1992
Sneha Bose,snehabos727@icloud.com,8796514946,"Flat 6, 5th Floor, D Wing, Ring Road, Thiruvananthapuram, Kerala - 695003",657719193383,CVRPB3488J,20-01-1994
Rajesh Mishra,rajesh.mishra82@icloud.com,8037858573,"Plot No. 150, 4th Floor, A Wing, MG Road, Kochi, Kerala - 682018",766624227417,MWFPM0819W,13-08-1974
Vivaan Grover,vivaangro623@outlook.com,7224250134,"Villa 209, 15th Floor, Block F, Main Road, Patna, Bihar - 800018",428652041387,OSZPG5030K,14-07-1970
Ananya Das,ananyadas417@icloud.com,9254029982,"House No. 413, 4th Floor, B Wing, MG Road, Patna, Bihar - 800008",614591027489,PLEPD4361M,25-04-1994
Lata Iyer,lataiye998@gmail.com,9831309987,"House No. 360, 8th Floor, Block F, Link Road, Thiruvananthapuram, Kerala - 695027",413017237394,HJUPI2120N,22-02-1974
Karan Agarwal,karan.agarwal45@yahoo.com,7271090554,"Flat 137, 2th Floor, B Wing, Ring Road, Ahmedabad, Gujarat - 380043",574279153353,BGGPA4996Z,28-01-1999
Vivaan Thakur,vivaantha478@hotmail.com,7556180215,"House No. 492, 10th Floor, A Wing, Park Street, Thiruvananthapuram, Kerala - 695044",799278938316,AFUPT4487I,15-11-1967
Reyansh Singh,reyanshsin699@hotmail.com,7432654346,"Flat 441, 2th Floor, B Wing, Park Street, Jaipur, Rajasthan - 302020",487221226112,HQIPS7699V,19-07-1962
Aanya Mishra,aanya.mishra86@hotmail.com,7435234862,"Villa 250, 4th Floor, Block F, Park Street, Patna, Bihar - 800025",949285063606,ZQHPM8205G,29-04-1976
Aryan Shetty,aryan.shetty46@hotmail.com,9964873349,"House No. 474, 9th Floor, Block E, Park Street, Chennai, Tamil Nadu - 600025",399428870268,MZUPS5570T,08-08-1968
Suresh Banerjee,sureshban755@icloud.com,6404503872,"Plot No. 151, 9th Floor, Block E, Link Road, Ahmedabad, Gujarat - 380030",261253240743,MCKPB8456J,10-02-1998
Amit Chavan,amitcha250@hotmail.com,9067070393,"Villa 80, 12th Floor, Block F, Ring Road, Pune, Maharashtra - 411028",676857411020,RMCPC3833H,08-02-1989
Asha Arora,asha.arora68@yahoo.com,6337257840,"House No. 201, 4th Floor, Block E, MG Road, Bhubaneswar, Odisha - 751001",211370807981,SUAPA0142I,08-04-1982
Aadhya Hegde,aadhya.hegde29@outlook.com,9459185744,"Flat 129, 8th Floor, C Wing, Park Street, Kochi, Kerala - 682009",323804272050,VXTPH1422H,11-01-1998
Krishna Roy,krishnaroy386@yahoo.com,6536922115,"House No. 236, 15th Floor, C Wing, Station Road, Chennai, Tamil Nadu - 600011",244309478451,ZSQPR4425Q,26-02-1984
Aryan Chavan,aryan.chavan41@icloud.com,6715993888,"Villa 442, 7th Floor, B Wing, Bypass Road, Lucknow, Uttar Pradesh - 226009",823853402187,UHPPC6350X,09-08-1971
Neha Kulkarni,neha.kulkarni10@hotmail.com,6745331453,"Plot No. 276, 1th Floor, Block E, Station Road, Chennai, Tamil Nadu - 600023",683202969784,FNAPK9062A,26-05-1968
Vikram Shah,vikramsha554@hotmail.com,6164936939,"Plot No. 338, 11th Floor, B Wing, Main Road, Chennai, Tamil Nadu - 600102",630087312807,EPCPS6835B,05-07-1973
Preeti Singh,preetisin189@outlook.com,8550561705,"Flat 424, 13th Floor, D Wing, Link Road, Kanpur, Uttar Pradesh - 208009",870062635601,HASPS6467R,28-12-2005
Ramesh Banerjee,rameshban392@yahoo.com,7534866978,"Villa 181, 1th Floor, Block E, Station Road, Nagpur, Maharashtra - 440007",877951332453,TXKPB3321F,16-05-1970
Vijay Malhotra,vijay.malhotra12@yahoo.com,8511607647,"House No. 121, 3th Floor, B Wing, Bypass Road, Nagpur, Maharashtra - 440029",715164920104,TVZPM1210I,30-05-1984
Dinesh Roy,dineshroy303@icloud.com,6590933427,"Plot No. 25, 10th Floor, A Wing, Ring Road, Nagpur, Maharashtra - 440002",371356275424,VGCPR6325I,12-02-1965
Kriti Shah,kriti.shah81@hotmail.com,7387015024,"Flat 211, 8th Floor, D Wing, Station Road, Hyderabad, Telangana - 500038",743811507420,XSCPS4189N,28-05-1993
Atharva Shah,atharva.shah55@icloud.com,8763398583,"Villa 169, 7th Floor, D Wing, Station Road, Delhi, Delhi - 110003",513784326003,IESPS2861I,03-12-1974
Reyansh Khanna,reyanshkha266@icloud.com,9185028870,"Villa 112, 7th Floor, B Wing, Bypass Road, Coimbatore, Tamil Nadu - 641013",725946960331,ZIBPK9440H,09-04-1994
Satish Chatterjee,satishcha277@yahoo.com,7856390752,"House No. 248, 8th Floor, D Wing, Bypass Road, Surat, Gujarat - 395001",785033666538,IIFPC6215I,11-03-1982
Aditya Mishra,adityamis224@icloud.com,6170233921,"House No. 242, 12th Floor, A Wing, Main Road, Thiruvananthapuram, Kerala - 695023",274272288096,ZUQPM0759G,03-01-1981
Atharva Rao,atharva.rao27@yahoo.com,9827609398,"Plot No. 298, 9th Floor, C Wing, Link Road, Mumbai, Maharashtra - 400029",257364771502,ZOHPR2224H,21-03-1964
Kriti Bose,kritibos116@icloud.com,8825394788,"Plot No. 233, 9th Floor, C Wing, Main Road, Bengaluru, Karnataka - 560072",888376265076,ITGPB9723S,17-06-1965
Kiara Chavan,kiaracha809@outlook.com,8541491168,"Villa 221, 15th Floor, Block E, Main Road, Bhubaneswar, Odisha - 751025",240495583192,SEOPC3029I,15-09-1990
Dinesh Gomes,dineshgom346@gmail.com,7165931539,"Flat 9, 14th Floor, Block F, Station Road, Patna, Bihar - 800001",397765071974,NUFPG9429E,02-07-1967
Ramesh Das,ramesh.das77@gmail.com,6384128453,"House No. 212, 4th Floor, D Wing, Ring Road, Jaipur, Rajasthan - 302016",543035444377,KWWPD5437A,25-07-1995
Gaurav Malhotra,gauravmal995@icloud.com,9114499500,"Flat 381, 1th Floor, B Wing, Link Road, Lucknow, Uttar Pradesh - 226001",785664603287,PAKPM6452T,24-08-1993
Rekha Thakur,rekhatha394@icloud.com,7488165280,"House No. 399, 5th Floor, C Wing, Station Road, Jaipur, Rajasthan - 302029",502562608359,GWTPT9440T,22-09-2002
Aryan Chavan,aryancha530@icloud.com,8330050682,"Flat 205, 4th Floor, C Wing, Main Road, Lucknow, Uttar Pradesh - 226028",427777576360,CQPPC2812S,17-12-1996
Krishna Pandey,krishnapan577@icloud.com,8006335578,"House No. 395, 9th Floor, Block E, Park Street, Kolkata, West Bengal - 700003",699126102548,VQLPP7522O,30-08-1967
Ashok Bose,ashokbos497@gmail.com,9141479453,"Flat 67, 4th Floor, A Wing, Link Road, Ahmedabad, Gujarat - 380015",415175135924,MZRPB1209K,01-04-1971
Ananya Choudhury,ananyacho756@hotmail.com,7894879655,"Plot No. 481, 8th Floor, A Wing, Main Road, Kolkata, West Bengal - 700144",561391155763,AMKPC7032V,08-07-1998
Aadhya Sheikh,aadhyashe142@hotmail.com,7866932692,"Villa 74, 3th Floor, B Wing, Station Road, Kochi, Kerala - 682002",448944053536,BIUPS8556P,04-02-1982
Gaurav Mishra,gauravmis373@hotmail.com,8113397369,"Villa 322, 6th Floor, C Wing, Ring Road, Nagpur, Maharashtra - 440007",621730806864,BZHPM5630U,05-01-2003
Dinesh Shah,dineshsha908@outlook.com,9525386306,"Plot No. 118, 11th Floor, Block E, Link Road, Coimbatore, Tamil Nadu - 641006",301997379157,ZJZPS8825V,29-04-1981
Anita Thakur,anita.thakur27@yahoo.com,8257223851,"Plot No. 424, 13th Floor, Block F, Main Road, Hyderabad, Telangana - 500019",579628771277,YVEPT3232D,01-04-1994
Suresh Gomes,suresh.gomes63@hotmail.com,7107454143,"Flat 357, 8th Floor, Block F, Park Street, Bhubaneswar, Odisha - 751012",837290992016,LQYPG2610K,04-02-1996
Sunita Iyengar,sunita.iyengar71@yahoo.com,7847584061,"Plot No. 72, 9th Floor, B Wing, Link Road, Thiruvananthapuram, Kerala - 695009",728215183104,JZEPI3859H,19-05-1969
Anjali Fernandes,anjali.fernandes34@gmail.com,7446721248,"Villa 293, 1th Floor, A Wing, Ring Road, Bhubaneswar, Odisha - 751017",343859715869,RJXPF4812A,30-07-1987
Rohan Joshi,rohan.joshi78@icloud.com,9588552373,"Flat 327, 9th Floor, A Wing, Link Road, Lucknow, Uttar Pradesh - 226027",629903723210,GVZPJ1139S,15-05-1992
Gaurav Iyer,gauraviye469@yahoo.com,8087273941,"Villa 105, 1th Floor, B Wing, Station Road, Lucknow, Uttar Pradesh - 226030",429225755521,YLSPI7838L,08-04-1988
Yash Sharma,yashsha323@hotmail.com,9969411393,"Flat 350, 4th Floor, Block E, MG Road, Bhubaneswar, Odisha - 751007",420749320053,VKCPS4984F,25-11-1973
Ashok Ansari,ashok.ansari11@gmail.com,7207907834,"Villa 444, 14th Floor, C Wing, Bypass Road, Chandigarh, Chandigarh - 160031",457693222807,IBFPA2465W,12-03-1973
Geeta Gomes,geetagom934@yahoo.com,9974868454,"House No. 281, 5th Floor, Block E, Ring Road, Bhubaneswar, Odisha - 751017",202592675731,GUHPG5492O,27-07-1967
Yash Iyer,yash.iyer31@yahoo.com,9814549123,"House No. 179, 11th Floor, D Wing, Bypass Road, Delhi, Delhi - 110032",322751345340,JQEPI2615L,21-10-1960
Dinesh Rao,dineshrao997@yahoo.com,7732157162,"House No. 121, 14th Floor, Block F, Bypass Road, Bengaluru, Karnataka - 560055",284317034665,WEAPR2961P,09-05-1975
Ramesh Shah,ramesh.shah60@gmail.com,6304311229,"Plot No. 155, 7th Floor, Block F, Main Road, Bengaluru, Karnataka - 560093",951537771831,MXIPS0744V,02-09-1996
Ayaans Thakur,ayaans.thakur91@hotmail.com,9806133655,"Plot No. 445, 2th Floor, Block F, Bypass Road, Pune, Maharashtra - 411031",243625328325,OBEPT3692G,27-12-1988
Aanya Hegde,aanyaheg683@icloud.com,9562927211,"Flat 134, 5th Floor, Block E, MG Road, Nagpur, Maharashtra - 440015",626348142113,IQHPH3946D,16-06-1966
Atharva Gomes,atharva.gomes93@icloud.com,9481200033,"House No. 349, 3th Floor, A Wing, Bypass Road, Thiruvananthapuram, Kerala - 695037",287523314082,SBCPG9814M,11-09-1994
Arnav Banerjee,arnavban851@icloud.com,8993851628,"Plot No. 478, 15th Floor, A Wing, Station Road, Lucknow, Uttar Pradesh - 226004",425105585878,HHLPB2804M,05-12-1992
Suman Bose,sumanbos856@icloud.com,7841319752,"Flat 222, 8th Floor, Block E, Ring Road, Patna, Bihar - 800024",218178895300,YQCPB4636L,13-03-1990
Sandeep Gupta,sandeepgup248@outlook.com,9338936333,"House No. 477, 9th Floor, C Wing, Park Street, Ahmedabad, Gujarat - 380018",589384482356,LNFPG5434Y,10-12-1962
Advait Bajaj,advaitbaj612@yahoo.com,6591258107,"House No. 231, 11th Floor, Block F, Circular Road, Pune, Maharashtra - 411026",444007979912,CLGPB4215C,01-12-1997
Rudra Khanna,rudrakha513@yahoo.com,7774843509,"Villa 484, 15th Floor, A Wing, Station Road, Bengaluru, Karnataka - 560023",308680679328,SCVPK3683U,14-12-1962
Deepak Grover,deepak.grover1@yahoo.com,9685622082,"Plot No. 179, 15th Floor, D Wing, Park Street, Pune, Maharashtra - 411054",889960456722,TEYPG4978T,25-02-1992
Rudra Banerjee,rudra.banerjee66@gmail.com,8180236615,"Flat 251, 7th Floor, A Wing, Station Road, Delhi, Delhi - 110006",512479753837,KREPB9760Y,19-06-1973
Dhruv Chawla,dhruv.chawla78@outlook.com,7152845456,"Plot No. 414, 15th Floor, A Wing, Link Road, Patna, Bihar - 800013",216339359863,UIKPC8126V,02-08-1970
Suman Arora,sumanaro111@hotmail.com,8005119048,"Plot No. 355, 8th Floor, A Wing, Park Street, Mysuru, Karnataka - 570018",621708518450,MBLPA3000X,21-02-1978
Diya Nair,diyanai289@yahoo.com,8142551538,"Villa 433, 2th Floor, B Wing, Bypass Road, Lucknow, Uttar Pradesh - 226012",767666600594,MQYPN9318J,20-10-1994
Prakash Kumar,prakashkum386@hotmail.com,6961772620,"Plot No. 442, 14th Floor, A Wing, Link Road, Chandigarh, Chandigarh - 160062",504249779141,VCTPK8707U,18-05-1976
Aadhya Sharma,aadhya.sharma24@gmail.com,8858982171,"Villa 411, 12th Floor, C Wing, Park Street, Hyderabad, Telangana - 500062",500520292265,YKXPS8116M,18-06-1973
Aanya D'Souza,aanya.d'souza64@yahoo.com,7671535521,"Villa 392, 14th Floor, B Wing, Circular Road, Coimbatore, Tamil Nadu - 641042",781441852428,YQXPD2692Q,16-03-1978
Kabir Bose,kabir.bose29@hotmail.com,8145540512,"House No. 290, 2th Floor, Block E, MG Road, Patna, Bihar - 800006",379503160488,NWYPB4769K,08-10-2001
Pranav Sheikh,pranav.sheikh43@yahoo.com,6018861626,"House No. 186, 1th Floor, D Wing, Link Road, Thiruvananthapuram, Kerala - 695018",708498571717,OAPPS4817E,05-11-1960
Suman Gupta,suman.gupta75@gmail.com,6202858747,"House No. 190, 1th Floor, A Wing, Link Road, Pune, Maharashtra - 411016",989692849973,IMHPG8183T,22-01-2000
Rahul Mehta,rahul.mehta52@yahoo.com,8441306966,"House No. 142, 7th Floor, C Wing, Station Road, Lucknow, Uttar Pradesh - 226012",299202202558,PQMPM5032V,10-09-1985
Shruti Thakur,shruti.thakur73@hotmail.com,9877206762,"Plot No. 135, 6th Floor, Block E, Circular Road, Chandigarh, Chandigarh - 160037",447684288028,SLPPT2136E,06-05-1972
Anjali Kapoor,anjali.kapoor45@icloud.com,8363377853,"Plot No. 97, 8th Floor, A Wing, Park Street, Coimbatore, Tamil Nadu - 641013",238010436952,CDLPK8897Z,04-11-1964
Vivaan Malik,vivaanmal813@hotmail.com,7636251660,"Plot No. 89, 11th Floor, Block E, Link Road, Mumbai, Maharashtra - 400055",932206278420,VOMPM9529A,13-07-1961
Sai Nair,sainai396@yahoo.com,9676728739,"Plot No. 439, 8th Floor, A Wing, Park Street, Delhi, Delhi - 110089",683807362289,BDJPN5474W,21-04-1978
Kiara Sheikh,kiara.sheikh69@hotmail.com,6830370056,"House No. 73, 9th Floor, C Wing, Link Road, Delhi, Delhi - 110025",421629104102,GVXPS1356W,31-07-1965
Ashok Deshmukh,ashokdes753@gmail.com,7829032799,"Villa 485, 3th Floor, Block F, Bypass Road, Delhi, Delhi - 110094",933365923981,QFWPD1807J,05-10-1968
Kabir Verma,kabirver154@icloud.com,7584872057,"Villa 464, 1th Floor, Block E, Link Road, Chennai, Tamil Nadu - 600075",968621403809,CVPPV6355K,06-03-2005
Pooja Gaekwad,pooja.gaekwad75@hotmail.com,8571126087,"House No. 302, 9th Floor, Block F, Station Road, Jaipur, Rajasthan - 302003",703364790717,DLBPG0280K,20-07-2001
Neha Singh,neha.singh86@yahoo.com,6828471219,"House No. 160, 5th Floor, Block F, Link Road, Chandigarh, Chandigarh - 160035",257023756201,AHQPS5183Y,10-08-2004
Naresh Malik,nareshmal979@outlook.com,6644347494,"Villa 242, 4th Floor, Block E, Park Street, Nagpur, Maharashtra - 440023",627733253203,OFVPM4884D,19-06-1984
Meena Kapoor,meenakap727@yahoo.com,8262894382,"House No. 362, 9th Floor, B Wing, Park Street, Pune, Maharashtra - 411015",543581652289,JSYPK2723T,08-03-1995
Ramesh Agarwal,rameshaga960@outlook.com,6040458999,"Villa 6, 10th Floor, Block E, Station Road, Kanpur, Uttar Pradesh - 208010",903749015062,CZMPA1175Z,28-08-1966
Deepak Bajaj,deepakbaj893@gmail.com,7422536420,"Villa 430, 4th Floor, Block E, Circular Road, Jaipur, Rajasthan - 302013",869784836300,AKSPB1868V,06-08-1962
Karan Kapoor,karankap719@hotmail.com,7117251576,"Plot No. 177, 5th Floor, D Wing, Bypass Road, Ahmedabad, Gujarat - 380015",601163082345,WCVPK3431C,03-07-1991
Aarav Yadav,aarav.yadav4@gmail.com,8910702378,"Plot No. 99, 9th Floor, D Wing, Circular Road, Surat, Gujarat - 395005",461191038890,BUEPY1977K,28-08-1976
Neha Khanna,neha.khanna7@yahoo.com,8296446418,"Villa 491, 9th Floor, B Wing, Link Road, Kolkata, West Bengal - 700116",249314704225,ORRPK1502D,06-08-1974
Krishna Thakur,krishnatha106@gmail.com,9753447561,"House No. 362, 2th Floor, D Wing, Link Road, Patna, Bihar - 800011",561465389203,TFRPT3681I,21-05-1963
Riya Yadav,riya.yadav65@gmail.com,7003857597,"Villa 209, 4th Floor, Block F, Park Street, Kolkata, West Bengal - 700036",878032767444,PLXPY2711V,12-10-1978
Vihaan Shah,vihaansha192@outlook.com,7911589087,"Flat 220, 2th Floor, Block F, Main Road, Ahmedabad, Gujarat - 380008",656031713760,FFDPS2405M,09-02-1987
Lata Banerjee,lataban311@yahoo.com,8537831021,"Plot No. 53, 12th Floor, Block E, Bypass Road, Ahmedabad, Gujarat - 380041",763520462330,NJYPB2207L,15-12-1986
Naresh Mukherjee,naresh.mukherjee26@hotmail.com,9234557594,"Villa 340, 10th Floor, C Wing, Bypass Road, Bengaluru, Karnataka - 560068",339000774802,RDUPM8355D,22-05-1961
Vijay Yadav,vijayyad246@hotmail.com,7224046314,"Plot No. 467, 14th Floor, B Wing, Bypass Road, Chandigarh, Chandigarh - 160037",911176021706,BTAPY8898P,12-09-1985
Kiara Malik,kiaramal407@gmail.com,8878164710,"House No. 184, 3th Floor, C Wing, Station Road, Lucknow, Uttar Pradesh - 226004",984504394914,FSDPM6732I,27-07-1987
Shruti Reddy,shrutired994@gmail.com,9616908467,"Plot No. 137, 12th Floor, D Wing, Station Road, Nagpur, Maharashtra - 440011",260526206985,DFVPR4684O,28-09-1978
Rekha Verma,rekha.verma86@outlook.com,9313236082,"Flat 417, 10th Floor, A Wing, Station Road, Bengaluru, Karnataka - 560103",408741678863,WRDPV2198E,09-09-1963
Arjun Khanna,arjunkha345@icloud.com,9902035637,"Flat 181, 3th Floor, Block E, Bypass Road, Bhubaneswar, Odisha - 751023",970179314620,ODPPK4563W,22-08-1999
Prakash Thakur,prakashtha729@hotmail.com,9354790933,"Flat 367, 10th Floor, A Wing, MG Road, Patna, Bihar - 800007",636965540067,ACYPT9696M,25-01-1984
Yash Patel,yash.patel46@hotmail.com,6197699459,"Villa 352, 7th Floor, B Wing, Circular Road, Bhubaneswar, Odisha - 751024",492018362720,OFCPP7957J,07-05-1973
Arnav Choudhury,arnav.choudhury74@gmail.com,6233353682,"House No. 139, 13th Floor, Block F, Link Road, Kochi, Kerala - 682021",645512748619,DNVPC1366I,01-03-1967
Sai Mehta,sai.mehta52@gmail.com,8484145481,"Plot No. 386, 8th Floor, C Wing, Circular Road, Thiruvananthapuram, Kerala - 695035",376984857087,BPKPM7927Z,03-12-1964
Rohan Sharma,rohan.sharma70@outlook.com,9608509263,"House No. 496, 15th Floor, Block F, Main Road, Kanpur, Uttar Pradesh - 208013",668839354523,LMKPS4759X,25-10-2000
Prakash Chatterjee,prakashcha389@yahoo.com,9382687768,"Plot No. 136, 3th Floor, Block E, Link Road, Bhubaneswar, Odisha - 751005",777341094654,EJOPC3041U,20-06-2002
Riya Sheikh,riyashe327@outlook.com,9817803999,"Villa 416, 6th Floor, C Wing, Bypass Road, Chandigarh, Chandigarh - 160050",580416410148,JYJPS4993D,07-09-1996
Vijay Pandey,vijay.pandey8@yahoo.com,8656674717,"Flat 235, 1th Floor, C Wing, MG Road, Bhubaneswar, Odisha - 751013",388023259736,NQPPP5556P,20-07-1970
Diya Chawla,diya.chawla88@icloud.com,7480424163,"House No. 143, 6th Floor, D Wing, Ring Road, Ahmedabad, Gujarat - 380041",663818130255,IOIPC6503V,27-03-1974
Tanvi Gomes,tanvi.gomes15@icloud.com,7973540054,"House No. 250, 12th Floor, Block E, Link Road, Coimbatore, Tamil Nadu - 641023",850324475163,ASWPG0838P,05-06-2005
Aditi Shah,aditisha295@outlook.com,7210808293,"Flat 92, 5th Floor, A Wing, Bypass Road, Kochi, Kerala - 682029",413063142054,DBLPS9284R,26-09-2000
Aarav Gupta,aarav.gupta53@icloud.com,8699539969,"Flat 257, 13th Floor, C Wing, Circular Road, Thiruvananthapuram, Kerala - 695001",821134612154,FAVPG9844J,19-04-1961
Anjali Yash,anjaliyas303@gmail.com,9091318255,"Flat 99, 5th Floor, Block E, Circular Road, Nagpur, Maharashtra - 440006",391218216087,TSSPY9680H,02-05-1974
Aditi Bose,aditi.bose22@hotmail.com,6594237732,"Plot No. 464, 2th Floor, B Wing, Circular Road, Patna, Bihar - 800014",853043527315,YRRPB6190J,14-12-1988
Atharva Pandey,atharvapan954@outlook.com,9781947447,"Villa 201, 4th Floor, C Wing, Ring Road, Coimbatore, Tamil Nadu - 641015",409944940949,UEVPP2616U,14-05-1969
Aadhya Singh,aadhya.singh29@hotmail.com,7903490541,"House No. 265, 4th Floor, B Wing, Bypass Road, Mumbai, Maharashtra - 400070",528085855519,PZDPS7739K,14-06-1990
Aadhya Kulkarni,aadhyakul351@yahoo.com,9726955328,"Plot No. 482, 8th Floor, B Wing, Main Road, Ahmedabad, Gujarat - 380059",880835490869,TVHPK3685K,24-05-1994
Krishna Banerjee,krishna.banerjee22@gmail.com,7408683938,"House No. 167, 1th Floor, Block F, Circular Road, Coimbatore, Tamil Nadu - 641039",750033302739,ISNPB8557C,28-08-1971
Sunita Chawla,sunitacha143@gmail.com,6334314395,"Plot No. 311, 13th Floor, Block E, Ring Road, Kanpur, Uttar Pradesh - 208004",545262210631,PCIPC5487N,23-05-1973
Sunita Chatterjee,sunitacha879@hotmail.com,9475672696,"Flat 31, 14th Floor, C Wing, Main Road, Thiruvananthapuram, Kerala - 695038",574973781403,WXRPC0319U,22-08-2003
Suman Gomes,sumangom391@hotmail.com,9913727564,"Plot No. 492, 15th Floor, Block F, MG Road, Kanpur, Uttar Pradesh - 208004",666045514815,JTZPG6103X,29-07-1996
Asha Chavan,ashacha674@yahoo.com,8532928613,"House No. 493, 5th Floor, B Wing, Bypass Road, Chandigarh, Chandigarh - 160021",585649316370,ZPXPC4958G,04-06-1990
Ashok Grover,ashok.grover12@gmail.com,8069931176,"Plot No. 401, 6th Floor, A Wing, Circular Road, Kanpur, Uttar Pradesh - 208011",428881574443,CGQPG0051H,05-08-1987
Anjali D'Souza,anjali.d'souza97@yahoo.com,8724270117,"Plot No. 434, 10th Floor, C Wing, Bypass Road, Nagpur, Maharashtra - 440014",814096499505,IYGPD4941B,20-12-1977
Aditya Sen,adityasen229@outlook.com,7926261649,"Plot No. 315, 7th Floor, Block F, Main Road, Chandigarh, Chandigarh - 160049",267662702260,MPEPS8338C,29-11-1988
Aditya Nair,aditya.nair20@yahoo.com,9300828295,"House No. 6, 12th Floor, D Wing, Circular Road, Thiruvananthapuram, Kerala - 695007",240731186314,ODLPN8926N,26-11-1962
Ananya Yadav,ananyayad287@yahoo.com,7857802801,"House No. 159, 7th Floor, B Wing, Circular Road, Chennai, Tamil Nadu - 600028",937823780161,RDNPY2111K,08-01-1998
Mahesh Yash,maheshyas140@outlook.com,6146365119,"Villa 448, 12th Floor, D Wing, Station Road, Nagpur, Maharashtra - 440026",603640624702,MZXPY6810G,29-01-1966
Pooja Sheikh,poojashe858@hotmail.com,8670042258,"House No. 496, 13th Floor, A Wing, Park Street, Coimbatore, Tamil Nadu - 641025",592178305587,MREPS1338G,11-04-1973
Deepak Shah,deepaksha530@outlook.com,7323511563,"Villa 141, 9th Floor, Block F, Ring Road, Delhi, Delhi - 110033",814020857882,TQWPS3448R,17-05-1982
Mahesh Bose,maheshbos894@icloud.com,9677744172,"Plot No. 281, 8th Floor, Block F, MG Road, Thiruvananthapuram, Kerala - 695035",674712483445,FCCPB9535P,01-12-2005
Aarav Pandey,aarav.pandey10@icloud.com,7075844421,"Plot No. 420, 15th Floor, C Wing, Main Road, Kolkata, West Bengal - 700051",652499630556,UCAPP3797N,10-08-1975
Kriti Hegde,kriti.hegde52@gmail.com,8244562837,"Flat 195, 5th Floor, Block E, Circular Road, Hyderabad, Telangana - 500067",322544970634,MUXPH3998X,16-02-1970
Vijay Agarwal,vijay.agarwal17@icloud.com,8829173143,"Flat 121, 6th Floor, A Wing, Park Street, Lucknow, Uttar Pradesh - 226011",892952866558,XAOPA3754O,31-01-1998
Ananya Grover,ananyagro327@gmail.com,8665331191,"House No. 276, 6th Floor, B Wing, Link Road, Mysuru, Karnataka - 570019",281213153965,DRRPG9990I,01-04-1993
Arjun Iyer,arjun.iyer12@gmail.com,9790855507,"Flat 397, 6th Floor, Block E, Ring Road, Patna, Bihar - 800024",579123100396,HYNPI1043Y,22-01-1985
Reyansh Roy,reyansh.roy56@hotmail.com,9332371856,"Villa 372, 11th Floor, D Wing, MG Road, Kanpur, Uttar Pradesh - 208006",719234763238,LASPR9964E,01-05-1961
Ashok Khanna,ashokkha219@hotmail.com,7593338168,"House No. 171, 15th Floor, C Wing, Ring Road, Pune, Maharashtra - 411034",231073852038,GIDPK7357R,18-03-1972
Aarav Iyengar,aaraviye854@gmail.com,7397875772,"Flat 357, 11th Floor, C Wing, Bypass Road, Hyderabad, Telangana - 500046",946648960170,MGBPI9360J,03-07-1998
Aadhya Thakur,aadhya.thakur16@gmail.com,9484979594,"Flat 94, 11th Floor, B Wing, MG Road, Mumbai, Maharashtra - 400041",535251145503,GSQPT5824J,21-12-1989
Sunita Mukherjee,sunita.mukherjee2@gmail.com,8871570911,"House No. 28, 9th Floor, Block F, Link Road, Coimbatore, Tamil Nadu - 641008",972233135732,ZJNPM9695P,23-05-1992
Rahul Verma,rahulver146@gmail.com,6467010901,"Flat 444, 10th Floor, B Wing, Circular Road, Lucknow, Uttar Pradesh - 226026",385278750439,DJRPV8467F,14-01-2004
Kavita Kumar,kavitakum244@gmail.com,8393972425,"Plot No. 81, 8th Floor, Block E, Ring Road, Kanpur, Uttar Pradesh - 208006",677556681461,YOAPK4854G,18-11-1992
Saanvi Joshi,saanvi.joshi91@outlook.com,9275204258,"House No. 50, 11th Floor, C Wing, Ring Road, Delhi, Delhi - 110047",872632619970,CWHPJ5416X,12-05-1972
Preeti Shah,preeti.shah15@gmail.com,7401855297,"Plot No. 174, 6th Floor, Block F, MG Road, Bhubaneswar, Odisha - 751012",958837630851,BUPPS9804G,04-01-1971
Riya Choudhury,riyacho411@outlook.com,6171257938,"Plot No. 312, 8th Floor, A Wing, Link Road, Thiruvananthapuram, Kerala - 695041",237636703796,GIOPC3774F,29-09-1991
Vihaan Hegde,vihaanheg795@gmail.com,9698819808,"Plot No. 56, 6th Floor, C Wing, Main Road, Thiruvananthapuram, Kerala - 695020",940076583413,UNVPH3491E,09-02-1964
Ramesh Hegde,ramesh.hegde78@outlook.com,8415156819,"House No. 429, 5th Floor, B Wing, Park Street, Bengaluru, Karnataka - 560037",685886863303,OUFPH2182A,10-12-1981
Kiara Patel,kiara.patel98@yahoo.com,8287748816,"Flat 75, 11th Floor, D Wing, Main Road, Coimbatore, Tamil Nadu - 641004",758541210161,NQUPP7643P,17-04-1981
Reyansh Fernandes,reyanshfer392@outlook.com,8799543921,"Villa 13, 5th Floor, B Wing, Link Road, Kochi, Kerala - 682042",658268480543,LXWPF1501X,11-03-1970
Rohan Reddy,rohan.reddy61@icloud.com,8125172833,"Plot No. 94, 15th Floor, C Wing, Ring Road, Kolkata, West Bengal - 700128",351617148397,BKFPR3805M,30-11-1977
Rajesh Iyengar,rajesh.iyengar54@outlook.com,7981365904,"Plot No. 449, 9th Floor, Block F, Ring Road, Kochi, Kerala - 682019",752256180797,EJNPI8984Y,14-10-1965
Aditi Gaekwad,aditi.gaekwad37@hotmail.com,7201370297,"Plot No. 223, 2th Floor, A Wing, Link Road, Jaipur, Rajasthan - 302035",857204822879,SAWPG3177S,13-10-1969
Shruti Joshi,shruti.joshi32@icloud.com,9753621088,"Plot No. 389, 7th Floor, A Wing, Ring Road, Jaipur, Rajasthan - 302002",279173476239,XKWPJ9493V,29-08-1984
Sai Choudhury,sai.choudhury14@hotmail.com,8766288714,"Villa 80, 11th Floor, Block F, Bypass Road, Bengaluru, Karnataka - 560072",816864300542,HGGPC6753O,15-06-2003
Krishna Choudhury,krishna.choudhury30@hotmail.com,9730522168,"Plot No. 467, 15th Floor, Block F, Link Road, Bhubaneswar, Odisha - 751022",979563546640,IJGPC2379Y,25-01-1975
Sneha Grover,snehagro380@icloud.com,7026144815,"House No. 486, 12th Floor, D Wing, Circular Road, Nagpur, Maharashtra - 440003",621747004624,UHTPG2978P,05-04-2002
Om Ansari,om.ansari16@yahoo.com,7615673978,"Villa 469, 2th Floor, C Wing, MG Road, Chandigarh, Chandigarh - 160052",291825612829,LKLPA1216S,13-05-1965
Geeta Deshmukh,geetades203@icloud.com,8456977709,"House No. 29, 12th Floor, B Wing, MG Road, Hyderabad, Telangana - 500071",918253458994,WPVPD9783N,17-08-1960
Harish Patel,harishpat111@gmail.com,7010466379,"Villa 412, 12th Floor, C Wing, MG Road, Bhubaneswar, Odisha - 751004",741616841033,PRRPP0140B,11-06-1985
Dinesh Rao,dinesh.rao85@outlook.com,6275237780,"Villa 497, 9th Floor, Block E, Bypass Road, Bengaluru, Karnataka - 560016",788721205737,SWZPR0905S,27-09-1997
Shaurya Gomes,shaurya.gomes5@icloud.com,9046538736,"Plot No. 277, 10th Floor, A Wing, Ring Road, Delhi, Delhi - 110061",267553834798,GRBPG0564A,14-03-1965
Rudra Malik,rudra.malik63@yahoo.com,6929761654,"Plot No. 184, 1th Floor, B Wing, Park Street, Kanpur, Uttar Pradesh - 208008",457965260781,HFRPM7757N,02-09-1976
Krishna Trivedi,krishnatri140@outlook.com,6964663686,"Villa 454, 12th Floor, B Wing, Station Road, Kolkata, West Bengal - 700026",930138603794,IGPPT6626T,21-09-1998
Rekha Thakur,rekhatha736@hotmail.com,6488586866,"Flat 92, 2th Floor, B Wing, Park Street, Mysuru, Karnataka - 570010",245445457140,YQVPT3684U,21-04-1977
Rekha Iyer,rekha.iyer21@icloud.com,9493502414,"House No. 367, 5th Floor, A Wing, MG Road, Jaipur, Rajasthan - 302028",468280549206,EKVPI9214Z,06-06-1970
Kabir Kumar,kabir.kumar81@outlook.com,9531896895,"Plot No. 153, 9th Floor, A Wing, Main Road, Jaipur, Rajasthan - 302005",762808114251,LGYPK2442Y,02-02-1986
Asha Yash,asha.yash85@yahoo.com,9987010840,"House No. 449, 1th Floor, Block E, Main Road, Ahmedabad, Gujarat - 380033",243521356536,OKRPY2397Q,11-04-1982
Dev Rao,dev.rao95@hotmail.com,6782512695,"Plot No. 360, 15th Floor, Block F, MG Road, Nagpur, Maharashtra - 440015",674083081113,XFJPR1194S,28-02-1984
Dhruv Grover,dhruvgro894@outlook.com,8205116841,"Flat 459, 7th Floor, B Wing, Circular Road, Kanpur, Uttar Pradesh - 208006",818611891794,EZDPG0915W,12-11-1998
Tanvi Chatterjee,tanvicha190@icloud.com,9769861150,"Flat 135, 2th Floor, B Wing, Ring Road, Delhi, Delhi - 110001",744232114324,GAPPC3528I,08-11-1965
Sneha Yash,snehayas302@gmail.com,7003157910,"Villa 37, 12th Floor, Block E, Link Road, Coimbatore, Tamil Nadu - 641034",636614130561,DOWPY2391I,25-07-1994
Kabir Nair,kabirnai366@icloud.com,6769116540,"Villa 35, 6th Floor, C Wing, Park Street, Jaipur, Rajasthan - 302029",530392321751,YYPPN5240O,25-03-1964
Arjun Malhotra,arjun.malhotra72@yahoo.com,8490065791,"Plot No. 11, 15th Floor, Block F, Park Street, Chennai, Tamil Nadu - 600039",660544296258,BVRPM5778F,11-06-1997
Naresh Sheikh,nareshshe199@yahoo.com,6213959900,"Villa 351, 7th Floor, C Wing, Link Road, Ahmedabad, Gujarat - 380053",234755172303,ADWPS8037N,16-01-1969
Harish Kulkarni,harishkul735@icloud.com,9646679138,"Flat 152, 9th Floor, Block F, Station Road, Mumbai, Maharashtra - 400009",619260378275,VNWPK0839C,07-10-2004
Priya Reddy,priya.reddy62@hotmail.com,7549791710,"Plot No. 41, 12th Floor, Block F, Main Road, Kanpur, Uttar Pradesh - 208009",247706662583,HVSPR3037W,30-07-1992
Amit Sen,amitsen435@outlook.com,8093692694,"Flat 80, 6th Floor, Block F, Station Road, Mumbai, Maharashtra - 400071",633831110915,XPDPS0300A,17-02-1965
Shaurya Fernandes,shaurya.fernandes7@hotmail.com,8080512088,"Flat 498, 12th Floor, D Wing, Ring Road, Bengaluru, Karnataka - 560075",802850555809,CVQPF6223E,07-06-1986
Meena Gaekwad,meenagae781@icloud.com,8961540572,"Plot No. 282, 6th Floor, B Wing, Station Road, Coimbatore, Tamil Nadu - 641031",408033483338,VXTPG3177V,30-05-1966
Priya Kulkarni,priya.kulkarni99@icloud.com,6634223848,"Flat 399, 3th Floor, D Wing, Station Road, Kanpur, Uttar Pradesh - 208001",800304874391,QHPPK0672L,06-01-1990
Sneha Grover,sneha.grover72@gmail.com,6012981580,"Flat 482, 5th Floor, B Wing, Park Street, Chennai, Tamil Nadu - 600129",762818276243,VJAPG4583J,09-10-1987
Kavita Yadav,kavitayad982@yahoo.com,8675385919,"Flat 286, 13th Floor, A Wing, Bypass Road, Bengaluru, Karnataka - 560017",203474649290,HKBPY5973Y,01-05-2005
Pooja Gomes,pooja.gomes92@gmail.com,9215975903,"House No. 130, 3th Floor, B Wing, Station Road, Coimbatore, Tamil Nadu - 641002",299927487104,QXLPG6064M,29-12-1995
Ramesh Mehta,ramesh.mehta12@icloud.com,7622045245,"Plot No. 139, 5th Floor, A Wing, MG Road, Coimbatore, Tamil Nadu - 641010",856574331906,TADPM6143Q,13-02-1962
Sunita Nair,sunita.nair9@icloud.com,6705423037,"House No. 410, 3th Floor, D Wing, Circular Road, Delhi, Delhi - 110090",517171537148,PJEPN7065K,25-12-1968
Kabir Arora,kabiraro805@outlook.com,9153995264,"House No. 370, 4th Floor, A Wing, Bypass Road, Bhubaneswar, Odisha - 751028",817414992464,YOCPA2123U,08-03-1982
Meena Shetty,meena.shetty23@gmail.com,6919335168,"Villa 79, 8th Floor, C Wing, Link Road, Bhubaneswar, Odisha - 751016",388304317862,ANZPS6126R,24-06-1969
Aanya Shah,aanya.shah63@hotmail.com,6793349503,"Plot No. 231, 7th Floor, Block E, Circular Road, Chandigarh, Chandigarh - 160040",214845216612,XVFPS3268X,24-08-2004
Anita Grover,anita.grover17@yahoo.com,8131642206,"Villa 53, 2th Floor, A Wing, Bypass Road, Patna, Bihar - 800003",504079638583,RTRPG3334D,28-09-1999
Sandeep Verma,sandeep.verma37@yahoo.com,8017310730,"Plot No. 224, 10th Floor, B Wing, Link Road, Delhi, Delhi - 110013",640167412248,NIAPV9394E,13-01-1990
Aanya Chavan,aanyacha261@gmail.com,9634557387,"Flat 246, 13th Floor, C Wing, MG Road, Ahmedabad, Gujarat - 380009",256896672498,AMYPC3937S,01-01-1994
Riya Sen,riya.sen52@outlook.com,6238997098,"Flat 470, 4th Floor, C Wing, Park Street, Kochi, Kerala - 682030",571196959413,XEOPS3093H,05-02-1996
Reyansh Nair,reyanshnai584@icloud.com,8955940841,"Flat 431, 8th Floor, A Wing, MG Road, Kochi, Kerala - 682006",331260734431,WUZPN2115Z,29-03-1994
Satish Shetty,satish.shetty65@yahoo.com,6581606360,"Villa 116, 15th Floor, Block F, Park Street, Jaipur, Rajasthan - 302030",421467045444,BYRPS4857P,10-01-1975
Anita Shah,anita.shah42@yahoo.com,8073560659,"Plot No. 424, 10th Floor, D Wing, Main Road, Chandigarh, Chandigarh - 160027",883454827212,LEPPS7003Y,07-02-1964
Advait Joshi,advait.joshi89@hotmail.com,8353035457,"Plot No. 297, 5th Floor, Block F, Link Road, Bhubaneswar, Odisha - 751021",622588722654,AZRPJ6084S,15-08-1974
Dev Pillai,dev.pillai41@icloud.com,9238483132,"Flat 261, 3th Floor, D Wing, Circular Road, Nagpur, Maharashtra - 440027",881351906930,OPQPP9057A,02-10-1970
Atharva Arora,atharva.arora63@gmail.com,9964192085,"Flat 464, 8th Floor, A Wing, Station Road, Bengaluru, Karnataka - 560038",702835710017,QPEPA2728T,22-02-2002
Priya Bose,priyabos977@icloud.com,9473791492,"House No. 405, 8th Floor, B Wing, Link Road, Mumbai, Maharashtra - 400087",592394630838,UMCPB4290B,13-01-1969
Anita Mukherjee,anita.mukherjee57@icloud.com,8553530243,"House No. 404, 15th Floor, Block E, Circular Road, Chennai, Tamil Nadu - 600069",375974553833,TARPM8773D,21-12-1985
Shaurya Patel,shaurya.patel36@icloud.com,8974307708,"Plot No. 457, 6th Floor, Block E, Park Street, Jaipur, Rajasthan - 302008",583859008611,WKCPP6452A,20-09-2005
Om Choudhury,omcho636@hotmail.com,6211090993,"House No. 471, 13th Floor, C Wing, Bypass Road, Patna, Bihar - 800005",540006094363,WWEPC5280T,12-06-1984
Vijay Iyengar,vijay.iyengar25@hotmail.com,9762707677,"Villa 264, 5th Floor, Block E, Ring Road, Ahmedabad, Gujarat - 380011",348703488422,IDJPI0313J,17-05-1992
Sanjay Chawla,sanjay.chawla67@icloud.com,8733776747,"House No. 239, 4th Floor, C Wing, Station Road, Kanpur, Uttar Pradesh - 208015",271840952569,AUZPC2448M,18-08-1966
Aditi Chawla,aditi.chawla56@outlook.com,7181685732,"House No. 416, 8th Floor, Block E, Bypass Road, Delhi, Delhi - 110093",363365526833,OIOPC2193D,11-01-1997
Harsh Mishra,harsh.mishra64@gmail.com,6876526456,"Flat 176, 12th Floor, B Wing, Bypass Road, Pune, Maharashtra - 411004",665149898502,XGJPM8951Z,14-09-1988
Diya Trivedi,diyatri671@icloud.com,6207602193,"Plot No. 186, 15th Floor, D Wing, Main Road, Bengaluru, Karnataka - 560029",360740809369,WLQPT7056I,30-03-1988
Kavita Rao,kavita.rao17@icloud.com,6408645388,"House No. 201, 3th Floor, Block E, Ring Road, Nagpur, Maharashtra - 440006",736229977678,ITDPR9260F,06-10-1976
Anita Joshi,anita.joshi27@icloud.com,6164281811,"Villa 123, 13th Floor, Block E, Park Street, Delhi, Delhi - 110036",532693315140,NJSPJ8481N,15-08-1967
Kriti Banerjee,kritiban971@gmail.com,9477822201,"Villa 494, 1th Floor, Block F, Link Road, Nagpur, Maharashtra - 440009",642761066974,WRCPB5654X,28-03-1963
Rahul Kulkarni,rahul.kulkarni98@outlook.com,8995197227,"House No. 431, 7th Floor, A Wing, Circular Road, Delhi, Delhi - 110028",563445661820,NASPK0748M,24-03-2003
Sai Iyer,sai.iyer84@hotmail.com,8609071084,"Flat 158, 1th Floor, D Wing, Park Street, Kolkata, West Bengal - 700124",267568736409,KYSPI1489H,02-05-2005
Sanjay Thakur,sanjaytha243@outlook.com,7768227665,"Villa 342, 14th Floor, D Wing, Link Road, Lucknow, Uttar Pradesh - 226016",228532581394,JUAPT1070I,30-11-1960
Karan Singh,karan.singh57@hotmail.com,6827850879,"House No. 409, 3th Floor, Block E, Ring Road, Jaipur, Rajasthan - 302035",320302334807,OPLPS8741U,02-09-1965
Pranav Mehta,pranavmeh573@hotmail.com,9769329540,"House No. 450, 14th Floor, Block E, Main Road, Kanpur, Uttar Pradesh - 208018",241517245838,AFPPM8492C,23-12-1982
Neha Verma,neha.verma51@hotmail.com,8215518029,"Villa 488, 15th Floor, B Wing, Main Road, Kolkata, West Bengal - 700110",940064178906,NQYPV0242I,25-11-1974
Vijay Gupta,vijay.gupta31@icloud.com,9797001690,"Plot No. 160, 14th Floor, Block F, Bypass Road, Kanpur, Uttar Pradesh - 208018",912679270439,PDMPG2347H,02-04-1966
Advait Nair,advait.nair31@icloud.com,8209862296,"Villa 232, 6th Floor, Block E, MG Road, Chandigarh, Chandigarh - 160021",568785609519,PGRPN2259Q,18-02-1987
Rahul Grover,rahulgro258@icloud.com,7944012792,"Plot No. 154, 6th Floor, A Wing, Link Road, Mumbai, Maharashtra - 400097",561477354571,KHTPG9558E,07-09-1969
Aryan Sheikh,aryanshe341@gmail.com,7280569223,"Flat 463, 12th Floor, B Wing, Circular Road, Bengaluru, Karnataka - 560092",655123006511,QCCPS0338T,09-06-1975
Ashok Reddy,ashokred829@hotmail.com,7343132162,"Villa 330, 3th Floor, C Wing, Circular Road, Bhubaneswar, Odisha - 751008",210271416475,CMDPR8278U,01-09-1988
Dinesh Mehta,dineshmeh413@icloud.com,8538120580,"Villa 153, 1th Floor, A Wing, Link Road, Kochi, Kerala - 682002",296031089810,ANHPM4580I,15-04-1987
Diya Choudhury,diyacho296@yahoo.com,8562440758,"Villa 272, 3th Floor, A Wing, Main Road, Ahmedabad, Gujarat - 380020",903920248211,TDZPC6004P,03-08-1962
Anjali Sheikh,anjalishe529@icloud.com,6519150468,"Villa 199, 6th Floor, Block F, Main Road, Thiruvananthapuram, Kerala - 695014",647363918053,OIYPS9738T,07-05-2004
Naresh Thakur,nareshtha515@outlook.com,7731149364,"Villa 292, 5th Floor, Block F, Bypass Road, Kochi, Kerala - 682030",935612858113,PWZPT3418C,09-01-1994
Ayaans Bose,ayaans.bose5@outlook.com,6997483366,"House No. 195, 6th Floor, A Wing, Bypass Road, Bengaluru, Karnataka - 560090",753202169345,LMIPB8677E,03-03-1982
Harish Shetty,harishshe244@outlook.com,8229970128,"House No. 397, 9th Floor, D Wing, Station Road, Kolkata, West Bengal - 700083",476233799508,TRTPS8235E,06-02-1996
Vihaan Trivedi,vihaan.trivedi88@gmail.com,9946628598,"Flat 67, 4th Floor, B Wing, Bypass Road, Hyderabad, Telangana - 500038",277263973658,FVZPT3754P,08-09-1980
Kabir Deshmukh,kabir.deshmukh33@yahoo.com,7957785912,"Flat 100, 12th Floor, Block E, Park Street, Mysuru, Karnataka - 570009",451511404300,BLDPD7935E,14-11-1960
Ishaan Agarwal,ishaanaga745@hotmail.com,8489528622,"House No. 395, 6th Floor, Block F, MG Road, Pune, Maharashtra - 411047",600492226717,OWEPA0912L,15-01-1994
Harsh Agarwal,harsh.agarwal16@icloud.com,9937939751,"House No. 441, 13th Floor, Block E, MG Road, Pune, Maharashtra - 411029",823946619526,CHFPA5318Y,29-04-1981
Asha D'Souza,asha.d'souza80@gmail.com,9061322040,"Flat 279, 5th Floor, Block E, Bypass Road, Mumbai, Maharashtra - 400058",359973706632,TFQPD7105F,04-10-1993
Kabir Rao,kabir.rao9@gmail.com,9853413327,"Plot No. 353, 12th Floor, Block F, Bypass Road, Chandigarh, Chandigarh - 160020",827714875439,SQWPR1466W,07-12-1980
Vikram Shetty,vikramshe314@gmail.com,7079693215,"Villa 385, 12th Floor, C Wing, Station Road, Ahmedabad, Gujarat - 380006",798806999487,BZMPS0490U,06-11-1977
Arjun Sen,arjun.sen25@yahoo.com,9697685501,"Flat 309, 7th Floor, Block F, Bypass Road, Kanpur, Uttar Pradesh - 208026",906290638747,GNJPS0475Q,10-01-1965
Meena Mukherjee,meena.mukherjee32@gmail.com,7237433701,"Villa 490, 4th Floor, B Wing, Bypass Road, Surat, Gujarat - 395011",464062494521,MILPM0192E,04-01-2004
Advait Gupta,advait.gupta35@yahoo.com,8743762689,"Flat 163, 10th Floor, B Wing, Circular Road, Kolkata, West Bengal - 700125",469030008494,IKVPG2241J,03-04-1980
Arnav Trivedi,arnavtri444@outlook.com,6788459212,"House No. 476, 10th Floor, C Wing, Station Road, Coimbatore, Tamil Nadu - 641041",664311019683,QAUPT9142G,12-03-2002
Pooja Shah,pooja.shah18@yahoo.com,9247214506,"Plot No. 242, 10th Floor, D Wing, Circular Road, Bengaluru, Karnataka - 560061",538808828310,HNNPS1369X,01-05-1976
Satish Chavan,satishcha584@icloud.com,7780931934,"Flat 188, 1th Floor, Block E, Park Street, Chennai, Tamil Nadu - 600043",801762776570,VFIPC3002T,25-03-1973
Om Iyengar,om.iyengar14@outlook.com,8509499357,"Villa 234, 7th Floor, B Wing, Park Street, Mysuru, Karnataka - 570022",916960304260,PYXPI3593R,17-06-1982
Shaurya Shetty,shauryashe918@outlook.com,7509274310,"House No. 296, 8th Floor, A Wing, Station Road, Lucknow, Uttar Pradesh - 226022",706802081515,PGUPS2554Y,22-12-1968
Ashok Sharma,ashoksha955@hotmail.com,9678651851,"Villa 471, 11th Floor, A Wing, Bypass Road, Patna, Bihar - 800003",494053398677,JRRPS7560Z,27-01-1970
Amit Shetty,amit.shetty40@gmail.com,9250217486,"House No. 25, 1th Floor, C Wing, Ring Road, Nagpur, Maharashtra - 440003",375580611503,VQKPS8468I,26-11-1980
Ishaan Singh,ishaan.singh99@gmail.com,8110656675,"Villa 436, 8th Floor, Block F, Circular Road, Patna, Bihar - 800017",730962097227,BQJPS2052M,12-03-1960
Riya Bajaj,riyabaj634@gmail.com,6814936312,"Villa 266, 4th Floor, B Wing, Station Road, Kolkata, West Bengal - 700139",863590972592,IWJPB4270S,10-09-1996
Harish Kapoor,harish.kapoor53@icloud.com,7273127915,"House No. 423, 15th Floor, Block E, Main Road, Lucknow, Uttar Pradesh - 226014",693190613836,GNLPK0452N,15-02-1968
Satish Reddy,satishred535@yahoo.com,8354876263,"Villa 308, 11th Floor, A Wing, Ring Road, Patna, Bihar - 800010",299404727072,ZDCPR6228P,11-07-1979
Vikram Chawla,vikram.chawla32@hotmail.com,7786703226,"Flat 57, 14th Floor, B Wing, Ring Road, Surat, Gujarat - 395007",606159471858,VOWPC7534Y,10-09-1994
Preeti Deshmukh,preetides171@gmail.com,7748153375,"Plot No. 336, 3th Floor, B Wing, Ring Road, Kolkata, West Bengal - 700015",899598949009,HACPD2175A,15-03-1972
Yash Reddy,yash.reddy15@gmail.com,8201497557,"Plot No. 28, 14th Floor, B Wing, Park Street, Hyderabad, Telangana - 500053",587038474134,OGWPR5098N,18-06-1970
Sanjay Kumar,sanjaykum576@yahoo.com,6240533154,"Plot No. 321, 4th Floor, D Wing, Park Street, Lucknow, Uttar Pradesh - 226020",323763529365,KNSPK5894F,02-06-1987
Meena Iyengar,meena.iyengar5@icloud.com,9582514341,"House No. 468, 6th Floor, A Wing, Station Road, Lucknow, Uttar Pradesh - 226007",560505357369,YVNPI8727J,14-08-1999
Harsh Khan,harsh.khan39@icloud.com,6297943255,"Plot No. 160, 1th Floor, C Wing, Link Road, Thiruvananthapuram, Kerala - 695036",803448387176,AEPPK9935D,23-01-1998
Anjali Joshi,anjali.joshi26@gmail.com,6185514632,"Plot No. 448, 7th Floor, B Wing, Bypass Road, Bhubaneswar, Odisha - 751004",413055782629,PKTPJ8796C,25-08-1980
Saanvi Choudhury,saanvicho199@outlook.com,8749925603,"Flat 142, 12th Floor, B Wing, MG Road, Chandigarh, Chandigarh - 160037",796739852664,GZCPC4698Y,08-12-1963
Vikram Shetty,vikramshe361@outlook.com,7588598071,"Villa 15, 14th Floor, Block E, Circular Road, Mysuru, Karnataka - 570007",333349322906,AQAPS9196J,09-05-1992
Anjali Hegde,anjali.hegde95@yahoo.com,7136119980,"Plot No. 465, 15th Floor, A Wing, Park Street, Pune, Maharashtra - 411041",277860399833,PNCPH3679D,25-05-1989
Vivaan D'Souza,vivaand's921@gmail.com,7107539577,"Villa 190, 6th Floor, Block F, Circular Road, Delhi, Delhi - 110072",459823772149,AEBPD3828Q,24-05-1997
Aanya Reddy,aanyared202@hotmail.com,8116280095,"Plot No. 25, 11th Floor, C Wing, Link Road, Lucknow, Uttar Pradesh - 226016",643134795513,UCFPR1000Q,20-05-1974
Vihaan Gaekwad,vihaangae134@hotmail.com,9217651747,"Plot No. 242, 6th Floor, A Wing, Ring Road, Kochi, Kerala - 682042",935225289135,CZGPG3005K,21-08-1966
Sunita Chatterjee,sunita.chatterjee16@yahoo.com,7468803699,"Flat 203, 6th Floor, C Wing, Ring Road, Chennai, Tamil Nadu - 600044",307691549317,JURPC9684B,14-01-1989
Kiara Shetty,kiarashe135@outlook.com,7950310965,"House No. 167, 11th Floor, D Wing, Link Road, Nagpur, Maharashtra - 440031",569497652403,IZVPS7375R,06-09-1980
Anita Fernandes,anitafer258@gmail.com,7511828091,"Villa 80, 11th Floor, C Wing, Station Road, Mumbai, Maharashtra - 400041",979464119771,HJJPF8351X,09-06-1980
Riya Chavan,riya.chavan17@gmail.com,6282240516,"Villa 345, 13th Floor, D Wing, Park Street, Delhi, Delhi - 110076",403722540795,KUPPC1756R,16-03-2000
Satish Malhotra,satish.malhotra58@hotmail.com,7941158242,"House No. 314, 14th Floor, D Wing, Circular Road, Bengaluru, Karnataka - 560021",259913153979,VFTPM4483G,21-10-1980
Asha Khanna,ashakha600@yahoo.com,9148163711,"Plot No. 427, 15th Floor, C Wing, Park Street, Coimbatore, Tamil Nadu - 641018",273010487657,BKHPK5632K,12-02-1972
Sandeep Nair,sandeepnai565@gmail.com,8018375400,"House No. 114, 2th Floor, B Wing, MG Road, Chandigarh, Chandigarh - 160034",569189159581,FSPPN8958O,05-02-1991
Dinesh Verma,dinesh.verma39@outlook.com,9505801528,"Flat 50, 12th Floor, Block F, Bypass Road, Coimbatore, Tamil Nadu - 641016",290916285000,AOJPV6546Z,13-09-2005
Sanjay Iyer,sanjayiye113@gmail.com,8750969168,"Plot No. 69, 5th Floor, B Wing, Bypass Road, Kolkata, West Bengal - 700100",956950960162,XCOPI3623O,02-08-1978
Gaurav Kapoor,gauravkap107@yahoo.com,9083866284,"Flat 343, 9th Floor, Block F, MG Road, Kanpur, Uttar Pradesh - 208015",499967622625,POXPK2651D,22-06-1997
Harsh Thakur,harsh.thakur79@hotmail.com,7445819153,"Villa 163, 10th Floor, Block F, Bypass Road, Nagpur, Maharashtra - 440035",229594656602,ZHHPT5075K,05-07-2001
Geeta Joshi,geetajos518@yahoo.com,8658828900,"House No. 303, 14th Floor, Block E, Station Road, Delhi, Delhi - 110042",962624019577,AWFPJ4404P,27-02-1972
Kavita Deshmukh,kavita.deshmukh17@yahoo.com,6627690460,"House No. 175, 5th Floor, D Wing, Ring Road, Pune, Maharashtra - 411056",951399105030,RKBPD0969D,23-08-2000
Diya Patel,diyapat590@icloud.com,9507933167,"Flat 180, 12th Floor, D Wing, MG Road, Kanpur, Uttar Pradesh - 208009",506668457709,FSDPP6295U,05-06-1995
Rudra Grover,rudragro387@outlook.com,7932660845,"Plot No. 98, 12th Floor, B Wing, MG Road, Surat, Gujarat - 395006",746703870688,FTQPG5764W,26-05-1986
Ananya Shah,ananyasha524@yahoo.com,9093631742,"Villa 394, 15th Floor, A Wing, Link Road, Surat, Gujarat - 395001",566732714590,YDCPS4924P,31-08-1997
Vikram Sharma,vikram.sharma76@hotmail.com,9392897922,"Flat 286, 8th Floor, C Wing, Station Road, Jaipur, Rajasthan - 302001",926194069905,WELPS9794K,30-05-1986
Sanjay Chavan,sanjaycha500@hotmail.com,7120489768,"Plot No. 237, 4th Floor, B Wing, MG Road, Chandigarh, Chandigarh - 160037",578441161130,NPKPC1218T,05-10-1984
Om Khan,om.khan83@outlook.com,7460135345,"Villa 166, 10th Floor, B Wing, MG Road, Chennai, Tamil Nadu - 600069",236380292776,CABPK2604T,31-03-2003
Deepak Ansari,deepakans852@outlook.com,8653710874,"Plot No. 123, 6th Floor, Block F, Circular Road, Chennai, Tamil Nadu - 600078",771694528821,BRKPA3931X,02-03-1997
Rajesh Pillai,rajesh.pillai10@gmail.com,7258650680,"Flat 172, 12th Floor, Block F, Station Road, Nagpur, Maharashtra - 440016",310175846263,SOAPP2458O,26-04-1990
Vijay Fernandes,vijay.fernandes48@hotmail.com,9185440019,"Flat 408, 12th Floor, A Wing, Bypass Road, Chennai, Tamil Nadu - 600118",684141771738,LFTPF2605N,05-05-1970
Vivaan Ansari,vivaan.ansari60@outlook.com,7364506125,"Flat 433, 1th Floor, D Wing, Bypass Road, Thiruvananthapuram, Kerala - 695036",370062821977,YFYPA9450Q,25-09-1978
Kavita Grover,kavita.grover74@icloud.com,8292731335,"Villa 97, 13th Floor, C Wing, Link Road, Patna, Bihar - 800018",781019147796,FZXPG8938B,08-06-1987
Amit Gupta,amitgup230@icloud.com,8214836395,"Plot No. 354, 7th Floor, B Wing, MG Road, Bengaluru, Karnataka - 560058",422439471728,NETPG5141V,14-02-1984
Aanya Gupta,aanyagup965@yahoo.com,7898811670,"Villa 310, 7th Floor, Block E, Park Street, Pune, Maharashtra - 411047",353694450701,IKNPG1092V,12-05-1988
Harsh Bajaj,harsh.bajaj11@outlook.com,6060855340,"Plot No. 449, 10th Floor, D Wing, Ring Road, Kochi, Kerala - 682014",707935684813,WJXPB5972N,22-11-1989
Pranav Pandey,pranav.pandey37@yahoo.com,8449317508,"House No. 361, 7th Floor, B Wing, Main Road, Coimbatore, Tamil Nadu - 641007",297606924279,CSEPP5155U,05-12-1975
Prakash Agarwal,prakashaga471@outlook.com,7062807386,"Plot No. 88, 5th Floor, D Wing, Link Road, Mysuru, Karnataka - 570003",712994011467,CJJPA3425Z,11-01-1997
Diya Singh,diyasin882@yahoo.com,9819332731,"Flat 258, 8th Floor, Block E, Park Street, Pune, Maharashtra - 411002",218468835364,QRRPS7632A,30-07-1988
Pranav Hegde,pranav.hegde65@outlook.com,9791309956,"Villa 172, 7th Floor, D Wing, Station Road, Ahmedabad, Gujarat - 380037",375152822041,KQVPH1756Z,10-03-1965
Saanvi D'Souza,saanvid's549@hotmail.com,7128506243,"House No. 418, 10th Floor, D Wing, Link Road, Thiruvananthapuram, Kerala - 695010",732665490484,YIJPD8353J,08-03-1990
Tanvi Verma,tanvi.verma57@gmail.com,6941176232,"Flat 261, 11th Floor, D Wing, MG Road, Pune, Maharashtra - 411039",958815799760,XKEPV0046C,22-08-2001
Mahesh Shetty,maheshshe431@icloud.com,7551893131,"Flat 365, 14th Floor, D Wing, Main Road, Kochi, Kerala - 682018",570661154023,DRGPS8148L,06-02-1987
Ramesh Sharma,rameshsha267@icloud.com,9877581281,"Villa 160, 4th Floor, Block F, Ring Road, Nagpur, Maharashtra - 440015",915411059267,UPXPS2912N,17-04-1979
Kavita Thakur,kavita.thakur99@yahoo.com,9674123978,"Villa 214, 1th Floor, Block F, MG Road, Hyderabad, Telangana - 500021",475594672677,BXRPT5707I,25-07-2000
Aarav Chavan,aaravcha695@outlook.com,8241890658,"Flat 225, 5th Floor, B Wing, Park Street, Ahmedabad, Gujarat - 380007",439445324287,CZTPC6052R,30-08-1971
Harsh Singh,harshsin202@gmail.com,6703653402,"House No. 36, 8th Floor, Block E, Circular Road, Jaipur, Rajasthan - 302020",725221828200,GXMPS8288P,05-07-1991
Aadhya Thakur,aadhyatha333@hotmail.com,6376917687,"Plot No. 216, 15th Floor, A Wing, Main Road, Chennai, Tamil Nadu - 600050",450141089816,WUFPT1971Q,01-05-1982
Harish Pandey,harish.pandey68@yahoo.com,9433330700,"Flat 131, 12th Floor, D Wing, Ring Road, Surat, Gujarat - 395003",921693102857,GVQPP6431W,26-09-1982
Aarav Yadav,aarav.yadav71@yahoo.com,9823132886,"House No. 227, 9th Floor, A Wing, Circular Road, Hyderabad, Telangana - 500080",456792578749,CKSPY9390L,28-12-1973
Vivaan Roy,vivaanroy110@hotmail.com,7546936361,"Flat 257, 4th Floor, Block F, Ring Road, Patna, Bihar - 800015",516084034599,QQNPR5644J,02-08-1990
Prakash Shah,prakashsha473@icloud.com,9902092334,"Plot No. 65, 14th Floor, D Wing, Link Road, Kanpur, Uttar Pradesh - 208025",269570111165,WWIPS0745M,15-06-1981
Naresh Joshi,naresh.joshi56@yahoo.com,7566198847,"Flat 77, 15th Floor, Block F, MG Road, Patna, Bihar - 800018",966589456217,JVQPJ1969E,31-07-2003
Ananya Thakur,ananyatha507@hotmail.com,6276468519,"Villa 372, 8th Floor, D Wing, Ring Road, Bengaluru, Karnataka - 560091",807814135723,WSPPT2587T,16-08-2003
Sai Malhotra,saimal364@hotmail.com,9938381077,"Flat 330, 2th Floor, C Wing, Bypass Road, Coimbatore, Tamil Nadu - 641050",266093494001,JZYPM7927G,12-06-1979
Sandeep Gaekwad,sandeep.gaekwad84@hotmail.com,7161419036,"Villa 472, 14th Floor, A Wing, Link Road, Chandigarh, Chandigarh - 160024",595533251731,VZHPG6504K,11-07-1964
Ananya Choudhury,ananya.choudhury6@hotmail.com,9461915121,"Flat 264, 11th Floor, Block F, Ring Road, Mumbai, Maharashtra - 400002",400299733166,TSRPC4605I,24-12-1968
Harish Trivedi,harishtri888@icloud.com,7526902355,"Plot No. 50, 3th Floor, D Wing, MG Road, Kolkata, West Bengal - 700068",507065930918,JGUPT4429I,14-10-1973
Aadhya Sen,aadhyasen295@icloud.com,7275865591,"Plot No. 272, 15th Floor, D Wing, Ring Road, Thiruvananthapuram, Kerala - 695042",636001138954,UUOPS8836L,29-10-1984
Dev Khanna,devkha686@hotmail.com,9765724939,"Villa 319, 10th Floor, D Wing, Station Road, Kolkata, West Bengal - 700108",610386712572,GJQPK6614J,09-09-2004
Sanjay Yadav,sanjay.yadav65@gmail.com,9259494323,"Flat 481, 9th Floor, C Wing, Ring Road, Bhubaneswar, Odisha - 751018",457482282186,VUQPY2283D,09-01-1973
Riya Iyengar,riyaiye161@gmail.com,7815393466,"House No. 48, 10th Floor, C Wing, Ring Road, Nagpur, Maharashtra - 440035",777851311398,JAJPI1197U,22-01-2002
Krishna Roy,krishnaroy127@hotmail.com,7120124055,"Flat 35, 11th Floor, D Wing, Circular Road, Mumbai, Maharashtra - 400050",812705841554,URWPR8983Y,02-08-1977
Dhruv Chatterjee,dhruvcha704@icloud.com,6504694435,"Plot No. 420, 7th Floor, D Wing, Station Road, Jaipur, Rajasthan - 302014",889566708288,EGAPC5046G,02-05-1995
Advait Bose,advaitbos614@hotmail.com,9276708152,"Plot No. 497, 1th Floor, D Wing, Main Road, Nagpur, Maharashtra - 440005",449745045265,QYBPB2903G,08-11-1971
Anita Gomes,anitagom569@outlook.com,9044403529,"Villa 404, 8th Floor, C Wing, Circular Road, Surat, Gujarat - 395009",908533018285,UUWPG9586Q,13-08-1993
Harish Trivedi,harish.trivedi63@yahoo.com,9768691027,"Flat 411, 7th Floor, C Wing, MG Road, Delhi, Delhi - 110039",533751453137,YCJPT4268I,04-07-1960
Ayaans Deshmukh,ayaans.deshmukh65@hotmail.com,9490660317,"House No. 344, 12th Floor, C Wing, Link Road, Surat, Gujarat - 395003",977337922325,CYFPD8545T,12-05-1991
Diya Singh,diyasin947@yahoo.com,7107231995,"Villa 298, 11th Floor, A Wing, Main Road, Patna, Bihar - 800010",202290997949,TBBPS0749G,05-10-1960
Priya Mukherjee,priyamuk958@yahoo.com,7234581170,"House No. 387, 12th Floor, B Wing, Station Road, Thiruvananthapuram, Kerala - 695006",771861096342,VQLPM1612Z,07-09-1994
Ramesh Pandey,rameshpan567@hotmail.com,7379534066,"Villa 131, 9th Floor, Block F, Park Street, Thiruvananthapuram, Kerala - 695008",373158525208,PVLPP9391B,03-01-1973
Arjun Iyer,arjuniye759@hotmail.com,6477291095,"Plot No. 444, 7th Floor, D Wing, MG Road, Patna, Bihar - 800014",439575462162,JIRPI3590X,20-09-1986
Advait Yadav,advait.yadav36@outlook.com,7339694130,"Villa 261, 13th Floor, D Wing, Ring Road, Mumbai, Maharashtra - 400044",961499716516,GCWPY1555H,11-08-1964
Tanvi Roy,tanviroy163@gmail.com,6042481200,"Villa 181, 6th Floor, A Wing, Main Road, Chandigarh, Chandigarh - 160057",645365516655,MEKPR1557O,19-03-2000
Kavita Reddy,kavita.reddy51@icloud.com,8848981420,"Plot No. 64, 2th Floor, Block F, MG Road, Ahmedabad, Gujarat - 380028",972504598735,TCCPR4600B,29-04-1977
Rajesh Patel,rajesh.patel64@gmail.com,9414062112,"Flat 312, 1th Floor, C Wing, Ring Road, Kanpur, Uttar Pradesh - 208012",660709172771,VPEPP4281S,18-12-1973
Dev Kulkarni,devkul805@gmail.com,6891318373,"House No. 365, 13th Floor, B Wing, Ring Road, Ahmedabad, Gujarat - 380008",721700963874,LPCPK0747V,16-01-1987
Atharva Chawla,atharvacha978@hotmail.com,9667273266,"Flat 394, 15th Floor, B Wing, Ring Road, Coimbatore, Tamil Nadu - 641009",934758412622,PNCPC7106K,15-12-1993
Ramesh Yash,rameshyas740@outlook.com,6071357680,"Flat 37, 1th Floor, B Wing, Main Road, Jaipur, Rajasthan - 302017",880868629976,CKOPY4356E,11-10-1987
Aadhya Malhotra,aadhya.malhotra79@gmail.com,6045067458,"Plot No. 88, 10th Floor, C Wing, Circular Road, Mysuru, Karnataka - 570015",929275820241,ABZPM6352J,06-06-1987
Harish Iyengar,harishiye913@yahoo.com,6052837475,"Villa 372, 10th Floor, C Wing, Station Road, Bengaluru, Karnataka - 560064",902165547345,ZZKPI2853G,17-05-1995
Om Arora,omaro623@outlook.com,6663498485,"House No. 275, 1th Floor, C Wing, MG Road, Nagpur, Maharashtra - 440028",907936952424,DWDPA3161U,17-10-1991
Rudra Malik,rudra.malik79@icloud.com,8067655033,"Plot No. 477, 9th Floor, A Wing, Main Road, Ahmedabad, Gujarat - 380027",726780020602,SAZPM1588E,05-12-1960
Vikram Gaekwad,vikram.gaekwad40@icloud.com,7151272525,"Villa 253, 4th Floor, Block F, Main Road, Hyderabad, Telangana - 500038",655905829241,XPZPG6442W,02-04-1987
Sneha Choudhury,sneha.choudhury45@icloud.com,8886315062,"Villa 324, 4th Floor, Block E, Link Road, Kanpur, Uttar Pradesh - 208014",811722178631,DHVPC0112N,13-06-1964
Om Patel,ompat507@yahoo.com,7720564759,"Flat 314, 7th Floor, A Wing, MG Road, Chennai, Tamil Nadu - 600051",968012355926,BKDPP1373C,19-11-2001
Asha Gupta,asha.gupta9@outlook.com,7721049208,"Villa 37, 6th Floor, Block E, Circular Road, Patna, Bihar - 800017",371771816435,RRSPG1175U,14-02-1964
Rudra Deshmukh,rudra.deshmukh40@outlook.com,6590783299,"House No. 440, 5th Floor, Block E, Bypass Road, Bhubaneswar, Odisha - 751010",715823727132,UOZPD1477Q,31-12-2001
Ramesh Pillai,ramesh.pillai8@yahoo.com,9996193807,"Villa 133, 10th Floor, D Wing, Station Road, Thiruvananthapuram, Kerala - 695016",481785975434,QWYPP0929C,24-07-1996
Riya Sen,riyasen390@yahoo.com,7682021863,"Flat 205, 6th Floor, Block F, Ring Road, Mumbai, Maharashtra - 400074",822431476670,TMKPS9758Z,06-04-1981
Yash D'Souza,yashd's593@yahoo.com,7096449171,"Villa 491, 13th Floor, A Wing, Circular Road, Delhi, Delhi - 110079",605469118832,UHVPD7544Q,25-03-1985
Kabir Chawla,kabircha518@outlook.com,9532725879,"House No. 14, 5th Floor, C Wing, Link Road, Kolkata, West Bengal - 700122",427794875989,IJFPC6642K,14-01-1972
Ishaan Yash,ishaan.yash35@outlook.com,7948968829,"Villa 50, 1th Floor, D Wing, Main Road, Ahmedabad, Gujarat - 380016",958738638258,XFMPY1968P,31-12-1983
Satish Ansari,satish.ansari63@outlook.com,6233843774,"Flat 200, 9th Floor, Block F, Park Street, Bhubaneswar, Odisha - 751010",410159763933,PFRPA5357N,24-06-1976
Arnav Bose,arnav.bose72@hotmail.com,8779307602,"House No. 328, 8th Floor, C Wing, MG Road, Bhubaneswar, Odisha - 751011",401610690715,SKJPB1289L,28-07-1997
Geeta Kulkarni,geeta.kulkarni53@hotmail.com,7659967016,"Plot No. 104, 8th Floor, Block F, Bypass Road, Mysuru, Karnataka - 570023",250244693366,RPTPK4575J,04-07-1981
Meena Gupta,meenagup534@yahoo.com,7541125536,"House No. 55, 9th Floor, B Wing, Bypass Road, Nagpur, Maharashtra - 440010",566835283607,RJHPG3448R,16-09-1966
Sandeep Roy,sandeeproy830@gmail.com,9547117697,"Flat 108, 1th Floor, C Wing, Circular Road, Hyderabad, Telangana - 500061",304208962928,OUYPR0818Z,27-12-1992
Harish Thakur,harishtha204@yahoo.com,8151778279,"Villa 65, 11th Floor, B Wing, Link Road, Bhubaneswar, Odisha - 751023",398376946335,EKIPT4309F,01-03-1999
Satish Chatterjee,satishcha788@gmail.com,8832497932,"House No. 356, 15th Floor, Block E, Ring Road, Chandigarh, Chandigarh - 160062",223565993759,LVCPC9244L,10-06-1988
Kavita Yash,kavitayas232@icloud.com,8139841606,"Flat 83, 8th Floor, C Wing, MG Road, Chennai, Tamil Nadu - 600016",747803874339,KOAPY6804J,01-01-1961
Pooja Rao,pooja.rao77@gmail.com,6502521914,"House No. 397, 14th Floor, Block F, Station Road, Chandigarh, Chandigarh - 160035",673196945705,VZIPR7365G,08-02-1964
Dev Roy,devroy266@yahoo.com,7666619528,"Plot No. 338, 7th Floor, A Wing, Link Road, Mumbai, Maharashtra - 400019",785661469944,JFWPR3595H,21-03-1994
Rekha Arora,rekha.arora77@hotmail.com,8155565200,"Villa 257, 12th Floor, Block E, Bypass Road, Thiruvananthapuram, Kerala - 695018",913808082383,WVJPA0887M,07-04-1967
Dhruv Mukherjee,dhruv.mukherjee38@yahoo.com,7198376174,"Flat 186, 8th Floor, D Wing, Park Street, Coimbatore, Tamil Nadu - 641023",753819945769,WDXPM1157T,02-01-1995
Ayaans Mishra,ayaans.mishra43@gmail.com,7906862459,"Villa 444, 4th Floor, Block F, Station Road, Chennai, Tamil Nadu - 600077",544614078672,MPAPM7550V,10-04-1970
Vivaan Sen,vivaan.sen39@gmail.com,8903946057,"Flat 2, 2th Floor, B Wing, Circular Road, Chennai, Tamil Nadu - 600071",638655075097,OIGPS2647T,07-02-1984
Vikram Deshmukh,vikram.deshmukh42@yahoo.com,8567274624,"Plot No. 107, 14th Floor, A Wing, Park Street, Bengaluru, Karnataka - 560024",860212757431,ABWPD0288H,19-06-1989
Shruti Verma,shrutiver689@hotmail.com,7761332487,"Flat 416, 8th Floor, A Wing, MG Road, Lucknow, Uttar Pradesh - 226014",940774634716,WMNPV2507Q,01-01-1996
Kiara Iyengar,kiaraiye107@hotmail.com,7751217616,"Plot No. 129, 3th Floor, A Wing, Station Road, Kolkata, West Bengal - 700134",366080439557,DWFPI0100D,05-04-1999
Pooja Fernandes,pooja.fernandes29@yahoo.com,9961895493,"Flat 489, 2th Floor, A Wing, Bypass Road, Bengaluru, Karnataka - 560069",768621535525,LFTPF0693N,06-07-1967
Vikram Malhotra,vikrammal526@gmail.com,7913729541,"Flat 281, 12th Floor, C Wing, Link Road, Lucknow, Uttar Pradesh - 226026",241079425986,KJDPM7856U,15-10-1965
Riya Gomes,riyagom634@hotmail.com,7913859204,"Plot No. 123, 1th Floor, Block E, Bypass Road, Hyderabad, Telangana - 500067",273285917653,FTXPG3953A,12-10-1979
Diya Nair,diya.nair83@gmail.com,6090171503,"Villa 240, 9th Floor, Block F, Station Road, Kolkata, West Bengal - 700119",260426676171,SGJPN0029W,07-10-1976
Neha Agarwal,neha.agarwal39@yahoo.com,7448387616,"Villa 15, 15th Floor, A Wing, Circular Road, Ahmedabad, Gujarat - 380024",459308727461,JFEPA4774N,10-04-1967
Rohan Pillai,rohanpil695@hotmail.com,9507755028,"Flat 27, 6th Floor, A Wing, Main Road, Chennai, Tamil Nadu - 600018",479484517724,ARZPP7676N,14-01-1966
Aarav Sen,aaravsen985@outlook.com,9920624580,"Villa 162, 11th Floor, B Wing, Station Road, Bhubaneswar, Odisha - 751028",626527652151,WBTPS6836Z,05-03-2002
Ashok Khan,ashokkha595@hotmail.com,8316532613,"Plot No. 339, 7th Floor, D Wing, Bypass Road, Bhubaneswar, Odisha - 751001",760086105292,BFOPK4387V,04-12-1969
Preeti Arora,preetiaro561@gmail.com,6251050971,"Flat 294, 8th Floor, A Wing, Ring Road, Jaipur, Rajasthan - 302018",520498228359,JTSPA7294T,29-01-1960
Kriti Verma,kriti.verma66@yahoo.com,9207718820,"Plot No. 105, 5th Floor, Block F, Ring Road, Chennai, Tamil Nadu - 600121",466048686016,TXCPV0330T,17-02-1991
Rahul Thakur,rahultha192@hotmail.com,9882021044,"Plot No. 57, 3th Floor, D Wing, Main Road, Kanpur, Uttar Pradesh - 208024",744361940630,VXPPT5921Z,05-06-2004
Ananya Malik,ananyamal546@outlook.com,7264666282,"Villa 27, 6th Floor, B Wing, Bypass Road, Mumbai, Maharashtra - 400034",592921253311,UWOPM9654L,10-11-1996
Kabir Das,kabir.das94@outlook.com,7731480073,"Villa 494, 14th Floor, D Wing, Link Road, Delhi, Delhi - 110055",791565973186,YONPD3352E,08-03-1992
Advait Chatterjee,advaitcha943@icloud.com,9279783344,"Villa 73, 10th Floor, Block E, Main Road, Chandigarh, Chandigarh - 160038",265769217256,OZYPC5034H,11-03-1996
Atharva Malhotra,atharva.malhotra67@outlook.com,9852433805,"Plot No. 215, 2th Floor, A Wing, Main Road, Coimbatore, Tamil Nadu - 641047",225915542012,CNTPM5673L,17-10-1963
Mahesh Fernandes,mahesh.fernandes89@hotmail.com,7789728878,"House No. 449, 12th Floor, B Wing, Station Road, Mysuru, Karnataka - 570006",966629417422,RVGPF0245N,21-06-1978
Kiara Deshmukh,kiarades519@yahoo.com,6585440977,"Plot No. 317, 15th Floor, A Wing, Station Road, Bhubaneswar, Odisha - 751021",820463497500,OCDPD2551E,11-02-1965
Pooja Ansari,poojaans477@hotmail.com,6050702022,"Plot No. 109, 4th Floor, Block E, Link Road, Surat, Gujarat - 395003",920724186339,CFGPA8948T,02-03-1971
Sandeep Verma,sandeepver678@gmail.com,6596015935,"Plot No. 126, 9th Floor, C Wing, Bypass Road, Chandigarh, Chandigarh - 160041",380617330720,NPAPV9754C,21-10-1973
Dhruv Shah,dhruvsha708@outlook.com,6763459558,"Flat 445, 2th Floor, A Wing, Main Road, Jaipur, Rajasthan - 302010",252440764689,EZMPS2801U,18-08-1988
Aditya Rao,adityarao188@outlook.com,8584598397,"Flat 266, 11th Floor, D Wing, Park Street, Kochi, Kerala - 682010",700936713061,MVDPR5236N,30-10-1982
Sanjay Shetty,sanjayshe680@outlook.com,6234033324,"Plot No. 144, 12th Floor, D Wing, Station Road, Chennai, Tamil Nadu - 600128",457953351708,MZLPS4453B,24-01-1983
Diya Yadav,diyayad968@outlook.com,9979750121,"Flat 192, 15th Floor, Block E, Ring Road, Bengaluru, Karnataka - 560026",515009044255,OEYPY5158S,28-01-1974
Ramesh Joshi,rameshjos901@icloud.com,7680410017,"Flat 203, 13th Floor, A Wing, Circular Road, Kolkata, West Bengal - 700041",255160035228,ELRPJ6289A,28-03-1964
Geeta Malhotra,geetamal947@gmail.com,9628717029,"House No. 326, 11th Floor, Block E, Ring Road, Patna, Bihar - 800024",339448578157,OIPPM2399E,22-10-1994
Lata Singh,lata.singh13@hotmail.com,6892926673,"House No. 208, 15th Floor, C Wing, Circular Road, Bhubaneswar, Odisha - 751008",223679485143,HLUPS5233A,01-04-1963
Aadhya Pandey,aadhya.pandey89@hotmail.com,9573370375,"House No. 400, 9th Floor, B Wing, Main Road, Surat, Gujarat - 395001",982518414064,ZYQPP3826R,11-01-1969
Lata Verma,lata.verma82@hotmail.com,8983925824,"House No. 35, 1th Floor, B Wing, Station Road, Bengaluru, Karnataka - 560033",495314964553,SPGPV8460L,15-06-2002
Arjun Roy,arjunroy328@icloud.com,9479459934,"Plot No. 499, 12th Floor, C Wing, Main Road, Chennai, Tamil Nadu - 600062",341396291661,RCGPR8972G,31-01-1971
Sunita Yadav,sunita.yadav2@gmail.com,7974011409,"House No. 472, 15th Floor, A Wing, Bypass Road, Coimbatore, Tamil Nadu - 641003",266032779048,TTRPY9513A,20-11-1980
Suresh Shetty,suresh.shetty62@hotmail.com,6175038528,"Flat 367, 11th Floor, D Wing, Circular Road, Bhubaneswar, Odisha - 751008",265375870845,DYZPS9613C,22-11-1976
Suman Patel,sumanpat144@yahoo.com,8358818561,"Plot No. 401, 4th Floor, A Wing, Circular Road, Pune, Maharashtra - 411029",798482946375,VIUPP9557K,13-04-1966
Preeti Choudhury,preeticho362@gmail.com,6911999216,"Villa 59, 5th Floor, Block F, MG Road, Chennai, Tamil Nadu - 600003",328530341737,ASVPC1236U,03-05-1979
Gaurav Fernandes,gauravfer748@yahoo.com,8564677492,"Flat 115, 10th Floor, Block F, Station Road, Chennai, Tamil Nadu - 600052",710379384921,GOHPF3283C,29-10-2004
Prakash Sen,prakash.sen55@icloud.com,8870154584,"Villa 127, 7th Floor, Block F, Circular Road, Nagpur, Maharashtra - 440009",674965781682,BVYPS5436E,23-12-1960
Gaurav D'Souza,gaurav.d'souza71@gmail.com,6386300651,"Villa 321, 9th Floor, C Wing, Main Road, Chennai, Tamil Nadu - 600074",924928511171,BUSPD1236U,01-03-1971
Geeta Mishra,geeta.mishra35@gmail.com,9618214599,"Plot No. 318, 15th Floor, Block F, Main Road, Pune, Maharashtra - 411058",745416323247,ZMJPM8945K,28-03-1968
Suman Grover,sumangro538@yahoo.com,9328752380,"Plot No. 216, 12th Floor, A Wing, Station Road, Nagpur, Maharashtra - 440028",757021416625,VRKPG3987T,22-08-1985
Aditya Roy,aditya.roy68@hotmail.com,9753321157,"Plot No. 365, 1th Floor, B Wing, Main Road, Nagpur, Maharashtra - 440020",283921359287,CYLPR6631U,01-02-1969
Rajesh Verma,rajeshver608@gmail.com,9192957470,"Flat 376, 6th Floor, A Wing, Park Street, Kochi, Kerala - 682002",842406005801,ABUPV0153D,09-10-1986
Vikram Trivedi,vikram.trivedi12@gmail.com,7929169357,"Villa 13, 12th Floor, B Wing, Park Street, Kolkata, West Bengal - 700122",482303247642,FMGPT3931F,13-08-1964
Suresh Mehta,suresh.mehta28@hotmail.com,8172560519,"Villa 333, 2th Floor, Block F, Station Road, Kolkata, West Bengal - 700113",493295597291,PBHPM5398D,07-07-1988
Aanya Bajaj,aanyabaj678@icloud.com,9682498503,"Flat 157, 5th Floor, D Wing, Station Road, Coimbatore, Tamil Nadu - 641031",516875286652,IHIPB2328Z,29-01-1967
Gaurav Kulkarni,gauravkul238@yahoo.com,7417878486,"Plot No. 153, 5th Floor, C Wing, Ring Road, Pune, Maharashtra - 411040",755307592775,RATPK1819D,28-05-1993
Atharva Malhotra,atharva.malhotra16@outlook.com,6404835738,"Plot No. 228, 2th Floor, D Wing, Link Road, Chennai, Tamil Nadu - 600122",668915558229,FLBPM0552P,16-07-1998
Preeti Kumar,preeti.kumar14@hotmail.com,6504898592,"Plot No. 292, 10th Floor, D Wing, Circular Road, Hyderabad, Telangana - 500080",956570642922,BCFPK2337H,16-12-1998
Kavita Roy,kavitaroy632@icloud.com,6680480510,"House No. 126, 1th Floor, Block E, MG Road, Kanpur, Uttar Pradesh - 208014",393338180582,LMUPR8131L,26-05-1962
Satish Mishra,satishmis307@outlook.com,8967240166,"Plot No. 101, 4th Floor, D Wing, Bypass Road, Surat, Gujarat - 395007",274734480498,OOFPM9552L,15-05-1985
Suman D'Souza,sumand's197@hotmail.com,8007809447,"House No. 99, 4th Floor, A Wing, MG Road, Kolkata, West Bengal - 700009",776039688419,OHMPD4767E,10-03-1973
Dinesh Kulkarni,dinesh.kulkarni31@yahoo.com,8708503716,"Plot No. 130, 14th Floor, Block E, Link Road, Hyderabad, Telangana - 500024",643824993704,FMRPK9337Z,08-09-1968
Rohan Trivedi,rohantri213@yahoo.com,7093701648,"Flat 412, 15th Floor, A Wing, MG Road, Hyderabad, Telangana - 500081",474179251306,TKOPT5094R,12-07-1997
Sunita Bajaj,sunita.bajaj78@gmail.com,7127118388,"Flat 328, 14th Floor, C Wing, Ring Road, Kolkata, West Bengal - 700039",445730351744,IBUPB1654S,04-08-1961
Diya Pandey,diya.pandey79@gmail.com,6526647629,"Plot No. 4, 5th Floor, C Wing, Circular Road, Chandigarh, Chandigarh - 160019",892030882490,IRUPP7258Z,11-04-2004
Naresh Patel,nareshpat881@hotmail.com,7325547474,"Villa 297, 5th Floor, A Wing, Circular Road, Bhubaneswar, Odisha - 751001",347825199913,ZXQPP6747X,30-08-1969
Meena Sen,meenasen103@icloud.com,6419557369,"Flat 392, 2th Floor, Block F, Bypass Road, Chandigarh, Chandigarh - 160021",271385204772,FSPPS5796F,15-10-1976
Tanvi Das,tanvi.das85@outlook.com,8641913392,"House No. 203, 9th Floor, D Wing, MG Road, Lucknow, Uttar Pradesh - 226009",623989914348,ASKPD4515N,18-07-1989
Satish Mukherjee,satish.mukherjee29@icloud.com,6554087674,"Flat 83, 8th Floor, A Wing, Link Road, Kolkata, West Bengal - 700147",656225926349,PCKPM5134Y,07-12-1988
Aadhya Fernandes,aadhyafer525@gmail.com,9968000252,"House No. 222, 7th Floor, C Wing, Ring Road, Mysuru, Karnataka - 570029",849246596456,YBAPF1558D,19-01-1993
Karan Hegde,karan.hegde4@gmail.com,9699695782,"Flat 98, 4th Floor, C Wing, Station Road, Bhubaneswar, Odisha - 751012",885388280821,IDNPH8858R,21-03-1980
Rekha Shetty,rekha.shetty28@hotmail.com,7531721311,"Villa 27, 2th Floor, B Wing, Station Road, Mumbai, Maharashtra - 400058",213424846023,QZEPS4522H,22-01-1997
Lata Kapoor,latakap442@outlook.com,8379489699,"Plot No. 401, 7th Floor, Block E, Link Road, Hyderabad, Telangana - 500001",368081465810,CNXPK7822E,07-10-2002
Om Deshmukh,om.deshmukh27@hotmail.com,9651225066,"Plot No. 189, 8th Floor, B Wing, Park Street, Thiruvananthapuram, Kerala - 695019",642136717018,UHMPD6660V,13-12-1997
Naresh Pandey,nareshpan150@gmail.com,9068839032,"House No. 460, 8th Floor, C Wing, Main Road, Pune, Maharashtra - 411052",739482466787,EUEPP9774D,21-03-1978
Yash Patel,yashpat315@icloud.com,9099810929,"House No. 268, 12th Floor, Block F, MG Road, Jaipur, Rajasthan - 302008",655172353709,IJKPP2532Q,12-02-1986
Dinesh Chawla,dineshcha851@icloud.com,9438245250,"Plot No. 301, 8th Floor, Block E, Link Road, Chandigarh, Chandigarh - 160018",322155273611,SKNPC9159K,01-02-1971
Anjali Arora,anjaliaro459@yahoo.com,6458492863,"Plot No. 110, 1th Floor, C Wing, Ring Road, Lucknow, Uttar Pradesh - 226001",783899048662,PCOPA7860H,18-09-1966
Mahesh Hegde,maheshheg232@yahoo.com,9793761468,"House No. 107, 15th Floor, C Wing, MG Road, Mysuru, Karnataka - 570025",624248351815,TSJPH4495F,09-09-1980
Aditi Malik,aditimal468@icloud.com,6141340061,"Villa 482, 15th Floor, D Wing, Circular Road, Thiruvananthapuram, Kerala - 695011",880751062857,JOLPM9504G,10-11-1973
Yash Agarwal,yash.agarwal17@hotmail.com,7523623067,"Plot No. 323, 15th Floor, C Wing, Bypass Road, Kolkata, West Bengal - 700057",403319016669,YMSPA5764S,03-02-2004
Aadhya Khanna,aadhya.khanna3@yahoo.com,8632542932,"Plot No. 188, 13th Floor, C Wing, Station Road, Surat, Gujarat - 395010",510845732962,YKCPK0866Y,30-06-1970
Atharva Singh,atharvasin680@hotmail.com,9323049940,"Villa 317, 15th Floor, D Wing, Ring Road, Thiruvananthapuram, Kerala - 695037",677096131681,RVHPS2669T,04-09-1991
Yash Roy,yashroy711@icloud.com,6238653722,"Plot No. 390, 14th Floor, Block E, Bypass Road, Nagpur, Maharashtra - 440019",594542986586,NOMPR8797J,04-06-1996
Aditya Sen,adityasen544@outlook.com,6519613243,"House No. 183, 1th Floor, A Wing, Circular Road, Thiruvananthapuram, Kerala - 695024",649634174609,WOMPS6302L,11-06-1963
Om Bose,om.bose96@icloud.com,8101478322,"Flat 49, 12th Floor, Block E, Link Road, Thiruvananthapuram, Kerala - 695045",834363936589,QBIPB3736O,23-11-1967
Satish Thakur,satish.thakur90@gmail.com,6158488477,"Villa 96, 14th Floor, Block E, Bypass Road, Bhubaneswar, Odisha - 751029",268587861815,YJMPT3293F,12-07-1990
Satish Arora,satish.arora68@outlook.com,9998374597,"House No. 126, 13th Floor, B Wing, Bypass Road, Ahmedabad, Gujarat - 380025",485010052474,CIDPA8911P,12-09-1975
Rahul Khan,rahul.khan38@gmail.com,7359617153,"Plot No. 290, 3th Floor, C Wing, Link Road, Kanpur, Uttar Pradesh - 208007",410407843206,OBWPK0400L,24-07-1971
Asha Gupta,ashagup551@icloud.com,9533467704,"Flat 316, 11th Floor, Block E, Main Road, Jaipur, Rajasthan - 302037",889209730476,IOJPG5803H,07-05-1988
Harsh Thakur,harsh.thakur57@yahoo.com,9474612003,"Plot No. 158, 7th Floor, D Wing, Circular Road, Chennai, Tamil Nadu - 600015",202880334549,DNJPT2567G,10-10-1998
Aarav Joshi,aarav.joshi25@outlook.com,9306041500,"Plot No. 494, 2th Floor, B Wing, Circular Road, Mysuru, Karnataka - 570028",256911913608,CZVPJ2627H,20-10-1961
Aadhya Rao,aadhya.rao53@hotmail.com,7530555284,"Plot No. 490, 11th Floor, Block E, Park Street, Pune, Maharashtra - 411058",247373176036,JQZPR1118W,14-02-1961
Priya Gupta,priya.gupta44@icloud.com,7356035682,"Flat 365, 9th Floor, Block E, Circular Road, Kolkata, West Bengal - 700086",599233771643,VOKPG1372C,28-05-1963
Krishna Pandey,krishnapan355@icloud.com,9420290842,"House No. 132, 11th Floor, Block E, Link Road, Patna, Bihar - 800003",704065844360,BZRPP2373G,02-11-1979
Shaurya Verma,shauryaver870@outlook.com,6742496323,"House No. 453, 5th Floor, Block E, Circular Road, Coimbatore, Tamil Nadu - 641025",423499367285,QMSPV5725F,12-07-1986
Dhruv Yadav,dhruvyad738@yahoo.com,6821103159,"House No. 21, 4th Floor, D Wing, Link Road, Jaipur, Rajasthan - 302001",281631259082,QDBPY8563X,23-09-1997
Geeta Pandey,geeta.pandey1@gmail.com,9349211120,"Villa 52, 6th Floor, A Wing, Ring Road, Mysuru, Karnataka - 570030",632813088072,OEXPP4739K,17-05-1974
Neha Nair,neha.nair56@hotmail.com,9917866337,"House No. 34, 14th Floor, B Wing, Park Street, Surat, Gujarat - 395011",524919349784,SORPN0862G,30-11-2003
Karan Kumar,karan.kumar99@outlook.com,9830962639,"Plot No. 40, 7th Floor, Block F, Bypass Road, Chandigarh, Chandigarh - 160051",290883941198,CYMPK2503I,15-02-2005
Priya Sheikh,priyashe737@gmail.com,7704084267,"Plot No. 345, 13th Floor, A Wing, Park Street, Thiruvananthapuram, Kerala - 695003",302296193973,CWJPS4736A,23-06-1995
Karan Patel,karanpat283@icloud.com,6080765364,"Flat 205, 4th Floor, Block E, Main Road, Delhi, Delhi - 110067",793185512114,OSTPP7233O,10-08-1991
Rekha Das,rekha.das94@outlook.com,8288868319,"House No. 365, 15th Floor, B Wing, Circular Road, Thiruvananthapuram, Kerala - 695013",499793374337,NSYPD0386M,06-07-1963
Kriti Ansari,kritians978@yahoo.com,8043178020,"Plot No. 285, 15th Floor, Block E, Ring Road, Bhubaneswar, Odisha - 751008",660956737275,GLXPA1254W,08-09-1981
Aarav Khanna,aaravkha175@hotmail.com,6940874814,"House No. 164, 10th Floor, B Wing, Park Street, Patna, Bihar - 800003",764151143794,LOGPK3201Y,24-11-1970
Priya Chatterjee,priyacha593@outlook.com,6657872335,"Villa 218, 5th Floor, B Wing, MG Road, Bhubaneswar, Odisha - 751017",906117027314,NLOPC5492C,15-10-1975
Lata Choudhury,latacho716@hotmail.com,9192131753,"Villa 56, 3th Floor, B Wing, Circular Road, Pune, Maharashtra - 411008",307508604588,QWMPC1283S,27-09-1969
Ashok Das,ashok.das71@gmail.com,8884903050,"Plot No. 312, 10th Floor, D Wing, Circular Road, Hyderabad, Telangana - 500091",285058449585,JRTPD6811O,14-08-2005
Vihaan Gaekwad,vihaangae187@hotmail.com,9666301068,"House No. 36, 3th Floor, C Wing, Park Street, Coimbatore, Tamil Nadu - 641036",769388545701,JZEPG5549Y,10-07-1971
Priya Khanna,priyakha326@outlook.com,8597578868,"Villa 77, 1th Floor, D Wing, Park Street, Ahmedabad, Gujarat - 380017",906621569221,ZLJPK5784Q,03-11-1994
Diya Iyer,diya.iyer45@outlook.com,6168529919,"House No. 254, 15th Floor, Block F, Ring Road, Ahmedabad, Gujarat - 380012",430173753146,WVDPI8107O,29-11-1999
Suman Fernandes,suman.fernandes25@outlook.com,7654618363,"Villa 387, 8th Floor, B Wing, Circular Road, Jaipur, Rajasthan - 302028",839516626623,WKWPF1506W,23-04-1986
Deepak Yadav,deepak.yadav2@yahoo.com,9154516507,"Flat 461, 7th Floor, Block F, Link Road, Jaipur, Rajasthan - 302031",537475256285,SVMPY3438F,04-10-1964
Suresh Iyengar,suresh.iyengar60@outlook.com,7722569923,"Plot No. 68, 13th Floor, Block E, Ring Road, Kochi, Kerala - 682040",985900125260,OTFPI6206X,12-02-2004
Preeti Pillai,preeti.pillai5@yahoo.com,6934916069,"Plot No. 41, 8th Floor, C Wing, Link Road, Mysuru, Karnataka - 570030",838760737068,KEQPP6577Q,20-08-1965
Sanjay Gomes,sanjay.gomes56@gmail.com,6880698640,"House No. 352, 4th Floor, C Wing, Station Road, Mysuru, Karnataka - 570030",540107301998,SZNPG1125M,09-08-1988
Harish Hegde,harish.hegde46@outlook.com,9395266805,"Plot No. 354, 12th Floor, D Wing, MG Road, Pune, Maharashtra - 411025",912612281505,LZPPH7950W,29-09-1970
Asha Patel,asha.patel32@icloud.com,7747441816,"Plot No. 486, 2th Floor, D Wing, Link Road, Delhi, Delhi - 110019",392859514698,AHZPP0321D,07-04-1977
Ashok Thakur,ashok.thakur30@gmail.com,8677881519,"Villa 286, 1th Floor, D Wing, Park Street, Nagpur, Maharashtra - 440007",759688124834,NDZPT0434I,16-10-1968
Rajesh Chavan,rajesh.chavan89@icloud.com,9186986525,"Plot No. 21, 14th Floor, B Wing, MG Road, Bengaluru, Karnataka - 560003",882812682894,JUDPC7185I,27-08-1995
Riya Yash,riyayas363@yahoo.com,7207311964,"Flat 52, 7th Floor, C Wing, Park Street, Thiruvananthapuram, Kerala - 695036",577062230313,WHGPY0881X,05-01-1967
Reyansh Arora,reyansharo937@icloud.com,7471064593,"Flat 27, 1th Floor, Block E, Main Road, Delhi, Delhi - 110096",809653633422,QGBPA1849W,20-11-1991
Ananya Chavan,ananya.chavan63@icloud.com,8896914844,"Flat 92, 8th Floor, C Wing, MG Road, Kolkata, West Bengal - 700073",998101924921,BHSPC7107L,09-08-1993
Geeta Shah,geetasha789@icloud.com,6801582119,"Plot No. 268, 12th Floor, B Wing, MG Road, Chandigarh, Chandigarh - 160062",408307743181,PLOPS5308S,16-05-1978
Aadhya Deshmukh,aadhyades339@hotmail.com,9314287586,"House No. 9, 10th Floor, B Wing, Link Road, Kolkata, West Bengal - 700139",812133410249,WVKPD5651M,08-08-1963
Dinesh Khanna,dinesh.khanna30@yahoo.com,6276677423,"Plot No. 350, 5th Floor, A Wing, Link Road, Bhubaneswar, Odisha - 751002",507853185385,KNVPK0996W,02-09-1984
Meena Thakur,meenatha406@icloud.com,7731872123,"Flat 495, 10th Floor, D Wing, Park Street, Coimbatore, Tamil Nadu - 641032",666269515458,CHOPT3448L,21-11-1997
Amit Khan,amit.khan85@outlook.com,8057338071,"House No. 224, 8th Floor, D Wing, Park Street, Kolkata, West Bengal - 700096",631599589574,XQBPK1036Y,27-04-1975
Saanvi Gupta,saanvigup438@gmail.com,6583576493,"Flat 363, 5th Floor, B Wing, Station Road, Nagpur, Maharashtra - 440007",657928449939,YODPG2678Q,29-09-1967
Deepak Sen,deepaksen554@yahoo.com,7327448771,"House No. 260, 2th Floor, Block E, Main Road, Pune, Maharashtra - 411010",621333751879,VHYPS2307E,24-12-1962
Kiara Nair,kiaranai866@gmail.com,6898424973,"Flat 327, 3th Floor, A Wing, Park Street, Nagpur, Maharashtra - 440010",478817327358,NDRPN1966V,03-10-1999
Naresh Verma,naresh.verma99@yahoo.com,7839506350,"Plot No. 173, 8th Floor, Block E, Park Street, Chennai, Tamil Nadu - 600100",525052083852,KLKPV3449A,18-10-1971
Prakash Chatterjee,prakashcha878@hotmail.com,7392778320,"House No. 226, 2th Floor, Block F, Circular Road, Coimbatore, Tamil Nadu - 641019",885230166800,YXHPC6516R,17-02-1972
Sandeep Shetty,sandeepshe225@outlook.com,9341613827,"Flat 403, 14th Floor, Block F, Ring Road, Thiruvananthapuram, Kerala - 695029",510883968286,TRUPS6792X,01-08-1960
Sunita Arora,sunitaaro696@hotmail.com,8210109672,"Flat 136, 3th Floor, Block E, Bypass Road, Bhubaneswar, Odisha - 751023",564238717647,EKBPA2272G,05-03-1960
Prakash Agarwal,prakash.agarwal36@gmail.com,6872259355,"Plot No. 341, 7th Floor, C Wing, Bypass Road, Kolkata, West Bengal - 700077",845700052057,PFQPA4777G,10-10-1997
Asha Khan,asha.khan22@icloud.com,9041549103,"Villa 424, 3th Floor, A Wing, Circular Road, Surat, Gujarat - 395012",703995241839,IIFPK7080E,11-03-1969
Riya Deshmukh,riya.deshmukh9@icloud.com,8384196716,"Flat 264, 1th Floor, B Wing, Bypass Road, Kolkata, West Bengal - 700032",415533767279,YQSPD1695A,29-11-1960
Aarav Pandey,aarav.pandey82@icloud.com,7232435942,"Villa 91, 3th Floor, Block F, Park Street, Bhubaneswar, Odisha - 751012",257488966333,GNIPP8580Y,21-12-1977
Harish Sheikh,harishshe118@icloud.com,7092642560,"Plot No. 332, 6th Floor, Block E, Ring Road, Patna, Bihar - 800004",549514761804,DQPPS8409U,23-03-1963
Dhruv Arora,dhruvaro640@icloud.com,6410404862,"Flat 399, 1th Floor, D Wing, Main Road, Mumbai, Maharashtra - 400019",917692672136,HRNPA2699C,11-01-1992
Suresh D'Souza,sureshd's652@yahoo.com,9667407781,"Flat 239, 3th Floor, D Wing, Main Road, Nagpur, Maharashtra - 440008",425494503529,EZFPD5873K,13-10-1975
Diya Gomes,diyagom135@yahoo.com,8816854308,"Villa 198, 5th Floor, Block F, Main Road, Kolkata, West Bengal - 700120",379297637453,OTGPG2719M,15-10-2003
Atharva Shetty,atharvashe606@hotmail.com,8046669999,"Flat 394, 8th Floor, Block F, Circular Road, Ahmedabad, Gujarat - 380022",709356003308,TOFPS9093P,07-07-1973
Naresh Chavan,naresh.chavan93@hotmail.com,7155232838,"House No. 341, 13th Floor, C Wing, Link Road, Delhi, Delhi - 110094",740402367216,MOHPC5104Z,15-07-1968
Pranav Bajaj,pranav.bajaj42@gmail.com,8677299854,"House No. 131, 4th Floor, A Wing, Link Road, Jaipur, Rajasthan - 302012",340320957661,BTAPB6967C,30-11-1965
Neha Roy,neharoy762@icloud.com,8628416721,"House No. 237, 5th Floor, D Wing, Link Road, Jaipur, Rajasthan - 302027",394752029100,DQCPR1967Q,01-11-1972
Rekha Iyer,rekha.iyer31@icloud.com,6346935168,"Flat 459, 15th Floor, A Wing, Circular Road, Kolkata, West Bengal - 700043",845362812263,CDLPI4973B,21-01-1980
Sandeep Bajaj,sandeepbaj683@hotmail.com,6713417608,"Plot No. 323, 14th Floor, B Wing, Station Road, Coimbatore, Tamil Nadu - 641010",538123431521,HTJPB0891V,12-09-1974
Anita Iyer,anita.iyer48@gmail.com,7301191718,"Flat 82, 2th Floor, B Wing, Circular Road, Chennai, Tamil Nadu - 600118",600109258939,SLZPI0500H,20-06-1976
Preeti Fernandes,preeti.fernandes84@hotmail.com,9077548487,"Flat 481, 5th Floor, Block F, Circular Road, Mysuru, Karnataka - 570017",585830918218,SUXPF7228O,17-03-1981
Sunita Kapoor,sunita.kapoor22@gmail.com,7407101663,"Plot No. 145, 9th Floor, B Wing, Main Road, Bhubaneswar, Odisha - 751006",403249826385,LXGPK8191C,26-07-2001
Geeta Gaekwad,geetagae467@outlook.com,9546425486,"Villa 250, 6th Floor, Block E, Circular Road, Ahmedabad, Gujarat - 380048",302776992807,SBOPG1202C,25-01-1988
Ananya Malik,ananya.malik27@gmail.com,6126661792,"Villa 223, 1th Floor, Block E, Station Road, Chandigarh, Chandigarh - 160056",912114927664,ROQPM6469I,14-11-1976
Dhruv Rao,dhruv.rao13@icloud.com,7293984732,"Plot No. 427, 11th Floor, D Wing, Main Road, Kanpur, Uttar Pradesh - 208004",306678546615,LUPPR1584Q,15-01-1977
Amit Chatterjee,amitcha562@hotmail.com,6454645639,"Plot No. 413, 14th Floor, C Wing, Link Road, Chennai, Tamil Nadu - 600130",327087886946,KRNPC2241R,14-12-1963
Naresh Gomes,nareshgom941@hotmail.com,8639159901,"Plot No. 413, 3th Floor, B Wing, Park Street, Lucknow, Uttar Pradesh - 226013",520967859824,QQXPG9114R,06-09-1964
Neha Kumar,nehakum403@outlook.com,7673161424,"Flat 27, 12th Floor, A Wing, Main Road, Bengaluru, Karnataka - 560060",932423380546,RHUPK6748I,27-09-1993
Yash Kumar,yashkum229@icloud.com,8864382644,"Villa 242, 7th Floor, A Wing, Main Road, Jaipur, Rajasthan - 302032",764166571263,RNBPK4585S,21-10-2000
Kavita Kumar,kavita.kumar62@yahoo.com,8650256873,"House No. 251, 8th Floor, Block E, Ring Road, Delhi, Delhi - 110073",520981377468,TUJPK5084O,24-10-1965
Kavita Iyer,kavitaiye659@icloud.com,7819629510,"Plot No. 208, 2th Floor, C Wing, Station Road, Lucknow, Uttar Pradesh - 226003",650304243388,DKAPI8227P,22-08-2004
Kiara Verma,kiara.verma41@gmail.com,6405336891,"Villa 437, 5th Floor, C Wing, Link Road, Kolkata, West Bengal - 700001",217882703876,WKFPV0214P,19-05-1961
Mahesh Arora,mahesh.arora54@icloud.com,6590303553,"Flat 124, 13th Floor, Block F, Ring Road, Chennai, Tamil Nadu - 600016",525726870015,XVRPA3620I,03-07-1997
Sanjay Chawla,sanjay.chawla67@gmail.com,7751105497,"Flat 462, 7th Floor, C Wing, Bypass Road, Hyderabad, Telangana - 500036",900288936037,ITEPC3383D,01-05-1987
Neha Das,neha.das87@yahoo.com,6762340826,"Villa 389, 13th Floor, C Wing, Circular Road, Hyderabad, Telangana - 500072",419721435724,GUGPD4911A,21-12-1964
Pooja Sen,pooja.sen47@yahoo.com,9992342734,"Flat 236, 8th Floor, B Wing, Circular Road, Kochi, Kerala - 682008",852292445051,TJSPS0002K,03-12-1980
Kavita Shetty,kavita.shetty42@hotmail.com,7855456979,"Plot No. 356, 5th Floor, D Wing, Station Road, Mysuru, Karnataka - 570027",392437069357,AZEPS9036S,12-06-1989
Diya Yash,diyayas467@hotmail.com,9327530975,"Flat 424, 2th Floor, Block E, Station Road, Chandigarh, Chandigarh - 160054",413401207768,GXJPY9872K,03-11-1977
Mahesh Yash,maheshyas275@outlook.com,7587301160,"House No. 71, 1th Floor, Block F, Circular Road, Kanpur, Uttar Pradesh - 208020",926303282311,DOKPY9532V,18-08-1979
Vikram Pillai,vikrampil454@outlook.com,8481782007,"House No. 225, 2th Floor, A Wing, Circular Road, Nagpur, Maharashtra - 440021",587578107125,SDAPP2139K,01-10-1961
Suresh Chatterjee,sureshcha511@yahoo.com,6574856366,"Villa 60, 10th Floor, A Wing, Circular Road, Jaipur, Rajasthan - 302034",417487615209,HEXPC1712F,03-09-1998
Kriti Bajaj,kritibaj702@yahoo.com,6291766280,"Plot No. 461, 1th Floor, C Wing, MG Road, Surat, Gujarat - 395012",875151509095,YPNPB2321Z,19-01-1961
Aditi Arora,aditi.arora64@gmail.com,7567308409,"House No. 34, 13th Floor, Block E, Station Road, Kanpur, Uttar Pradesh - 208016",269708099081,YGXPA4773L,20-07-1976
Ananya Pillai,ananya.pillai87@outlook.com,7800915051,"Flat 91, 12th Floor, B Wing, MG Road, Jaipur, Rajasthan - 302038",230560848449,XXHPP0874W,19-01-1988
Vihaan Shetty,vihaanshe755@hotmail.com,7530980944,"Flat 382, 6th Floor, B Wing, Station Road, Mysuru, Karnataka - 570014",503098477838,YXAPS1888I,26-10-1978
Shaurya Thakur,shaurya.thakur83@icloud.com,7256837499,"House No. 352, 14th Floor, D Wing, Circular Road, Ahmedabad, Gujarat - 380059",734272258900,FECPT8290K,12-02-2003
Deepak Gomes,deepak.gomes92@gmail.com,6737894985,"Flat 255, 9th Floor, A Wing, MG Road, Thiruvananthapuram, Kerala - 695012",717942205670,JFPPG6883S,05-11-1971
Sai Yash,sai.yash95@yahoo.com,6880044229,"House No. 273, 14th Floor, Block E, Circular Road, Coimbatore, Tamil Nadu - 641040",541189827341,KOVPY0061S,03-02-1962
Prakash Bose,prakash.bose67@gmail.com,7244705219,"Villa 299, 9th Floor, B Wing, Main Road, Delhi, Delhi - 110063",482117574990,GNBPB4263X,01-08-1973
Shruti Nair,shrutinai607@outlook.com,7967811598,"Flat 414, 13th Floor, Block E, Station Road, Bengaluru, Karnataka - 560077",753533944444,SNFPN8047C,03-06-2003
Sai Pandey,sai.pandey37@yahoo.com,9853829782,"Flat 388, 9th Floor, Block E, Station Road, Mysuru, Karnataka - 570021",559437464364,QVBPP5793L,20-02-1961
Gaurav Joshi,gaurav.joshi97@gmail.com,6648424838,"Plot No. 295, 8th Floor, Block E, Circular Road, Kochi, Kerala - 682028",503337147154,TVNPJ2138T,12-06-1966
Anita Grover,anita.grover80@hotmail.com,8485367928,"Flat 261, 13th Floor, Block E, Station Road, Bhubaneswar, Odisha - 751027",314709354541,QQMPG3339K,26-05-2004
Aditi Kulkarni,aditikul417@hotmail.com,6760881616,"Flat 452, 5th Floor, Block E, Main Road, Kochi, Kerala - 682036",366413730522,GTHPK5207Z,10-12-1975
Rajesh Patel,rajesh.patel29@outlook.com,7949953925,"Flat 207, 4th Floor, Block E, MG Road, Bengaluru, Karnataka - 560095",785851920327,QZWPP7233R,10-06-1985
Aadhya Deshmukh,aadhyades369@outlook.com,6722011556,"Plot No. 174, 7th Floor, D Wing, Link Road, Bengaluru, Karnataka - 560074",959860689300,XPUPD3872E,04-03-1981
Dinesh Trivedi,dinesh.trivedi95@gmail.com,8824200156,"House No. 319, 6th Floor, D Wing, Circular Road, Chandigarh, Chandigarh - 160040",352195954547,ARZPT1606E,25-06-2002
Naresh D'Souza,nareshd's447@hotmail.com,6734312200,"House No. 245, 12th Floor, Block F, Station Road, Chandigarh, Chandigarh - 160030",706767857184,IBTPD2656I,27-07-1985
Rahul Mehta,rahulmeh848@yahoo.com,9307946052,"House No. 56, 8th Floor, Block F, Park Street, Bengaluru, Karnataka - 560007",990088987673,YTWPM8177U,26-10-1968
Shruti Malik,shrutimal490@gmail.com,9187594943,"House No. 332, 11th Floor, A Wing, Main Road, Kolkata, West Bengal - 700055",863810874349,UUTPM8581L,11-02-1972
Reyansh Gaekwad,reyansh.gaekwad51@gmail.com,9983005640,"House No. 302, 12th Floor, B Wing, Station Road, Mysuru, Karnataka - 570023",349676476553,RHCPG2254Z,25-12-1982
Sunita Malhotra,sunita.malhotra77@outlook.com,6362814159,"Villa 409, 15th Floor, B Wing, MG Road, Hyderabad, Telangana - 500009",376115986258,GBQPM6959V,30-11-1998
Om Mehta,om.mehta89@outlook.com,8463618902,"House No. 167, 8th Floor, B Wing, Station Road, Surat, Gujarat - 395009",486329719808,KBJPM2358X,26-08-1997
Yash Malhotra,yashmal772@yahoo.com,6636590930,"Flat 423, 10th Floor, A Wing, Bypass Road, Mumbai, Maharashtra - 400023",433838386961,PXIPM9406L,29-10-1991
Vijay Shah,vijay.shah17@outlook.com,9387209037,"Flat 422, 5th Floor, C Wing, Main Road, Delhi, Delhi - 110008",823564146524,RUVPS6846S,17-06-1967
Rohan Fernandes,rohanfer357@hotmail.com,7846788674,"Villa 221, 5th Floor, B Wing, Circular Road, Ahmedabad, Gujarat - 380052",700972835846,LKGPF6173H,20-05-1974
Atharva Banerjee,atharvaban398@yahoo.com,7521580540,"Flat 377, 13th Floor, D Wing, Ring Road, Mysuru, Karnataka - 570022",791297474348,UKWPB3158A,21-06-1965
Ashok Agarwal,ashokaga470@gmail.com,8937690251,"Flat 21, 13th Floor, D Wing, Ring Road, Thiruvananthapuram, Kerala - 695038",585692258776,RKWPA8601I,25-10-1968
Yash Arora,yash.arora88@gmail.com,6712116107,"House No. 105, 14th Floor, A Wing, Ring Road, Coimbatore, Tamil Nadu - 641023",894489197875,VKLPA1551B,24-11-1993
Suman Hegde,suman.hegde2@hotmail.com,7391737607,"Villa 134, 7th Floor, D Wing, Ring Road, Chandigarh, Chandigarh - 160060",940724488027,BRPPH6871R,03-12-1980
Aadhya Gupta,aadhya.gupta84@outlook.com,6317610228,"Plot No. 322, 15th Floor, Block E, Main Road, Coimbatore, Tamil Nadu - 641036",723438562996,RQMPG3461I,20-07-1990
Om Grover,omgro348@outlook.com,9747742450,"Villa 39, 8th Floor, A Wing, Station Road, Lucknow, Uttar Pradesh - 226019",437318711054,QGCPG2297P,24-05-1966
Sandeep Bajaj,sandeep.bajaj67@icloud.com,9338999959,"House No. 179, 4th Floor, A Wing, Station Road, Kolkata, West Bengal - 700062",540761098439,GZFPB8730M,25-12-1981
Sneha Bajaj,sneha.bajaj90@yahoo.com,7020568616,"Plot No. 443, 12th Floor, Block F, Circular Road, Ahmedabad, Gujarat - 380048",281162759728,AQCPB4033J,09-11-1982
Aanya Gomes,aanyagom927@hotmail.com,9367240353,"House No. 177, 11th Floor, B Wing, Main Road, Chennai, Tamil Nadu - 600034",235120374524,CFZPG0039J,13-05-1960
Kriti Yadav,kritiyad825@hotmail.com,8722299771,"Plot No. 414, 8th Floor, A Wing, MG Road, Chennai, Tamil Nadu - 600090",923531875163,MUOPY0839I,27-08-1993
Kriti Agarwal,kritiaga841@icloud.com,9177104205,"House No. 106, 5th Floor, B Wing, Circular Road, Hyderabad, Telangana - 500084",813571606290,WAYPA8851T,27-08-2004
Tanvi Arora,tanvi.arora49@yahoo.com,9219660778,"Flat 190, 1th Floor, B Wing, Park Street, Kolkata, West Bengal - 700016",629979582530,EVCPA4668V,08-09-1981
Ananya Mehta,ananyameh761@icloud.com,8564815963,"House No. 36, 11th Floor, Block F, Park Street, Kolkata, West Bengal - 700015",309833514013,AKAPM4672O,10-07-1987
Diya Sheikh,diya.sheikh30@gmail.com,6683780800,"Plot No. 199, 9th Floor, C Wing, Bypass Road, Hyderabad, Telangana - 500009",450939567592,YUIPS3114E,02-03-1967
Saanvi Sheikh,saanvishe544@yahoo.com,9265086161,"House No. 252, 11th Floor, Block E, Station Road, Mumbai, Maharashtra - 400018",998005226539,OIWPS6249T,27-05-1989
Atharva Mehta,atharvameh350@hotmail.com,6467578148,"Villa 118, 14th Floor, D Wing, Station Road, Patna, Bihar - 800007",922773228096,XOYPM2408Z,22-02-1962
Sandeep Malhotra,sandeep.malhotra19@gmail.com,6153303569,"Flat 496, 6th Floor, C Wing, Ring Road, Coimbatore, Tamil Nadu - 641047",449264092762,RVPPM7639W,17-03-1988
Sanjay Kapoor,sanjaykap173@icloud.com,7525720337,"Plot No. 466, 2th Floor, A Wing, MG Road, Kolkata, West Bengal - 700024",912421015044,WPSPK6657B,14-02-1982
Karan Khan,karankha932@icloud.com,7251285046,"House No. 374, 11th Floor, B Wing, MG Road, Kolkata, West Bengal - 700002",964313061075,HXMPK3531T,30-08-1964
Karan Roy,karan.roy42@yahoo.com,9564247633,"Plot No. 372, 6th Floor, B Wing, Link Road, Kochi, Kerala - 682029",978422533184,KEJPR2260T,24-03-1960
Aditi Roy,aditiroy212@yahoo.com,7725982965,"House No. 432, 4th Floor, B Wing, Station Road, Chennai, Tamil Nadu - 600066",965722549726,APPPR8562K,08-05-1988
Sunita Mukherjee,sunitamuk987@hotmail.com,6654182974,"Flat 123, 11th Floor, C Wing, MG Road, Chennai, Tamil Nadu - 600068",244525669458,OUZPM0419J,11-10-1990
Aditya Mehta,adityameh269@hotmail.com,9447728941,"Villa 169, 8th Floor, Block E, Station Road, Surat, Gujarat - 395006",381578095026,QYLPM9736T,25-02-2003
Riya Gaekwad,riyagae834@icloud.com,8298888089,"House No. 256, 4th Floor, A Wing, MG Road, Kochi, Kerala - 682018",225996727292,TDCPG0370J,31-01-1960
Sneha Hegde,snehaheg372@outlook.com,7807071785,"Flat 131, 1th Floor, Block F, Bypass Road, Bengaluru, Karnataka - 560034",371425487273,PUFPH5247G,27-03-1960
Sunita Kapoor,sunitakap786@icloud.com,8151995830,"Villa 461, 5th Floor, C Wing, Link Road, Lucknow, Uttar Pradesh - 226007",761368477155,GSAPK4902Y,01-05-1972
Sanjay Mehta,sanjay.mehta66@gmail.com,6994773742,"Villa 412, 4th Floor, A Wing, Main Road, Bengaluru, Karnataka - 560040",663192718339,KPAPM5939Z,14-11-1999
Ishaan Bajaj,ishaanbaj307@yahoo.com,8656005131,"Villa 237, 8th Floor, C Wing, Station Road, Ahmedabad, Gujarat - 380022",232297510625,LRUPB0236A,20-03-2004
Preeti Reddy,preeti.reddy3@outlook.com,6425477960,"Villa 57, 6th Floor, Block F, Link Road, Mumbai, Maharashtra - 400024",290693955179,AHUPR5684M,15-12-1979
Tanvi Gupta,tanvigup575@hotmail.com,7750301430,"House No. 359, 10th Floor, D Wing, MG Road, Bengaluru, Karnataka - 560082",276357028617,UTHPG1698Q,06-04-1998
Dinesh Khan,dinesh.khan75@hotmail.com,9011577766,"Flat 219, 2th Floor, C Wing, Circular Road, Pune, Maharashtra - 411028",938069538175,BBTPK4266G,11-03-2005
Aditi Khanna,aditikha996@gmail.com,8082301965,"Villa 389, 3th Floor, Block F, MG Road, Bengaluru, Karnataka - 560084",982938673952,RJDPK5996Q,02-10-1994
Om Chawla,om.chawla93@icloud.com,9427537617,"House No. 480, 2th Floor, C Wing, Ring Road, Surat, Gujarat - 395001",443155867752,ZUIPC9981A,21-04-1981
Rohan Khanna,rohan.khanna90@icloud.com,7250972567,"House No. 428, 14th Floor, D Wing, MG Road, Chennai, Tamil Nadu - 600102",916920745128,VORPK6263Y,02-08-1978
Meena Das,meenadas491@hotmail.com,7922916587,"Flat 59, 10th Floor, B Wing, Circular Road, Kanpur, Uttar Pradesh - 208026",924821943681,KHHPD8130A,14-04-1990
Anita Bajaj,anitabaj641@hotmail.com,8718937220,"Flat 19, 12th Floor, A Wing, Station Road, Patna, Bihar - 800028",851082840816,SREPB8607U,21-09-1992
Sai Shetty,saishe308@icloud.com,8940609161,"Plot No. 186, 6th Floor, D Wing, Bypass Road, Bhubaneswar, Odisha - 751013",992772569267,DQOPS2046K,04-09-1985
Meena Kapoor,meenakap734@hotmail.com,6630165638,"Villa 318, 3th Floor, Block F, Link Road, Kolkata, West Bengal - 700075",296640877135,ELDPK3373E,07-05-1962
Anjali Iyengar,anjali.iyengar23@hotmail.com,9682744247,"Flat 432, 6th Floor, C Wing, Link Road, Mysuru, Karnataka - 570005",435916419543,TFCPI6742J,27-05-1984
Prakash Malhotra,prakash.malhotra84@outlook.com,6282847830,"House No. 414, 13th Floor, B Wing, Link Road, Pune, Maharashtra - 411031",683719441708,AFGPM5611V,13-08-2002
Vikram Sharma,vikramsha453@gmail.com,7310317303,"House No. 211, 14th Floor, A Wing, Park Street, Hyderabad, Telangana - 500018",379265904382,JEHPS5238I,19-11-1965
Sai Malik,saimal145@outlook.com,9236347095,"House No. 264, 9th Floor, D Wing, Link Road, Chandigarh, Chandigarh - 160018",486298542656,ZGHPM5311F,12-08-2005
Vivaan Gomes,vivaangom792@outlook.com,6752016909,"Flat 128, 1th Floor, C Wing, Station Road, Kochi, Kerala - 682024",784971618368,FVAPG3966W,17-10-1977
Aditi Khanna,aditikha825@gmail.com,7219125588,"House No. 271, 10th Floor, D Wing, Park Street, Mysuru, Karnataka - 570028",754350682676,YWSPK2517Q,27-09-1984
Ashok Shetty,ashok.shetty22@outlook.com,7149709153,"House No. 457, 13th Floor, B Wing, Main Road, Thiruvananthapuram, Kerala - 695036",488927010125,KGOPS1957Q,15-04-1969
Deepak Gupta,deepak.gupta2@gmail.com,6716903289,"House No. 462, 2th Floor, D Wing, MG Road, Mumbai, Maharashtra - 400023",227416958524,MXAPG4480R,07-11-1991
Aadhya Malhotra,aadhyamal614@gmail.com,8865215971,"Villa 331, 14th Floor, Block F, Station Road, Kochi, Kerala - 682040",572997704010,NQZPM3650G,02-06-1990
Lata Deshmukh,latades801@outlook.com,7127010480,"Villa 418, 7th Floor, D Wing, Link Road, Delhi, Delhi - 110048",629775782541,JHJPD9987L,05-07-1973
Ishaan Chatterjee,ishaan.chatterjee59@yahoo.com,7153472519,"House No. 50, 11th Floor, B Wing, Bypass Road, Chennai, Tamil Nadu - 600027",703346363639,XSMPC6049H,20-11-1981
Tanvi Patel,tanvi.patel45@icloud.com,6935098420,"Villa 369, 2th Floor, Block F, Link Road, Kanpur, Uttar Pradesh - 208003",400497004003,ZTGPP6565J,29-11-1968
Deepak D'Souza,deepakd's376@gmail.com,6557753801,"Flat 326, 9th Floor, C Wing, Link Road, Kolkata, West Bengal - 700127",398103906875,FJKPD2765M,20-05-1987
Lata Das,lata.das27@gmail.com,6748620514,"Flat 402, 6th Floor, B Wing, Link Road, Kanpur, Uttar Pradesh - 208004",965496327935,CARPD0632P,20-10-1972
Arjun Gomes,arjun.gomes46@yahoo.com,6363618820,"House No. 370, 11th Floor, A Wing, Circular Road, Chandigarh, Chandigarh - 160060",597762726038,AZOPG3842J,04-08-1978
Aryan Pillai,aryanpil924@yahoo.com,6861734613,"House No. 293, 5th Floor, Block E, Link Road, Bengaluru, Karnataka - 560049",207380884873,QFQPP8758P,18-02-1992
Gaurav Malik,gaurav.malik10@gmail.com,6037175379,"Villa 50, 7th Floor, Block E, Station Road, Jaipur, Rajasthan - 302021",243846249921,POTPM1298K,08-03-1973
Diya Das,diyadas777@outlook.com,8993645776,"Villa 138, 13th Floor, A Wing, Park Street, Chandigarh, Chandigarh - 160049",507973899187,MMPPD1115Z,04-07-1982
Anjali Deshmukh,anjalides641@gmail.com,8928369448,"Flat 347, 1th Floor, Block E, MG Road, Surat, Gujarat - 395003",643162235678,BEQPD9072G,26-07-1983
Aditya Kapoor,adityakap772@icloud.com,7307149450,"Flat 118, 2th Floor, C Wing, Link Road, Mysuru, Karnataka - 570015",940400051046,VDFPK4481O,18-04-1970
Meena Chavan,meenacha915@gmail.com,9832337381,"Plot No. 249, 14th Floor, D Wing, Ring Road, Mumbai, Maharashtra - 400005",389564073665,KTZPC4299U,01-09-1991
Ramesh Gomes,rameshgom173@icloud.com,8626701420,"Flat 345, 11th Floor, D Wing, MG Road, Mysuru, Karnataka - 570028",822400731939,PSIPG8979D,17-01-2000
Sunita Iyengar,sunitaiye556@outlook.com,7791503286,"House No. 339, 5th Floor, Block E, Bypass Road, Mysuru, Karnataka - 570024",371398957740,EUOPI1927U,17-05-1975
Om Malik,ommal757@gmail.com,8589438808,"Plot No. 317, 11th Floor, B Wing, Main Road, Kolkata, West Bengal - 700025",870511121695,YCVPM0058I,23-08-1973
Aditi Kumar,aditi.kumar42@gmail.com,8665408097,"Villa 207, 3th Floor, Block F, Bypass Road, Patna, Bihar - 800015",479339259536,OOMPK7031A,11-04-1997
Krishna Grover,krishnagro364@icloud.com,6758626482,"Flat 76, 3th Floor, Block E, MG Road, Mumbai, Maharashtra - 400005",404577732211,XMOPG8841L,11-03-2004
Pranav Chavan,pranav.chavan78@yahoo.com,7434500095,"Flat 388, 4th Floor, Block E, MG Road, Lucknow, Uttar Pradesh - 226029",278929567203,NOQPC8701G,16-07-1990
Arnav Kumar,arnav.kumar60@yahoo.com,8522699334,"Flat 406, 12th Floor, Block E, MG Road, Nagpur, Maharashtra - 440033",222544668669,XYGPK2485L,12-08-1998
Sneha Das,snehadas927@icloud.com,7599306908,"Plot No. 172, 4th Floor, B Wing, Station Road, Chennai, Tamil Nadu - 600064",374888239474,FNPPD7176Z,11-03-1996
Mahesh Pandey,maheshpan574@hotmail.com,7396423784,"House No. 2, 1th Floor, C Wing, Bypass Road, Bengaluru, Karnataka - 560053",893796538922,WJFPP1485R,07-10-1990
Rudra Singh,rudrasin414@hotmail.com,8060282230,"Plot No. 339, 13th Floor, C Wing, Main Road, Hyderabad, Telangana - 500024",408464241565,TYIPS5207U,21-02-1969
Rohan Fernandes,rohan.fernandes94@gmail.com,6764470072,"Flat 391, 2th Floor, Block E, Park Street, Hyderabad, Telangana - 500086",692673973002,SVRPF6919C,02-02-1999
Ishaan Bajaj,ishaanbaj341@yahoo.com,8123869013,"Flat 296, 9th Floor, Block F, Ring Road, Patna, Bihar - 800002",587524349087,QILPB6135K,31-12-1963
Shaurya Thakur,shauryatha672@gmail.com,7270646943,"Flat 297, 7th Floor, A Wing, Main Road, Mumbai, Maharashtra - 400031",224721450140,MLBPT0177J,11-09-2004
Rohan Kulkarni,rohan.kulkarni25@yahoo.com,7269796330,"House No. 445, 6th Floor, A Wing, MG Road, Coimbatore, Tamil Nadu - 641025",705481054824,NTUPK7418C,21-08-1999
Satish Joshi,satish.joshi7@hotmail.com,9610329353,"Villa 71, 6th Floor, C Wing, Link Road, Ahmedabad, Gujarat - 380052",914564681472,IRWPJ7777U,25-04-1986
Rahul Deshmukh,rahuldes689@yahoo.com,7877988574,"Villa 248, 11th Floor, Block F, Station Road, Pune, Maharashtra - 411056",570910049559,RKHPD1312M,30-09-1975
Anita D'Souza,anitad's485@yahoo.com,6039701279,"Villa 422, 6th Floor, C Wing, Link Road, Mysuru, Karnataka - 570021",672763173704,VLYPD7883K,23-10-1985
Advait Sen,advait.sen65@hotmail.com,8045065510,"Flat 21, 10th Floor, B Wing, Circular Road, Jaipur, Rajasthan - 302001",521407764977,QSLPS3602X,20-11-1991
Rajesh Deshmukh,rajeshdes489@outlook.com,8404960714,"House No. 5, 4th Floor, Block F, Ring Road, Bengaluru, Karnataka - 560008",659308503461,CVVPD9695G,22-06-2005
Harsh Agarwal,harsh.agarwal31@outlook.com,9200773083,"Flat 207, 13th Floor, Block F, Park Street, Ahmedabad, Gujarat - 380045",702712852961,IIBPA5820L,06-01-2001
Vijay Chavan,vijaycha714@yahoo.com,7882034126,"Flat 165, 9th Floor, B Wing, Circular Road, Bhubaneswar, Odisha - 751011",563067798321,VQZPC7499W,04-10-1993
Diya Chavan,diya.chavan13@hotmail.com,7773844924,"House No. 159, 10th Floor, C Wing, Main Road, Kochi, Kerala - 682026",443058874974,YRWPC3964X,09-05-1984
Prakash Bajaj,prakashbaj621@hotmail.com,6796022270,"Plot No. 123, 3th Floor, Block E, Bypass Road, Nagpur, Maharashtra - 440034",948103634560,FOHPB2388V,08-07-1993
Shaurya Grover,shaurya.grover42@hotmail.com,8065259828,"House No. 137, 2th Floor, B Wing, Link Road, Jaipur, Rajasthan - 302037",946831328940,GQCPG5595Z,10-05-2002
Diya Grover,diya.grover56@outlook.com,8602155787,"Villa 47, 7th Floor, A Wing, Park Street, Ahmedabad, Gujarat - 380014",332555013816,JUUPG2100W,01-10-1964
Kabir Deshmukh,kabirdes498@hotmail.com,8484025183,"House No. 448, 4th Floor, Block F, Ring Road, Coimbatore, Tamil Nadu - 641035",383489816482,HJVPD2617M,07-09-1977
Sunita Fernandes,sunita.fernandes92@gmail.com,6593860666,"Villa 378, 10th Floor, C Wing, Park Street, Bengaluru, Karnataka - 560018",339126908164,ZRVPF1244S,17-07-1973
Karan Joshi,karanjos422@outlook.com,7944875350,"Villa 192, 10th Floor, A Wing, Bypass Road, Kanpur, Uttar Pradesh - 208018",717560455398,NFXPJ1433U,12-08-1987
Anita Pillai,anita.pillai8@hotmail.com,8154295150,"Plot No. 263, 14th Floor, C Wing, Bypass Road, Bengaluru, Karnataka - 560080",724281345337,FNFPP2937W,27-08-1964
Anjali Grover,anjali.grover20@gmail.com,9231939456,"House No. 407, 2th Floor, C Wing, Station Road, Chennai, Tamil Nadu - 600118",534370982639,FJUPG9526B,17-09-1965
Reyansh Yash,reyansh.yash33@yahoo.com,7030297349,"Flat 451, 12th Floor, C Wing, Circular Road, Jaipur, Rajasthan - 302038",775178795016,ZBVPY4144B,27-10-1967
Suresh Mehta,suresh.mehta89@yahoo.com,6203935530,"Flat 45, 9th Floor, A Wing, Main Road, Kochi, Kerala - 682012",821007994808,OAPPM9892E,19-08-1978
Mahesh Shetty,mahesh.shetty69@icloud.com,8620326963,"Flat 11, 11th Floor, A Wing, Bypass Road, Coimbatore, Tamil Nadu - 641024",678552077297,DMQPS8620P,27-01-1993
Vivaan Roy,vivaanroy542@icloud.com,9146740600,"House No. 126, 9th Floor, Block E, MG Road, Thiruvananthapuram, Kerala - 695027",946817941491,TULPR2571V,26-11-1989
Sneha Thakur,sneha.thakur40@gmail.com,6557385551,"Villa 338, 3th Floor, Block E, Main Road, Chandigarh, Chandigarh - 160032",427721789767,OTYPT6446K,18-05-1983
Sai Fernandes,sai.fernandes60@gmail.com,7317620047,"Flat 99, 10th Floor, D Wing, Park Street, Mysuru, Karnataka - 570027",579696756015,HKDPF3554I,19-02-2002
Kavita Thakur,kavitatha677@gmail.com,7064613916,"House No. 28, 15th Floor, D Wing, Circular Road, Kolkata, West Bengal - 700084",552660973506,VSTPT3132E,27-04-1967
Vikram Shetty,vikram.shetty34@outlook.com,8398247119,"Plot No. 457, 10th Floor, B Wing, Main Road, Mysuru, Karnataka - 570010",602826984728,ZCDPS6817R,31-10-1996
Aditya Fernandes,aditya.fernandes59@yahoo.com,8832565796,"Plot No. 178, 5th Floor, C Wing, Bypass Road, Chennai, Tamil Nadu - 600129",795477550862,NDJPF0448X,17-02-1989
Aarav Reddy,aaravred423@outlook.com,6308923319,"Flat 390, 6th Floor, A Wing, MG Road, Chandigarh, Chandigarh - 160023",803315748280,DUAPR5544U,04-01-1983
Suresh Nair,sureshnai375@hotmail.com,7656080091,"Villa 86, 6th Floor, D Wing, Park Street, Patna, Bihar - 800008",336976025460,ICBPN1277U,21-05-1999
Suresh Patel,sureshpat505@yahoo.com,6629969724,"Plot No. 341, 15th Floor, A Wing, Park Street, Jaipur, Rajasthan - 302013",277267118460,LPNPP3574T,19-08-1960
Aanya Yash,aanyayas541@icloud.com,8969123943,"Villa 79, 2th Floor, C Wing, Park Street, Mumbai, Maharashtra - 400013",860837043041,LDMPY8048N,09-08-1976
Naresh Ansari,naresh.ansari75@icloud.com,6766330161,"Plot No. 223, 12th Floor, A Wing, Park Street, Nagpur, Maharashtra - 440020",761722196810,XDZPA8893V,06-02-1998
Lata Fernandes,latafer566@yahoo.com,6012228129,"Flat 339, 13th Floor, B Wing, Ring Road, Bhubaneswar, Odisha - 751017",771603123638,DGSPF8494T,16-04-1983
Ishaan Mishra,ishaan.mishra66@yahoo.com,7712958661,"Flat 12, 11th Floor, Block F, Bypass Road, Ahmedabad, Gujarat - 380059",996158832439,SRAPM8851I,08-07-1999
Aryan Kulkarni,aryankul142@yahoo.com,7799654799,"Villa 66, 15th Floor, C Wing, MG Road, Ahmedabad, Gujarat - 380012",216879674552,SXZPK5711K,20-05-1974
Asha Reddy,asha.reddy28@hotmail.com,8204085397,"House No. 181, 9th Floor, D Wing, Link Road, Lucknow, Uttar Pradesh - 226003",742342762826,LASPR5365B,05-02-1967
Sandeep Mishra,sandeep.mishra83@gmail.com,6941488381,"Plot No. 446, 7th Floor, B Wing, Main Road, Pune, Maharashtra - 411050",310745215765,HBOPM6799V,31-03-2002
Ashok Choudhury,ashok.choudhury42@icloud.com,7926279936,"Plot No. 372, 14th Floor, A Wing, Main Road, Surat, Gujarat - 395012",997675024185,CSEPC8802N,21-09-1963
Aarav Sen,aaravsen286@hotmail.com,9459169454,"Villa 96, 4th Floor, C Wing, Main Road, Patna, Bihar - 800004",417742965556,QPIPS8680G,13-08-1987
Harsh Kumar,harshkum792@outlook.com,7367769963,"Plot No. 305, 6th Floor, B Wing, MG Road, Coimbatore, Tamil Nadu - 641048",992601572339,QADPK3401C,07-02-1993
Krishna Reddy,krishnared517@outlook.com,6344771506,"Villa 142, 13th Floor, A Wing, Circular Road, Delhi, Delhi - 110006",654795251017,UDXPR0122K,20-12-1972
Riya Khanna,riya.khanna11@yahoo.com,8569276400,"Plot No. 1, 6th Floor, A Wing, Circular Road, Kanpur, Uttar Pradesh - 208007",961065350796,BTHPK6730G,20-01-1982
Rahul Grover,rahulgro940@yahoo.com,8923835806,"House No. 184, 3th Floor, B Wing, Park Street, Pune, Maharashtra - 411020",677840317552,YYTPG3692D,01-12-1985
Ananya Choudhury,ananyacho364@yahoo.com,8075590244,"House No. 145, 6th Floor, Block F, Ring Road, Thiruvananthapuram, Kerala - 695018",368509493994,BWTPC6793J,11-07-1987
Yash Bajaj,yashbaj780@outlook.com,9507386425,"Plot No. 188, 11th Floor, C Wing, Park Street, Patna, Bihar - 800021",850356696171,PHHPB6767I,19-05-2002
Tanvi Iyengar,tanvi.iyengar24@outlook.com,7577453976,"Plot No. 471, 13th Floor, Block E, Link Road, Kochi, Kerala - 682026",390914135836,KOTPI9091N,22-08-1962
Arnav Hegde,arnavheg412@outlook.com,8107915809,"Plot No. 448, 15th Floor, Block E, Circular Road, Hyderabad, Telangana - 500090",581612779215,OOKPH9810R,01-03-1986
Vijay Gomes,vijaygom693@icloud.com,6852896374,"Flat 411, 7th Floor, Block E, Station Road, Lucknow, Uttar Pradesh - 226010",825454360683,PDXPG9837L,06-09-1992
Rudra Gupta,rudragup374@yahoo.com,8169107372,"House No. 81, 4th Floor, Block F, Ring Road, Kolkata, West Bengal - 700087",551871116656,RPBPG4030M,30-12-2005
Ananya Chatterjee,ananya.chatterjee20@gmail.com,6576007950,"Plot No. 83, 7th Floor, Block F, Bypass Road, Pune, Maharashtra - 411035",523260087898,CAXPC7463M,11-11-1979
Kiara Banerjee,kiara.banerjee34@outlook.com,8335763230,"House No. 396, 2th Floor, Block E, Bypass Road, Patna, Bihar - 800010",862144491244,UTMPB2649M,01-12-1975
Aditya Kapoor,adityakap310@icloud.com,8762786537,"Flat 34, 13th Floor, Block E, Circular Road, Kochi, Kerala - 682021",788602302297,KSMPK1298O,30-03-1989
Rohan Sharma,rohan.sharma10@yahoo.com,8356104513,"Villa 17, 2th Floor, C Wing, Ring Road, Chandigarh, Chandigarh - 160049",623862499181,GCRPS0102A,04-05-1993
Tanvi Chavan,tanvi.chavan44@outlook.com,6630085665,"Plot No. 92, 1th Floor, D Wing, Ring Road, Surat, Gujarat - 395007",355089413681,TBHPC8115D,05-09-1985
Amit Chawla,amit.chawla84@yahoo.com,9242817966,"Flat 454, 1th Floor, C Wing, Park Street, Chandigarh, Chandigarh - 160046",606185859530,BEFPC4666U,06-12-2000
Anita Ansari,anitaans438@yahoo.com,8945914362,"Flat 464, 8th Floor, D Wing, Park Street, Delhi, Delhi - 110091",796065048430,XQGPA8691F,02-11-1998
Aditya Malhotra,aditya.malhotra53@gmail.com,9688532903,"Flat 52, 15th Floor, C Wing, Park Street, Thiruvananthapuram, Kerala - 695026",262956545265,FTCPM6089V,02-09-2004
Ananya Reddy,ananyared553@hotmail.com,6900191798,"House No. 390, 10th Floor, Block F, MG Road, Ahmedabad, Gujarat - 380005",815703670824,YVFPR3638E,28-01-1977
Anjali Khanna,anjalikha553@gmail.com,6042558688,"Plot No. 29, 12th Floor, C Wing, Link Road, Hyderabad, Telangana - 500093",865773337069,XCLPK3842X,24-04-1980
Prakash Rao,prakashrao732@icloud.com,6958565710,"Plot No. 371, 10th Floor, B Wing, Bypass Road, Hyderabad, Telangana - 500046",554957888732,VNUPR0789Y,10-07-1994
Amit Trivedi,amit.trivedi37@outlook.com,8248982941,"House No. 485, 3th Floor, Block E, Circular Road, Bengaluru, Karnataka - 560025",735984619569,PZFPT7091Z,14-05-1973
Anjali Chavan,anjalicha324@outlook.com,6883070372,"Flat 495, 11th Floor, C Wing, Ring Road, Coimbatore, Tamil Nadu - 641039",519534856173,PQSPC9642D,01-03-1999
Diya Chawla,diya.chawla43@outlook.com,7602299832,"Flat 335, 2th Floor, Block E, Bypass Road, Chandigarh, Chandigarh - 160041",820029793489,YIMPC6010V,06-01-1991
Rohan Pillai,rohan.pillai63@yahoo.com,6579303362,"Flat 393, 3th Floor, Block E, Ring Road, Mysuru, Karnataka - 570001",954047065713,MOJPP3386P,09-12-1989
Aadhya Reddy,aadhya.reddy8@hotmail.com,8726835715,"Villa 210, 4th Floor, D Wing, Station Road, Pune, Maharashtra - 411049",699765812130,WOXPR1978H,18-07-1999
Ananya Bose,ananya.bose14@icloud.com,7111728603,"Villa 166, 14th Floor, Block E, MG Road, Kanpur, Uttar Pradesh - 208025",614714662434,UZIPB1203E,16-12-1997
Ayaans D'Souza,ayaansd's798@gmail.com,6129582023,"Villa 423, 6th Floor, Block F, Circular Road, Thiruvananthapuram, Kerala - 695005",359157974807,FMUPD1177S,21-07-1995
Deepak Mukherjee,deepakmuk957@icloud.com,9414648995,"Villa 365, 2th Floor, D Wing, Bypass Road, Bengaluru, Karnataka - 560048",499991565957,WLMPM1467T,01-03-1976
Kavita Singh,kavita.singh40@icloud.com,8188270003,"House No. 57, 3th Floor, C Wing, Station Road, Lucknow, Uttar Pradesh - 226004",887051116288,VWYPS7280T,14-03-1988
Ishaan Ansari,ishaan.ansari84@gmail.com,6491195771,"Villa 314, 7th Floor, Block E, Park Street, Hyderabad, Telangana - 500088",523120107477,IQOPA8421H,12-05-1962
Suresh Arora,suresharo775@gmail.com,7976989162,"Plot No. 156, 2th Floor, Block E, Link Road, Coimbatore, Tamil Nadu - 641014",753463310312,HHNPA3587Q,28-08-1984
Rekha Chavan,rekha.chavan22@outlook.com,7017080893,"Villa 480, 7th Floor, A Wing, Station Road, Coimbatore, Tamil Nadu - 641045",350416910982,NQVPC2121C,11-03-1987
Anjali Yadav,anjali.yadav97@yahoo.com,6880035443,"House No. 215, 3th Floor, C Wing, Link Road, Jaipur, Rajasthan - 302016",870488266139,XNMPY3356G,05-10-1990
Om Chawla,om.chawla81@outlook.com,7435041467,"Villa 406, 2th Floor, B Wing, Bypass Road, Kolkata, West Bengal - 700041",925355413935,PGUPC0906H,28-02-1991
Naresh Arora,naresharo437@outlook.com,6688611912,"Flat 57, 7th Floor, Block F, MG Road, Pune, Maharashtra - 411055",649638737370,LCDPA3263J,22-12-1991
Dinesh Malik,dineshmal975@gmail.com,8949426359,"Plot No. 290, 3th Floor, D Wing, Ring Road, Jaipur, Rajasthan - 302006",959515913205,TSQPM5372C,18-03-1993
Saanvi Gomes,saanvigom993@icloud.com,8590411143,"Flat 469, 10th Floor, Block E, Park Street, Bengaluru, Karnataka - 560080",879809162023,DGIPG0249I,01-11-1964
Aarav Yadav,aarav.yadav82@icloud.com,7542120327,"Flat 117, 14th Floor, D Wing, Station Road, Patna, Bihar - 800018",948562341983,KCVPY3120A,20-02-1961
Harish Banerjee,harishban306@hotmail.com,8757146182,"Flat 270, 1th Floor, A Wing, Link Road, Delhi, Delhi - 110093",442350232772,LLKPB1263O,23-11-1997
Harsh Khan,harshkha955@hotmail.com,6694357953,"Plot No. 232, 10th Floor, C Wing, Circular Road, Kanpur, Uttar Pradesh - 208006",281944757650,CRAPK8473R,16-11-2001
Sai Bajaj,sai.bajaj74@icloud.com,8841284098,"Plot No. 143, 5th Floor, D Wing, Link Road, Nagpur, Maharashtra - 440018",429648883013,SGKPB0327Y,13-11-1990
Rohan Chawla,rohan.chawla41@gmail.com,7140965845,"Plot No. 419, 6th Floor, A Wing, MG Road, Kanpur, Uttar Pradesh - 208010",580737024727,SIRPC5956O,14-05-1994
Asha Hegde,asha.hegde66@hotmail.com,8478844696,"Flat 460, 11th Floor, Block F, Link Road, Chandigarh, Chandigarh - 160031",231306434272,WVFPH3556X,09-06-1986
Anita Verma,anitaver882@gmail.com,8376553927,"Villa 184, 11th Floor, Block F, Station Road, Kolkata, West Bengal - 700057",746380373328,ZQAPV0332P,19-03-1984
Pranav Nair,pranav.nair72@gmail.com,6435169522,"Flat 19, 9th Floor, C Wing, MG Road, Chandigarh, Chandigarh - 160046",522383069553,XDOPN1497Z,09-05-1995
Rajesh Ansari,rajesh.ansari3@yahoo.com,6226362296,"Villa 446, 4th Floor, Block E, Park Street, Lucknow, Uttar Pradesh - 226024",962137872740,SGFPA6111G,15-08-1975
Suresh Khan,suresh.khan89@outlook.com,7369278956,"Villa 432, 4th Floor, C Wing, Circular Road, Kochi, Kerala - 682009",892985311180,CPOPK8854D,28-06-1960
Sandeep Chatterjee,sandeep.chatterjee44@gmail.com,6093178527,"House No. 19, 5th Floor, Block E, MG Road, Thiruvananthapuram, Kerala - 695037",774448880980,FSHPC2051P,04-09-1997
Diya Ansari,diya.ansari20@hotmail.com,8488036545,"Flat 412, 3th Floor, B Wing, Bypass Road, Kochi, Kerala - 682033",252578876760,FOXPA3199D,16-09-1995
Kriti Grover,kriti.grover88@outlook.com,8420350219,"Flat 239, 5th Floor, B Wing, Main Road, Coimbatore, Tamil Nadu - 641008",904009302648,PAUPG3406E,12-04-1970
Kavita Joshi,kavita.joshi91@yahoo.com,8192208869,"House No. 326, 11th Floor, B Wing, Main Road, Kochi, Kerala - 682032",689071819168,KCTPJ3230G,20-08-2002
Pooja Deshmukh,pooja.deshmukh23@outlook.com,9873888883,"Plot No. 457, 8th Floor, D Wing, Ring Road, Mysuru, Karnataka - 570013",968439802949,EQGPD0374U,09-08-1990
Rajesh Hegde,rajesh.hegde4@icloud.com,9700910930,"Flat 256, 9th Floor, C Wing, Circular Road, Chennai, Tamil Nadu - 600026",278632964638,WFVPH0276F,18-03-1970
Tanvi Agarwal,tanvi.agarwal89@yahoo.com,7530113183,"Flat 303, 13th Floor, B Wing, Main Road, Hyderabad, Telangana - 500077",440507735548,QHTPA7027C,31-07-1971
Vivaan Pandey,vivaanpan151@yahoo.com,7239263754,"Villa 129, 2th Floor, D Wing, Ring Road, Kochi, Kerala - 682015",534201013689,ZBIPP7144P,04-01-1976
Suman Malik,sumanmal286@icloud.com,7405121127,"Plot No. 328, 9th Floor, Block E, Bypass Road, Mysuru, Karnataka - 570027",266877357453,YZZPM1542L,17-07-1996
Saanvi Malik,saanvimal780@yahoo.com,6076337314,"Flat 156, 1th Floor, Block E, Park Street, Mumbai, Maharashtra - 400068",654203919089,PNQPM2427Z,28-08-1980
Deepak Thakur,deepak.thakur28@yahoo.com,7188611913,"Flat 50, 9th Floor, Block F, Park Street, Patna, Bihar - 800026",759444027154,RBTPT8056C,29-05-1990
Aanya Yash,aanyayas312@gmail.com,8367263173,"Plot No. 361, 5th Floor, Block E, Ring Road, Chennai, Tamil Nadu - 600113",394562987636,ENNPY3158M,07-07-1983
Aditi Das,aditi.das94@icloud.com,9515153601,"Flat 286, 5th Floor, A Wing, Bypass Road, Mumbai, Maharashtra - 400039",895445051896,LTCPD3278I,16-04-1993
Pranav Yash,pranav.yash26@gmail.com,9802649060,"Villa 175, 15th Floor, Block F, MG Road, Ahmedabad, Gujarat - 380051",869619810168,FGGPY4720I,14-04-1976
Diya Roy,diyaroy333@gmail.com,8815322291,"House No. 178, 14th Floor, Block F, Park Street, Kolkata, West Bengal - 700060",599581945293,EMCPR4823N,24-12-1979
Ishaan Verma,ishaan.verma69@gmail.com,9116041142,"Plot No. 348, 1th Floor, A Wing, Link Road, Surat, Gujarat - 395002",211831661690,PBAPV3978W,16-05-1990
Gaurav Singh,gaurav.singh12@hotmail.com,7286111245,"Flat 257, 12th Floor, Block E, MG Road, Kanpur, Uttar Pradesh - 208011",222200688749,KUVPS1926E,24-08-1983
Priya Chavan,priya.chavan58@hotmail.com,8785594047,"Villa 387, 5th Floor, A Wing, Bypass Road, Ahmedabad, Gujarat - 380059",389134471184,UMLPC0318U,28-11-1997
Shaurya Fernandes,shauryafer528@hotmail.com,8622866557,"Villa 73, 15th Floor, D Wing, Station Road, Kolkata, West Bengal - 700121",229904057032,LYTPF4259S,06-08-1964
Ashok Bajaj,ashok.bajaj10@yahoo.com,6776365731,"House No. 346, 10th Floor, D Wing, Main Road, Lucknow, Uttar Pradesh - 226030",351405549928,PKXPB9337E,30-11-1960
Ananya Sen,ananya.sen26@icloud.com,6623539587,"Flat 21, 13th Floor, D Wing, Bypass Road, Chennai, Tamil Nadu - 600085",499453286445,SEKPS8223P,04-07-1978
Pranav Khanna,pranavkha914@outlook.com,6181354117,"Flat 339, 15th Floor, Block E, Ring Road, Bhubaneswar, Odisha - 751009",927073756150,VCGPK2529T,08-08-1999
Tanvi Rao,tanvi.rao71@gmail.com,7151147482,"Plot No. 253, 7th Floor, Block E, Circular Road, Kanpur, Uttar Pradesh - 208017",752209681303,URSPR3146X,27-05-1980
Saanvi Patel,saanvipat278@gmail.com,9091751124,"Villa 406, 6th Floor, Block E, Bypass Road, Delhi, Delhi - 110041",245336122921,OEHPP5414Y,30-04-1980
Aanya Reddy,aanya.reddy16@yahoo.com,9915785028,"Plot No. 155, 10th Floor, D Wing, Main Road, Bengaluru, Karnataka - 560021",997814277663,BIKPR4615U,23-02-1992
Aarav Yadav,aarav.yadav51@hotmail.com,6673219260,"Flat 113, 15th Floor, D Wing, Main Road, Hyderabad, Telangana - 500049",795971247483,XVIPY6361S,04-03-1994
Rudra Verma,rudra.verma72@hotmail.com,7580618716,"Villa 469, 12th Floor, C Wing, Ring Road, Bhubaneswar, Odisha - 751029",479520773768,RLTPV2453Y,06-06-1986
Shaurya Mishra,shauryamis692@outlook.com,7687957269,"Plot No. 300, 15th Floor, D Wing, Station Road, Mumbai, Maharashtra - 400056",685413745882,YVAPM8595C,05-01-1971
Aryan Iyer,aryan.iyer54@outlook.com,7262433334,"Plot No. 421, 7th Floor, C Wing, Station Road, Chennai, Tamil Nadu - 600048",932436871949,FGJPI9482N,07-08-1960
Shaurya Chatterjee,shauryacha528@outlook.com,8917775092,"House No. 438, 15th Floor, Block F, Main Road, Chennai, Tamil Nadu - 600068",202638795652,SOPPC8570K,02-12-1970
Ishaan Verma,ishaanver418@outlook.com,7133943775,"Plot No. 410, 3th Floor, Block E, Park Street, Mumbai, Maharashtra - 400078",494252197053,WBIPV9015W,11-12-1980
Arnav Malhotra,arnavmal378@outlook.com,7251713865,"Villa 143, 13th Floor, Block E, Circular Road, Jaipur, Rajasthan - 302009",967548285602,NVFPM8676A,28-11-1965
Aditi Verma,aditiver486@icloud.com,7750621502,"Plot No. 405, 2th Floor, A Wing, Park Street, Pune, Maharashtra - 411024",571992948242,LIWPV4974K,03-08-1965
Ayaans Trivedi,ayaans.trivedi75@outlook.com,9231247879,"Villa 406, 8th Floor, Block F, Bypass Road, Coimbatore, Tamil Nadu - 641048",802602948250,CIOPT8139F,24-12-1980
Neha Patel,nehapat721@yahoo.com,6571635696,"Villa 499, 10th Floor, Block F, Circular Road, Kochi, Kerala - 682028",470405239326,KUGPP6547I,26-07-1992
Arnav Shetty,arnavshe387@gmail.com,9422031280,"Plot No. 122, 1th Floor, Block F, MG Road, Mumbai, Maharashtra - 400007",668277629179,PJGPS8696F,18-02-1986
Ayaans Banerjee,ayaans.banerjee99@icloud.com,6759847510,"Villa 93, 6th Floor, Block E, Main Road, Kochi, Kerala - 682019",301701423431,WQGPB7034I,06-02-2003
Priya Rao,priya.rao62@hotmail.com,8288162103,"Villa 159, 3th Floor, C Wing, Main Road, Jaipur, Rajasthan - 302033",904385940639,WFQPR4906E,31-10-1988
Ishaan Kapoor,ishaankap946@icloud.com,9666655441,"Flat 276, 6th Floor, D Wing, MG Road, Hyderabad, Telangana - 500006",654477823741,CGKPK7967G,22-06-1997
Priya Chavan,priya.chavan25@icloud.com,8595446032,"Plot No. 158, 4th Floor, A Wing, Park Street, Pune, Maharashtra - 411057",530536922002,KREPC2152O,15-03-1965
Reyansh Verma,reyanshver954@outlook.com,9614014740,"House No. 370, 14th Floor, D Wing, Station Road, Ahmedabad, Gujarat - 380048",234192850510,HRCPV3368K,01-06-1969
Sanjay Nair,sanjaynai276@icloud.com,9289911642,"Villa 70, 6th Floor, A Wing, Ring Road, Lucknow, Uttar Pradesh - 226001",969989708369,MBJPN2644M,27-12-1964
Ashok Malhotra,ashokmal954@icloud.com,8762774254,"Flat 115, 9th Floor, C Wing, Main Road, Mumbai, Maharashtra - 400052",202731178790,BSDPM0602Q,07-10-1976
Aditya Agarwal,aditya.agarwal84@gmail.com,7648917855,"Plot No. 116, 14th Floor, D Wing, Ring Road, Patna, Bihar - 800024",243152100129,BPSPA1394L,07-03-1963
Diya Gaekwad,diya.gaekwad94@hotmail.com,7824617349,"Plot No. 335, 11th Floor, A Wing, Circular Road, Mumbai, Maharashtra - 400090",617029973692,XMPPG4893Y,14-12-2003
Naresh Pillai,naresh.pillai15@yahoo.com,8035045285,"House No. 26, 10th Floor, Block F, Ring Road, Coimbatore, Tamil Nadu - 641023",718641902103,YFLPP3646Z,06-07-1971
Aditya Nair,adityanai263@outlook.com,9657417815,"Plot No. 234, 6th Floor, D Wing, Bypass Road, Bengaluru, Karnataka - 560069",820897598647,NCZPN2087Z,31-10-2003
Satish Chawla,satishcha847@gmail.com,7607438768,"House No. 192, 9th Floor, A Wing, Station Road, Bengaluru, Karnataka - 560002",945819032974,AWUPC8596O,26-01-1976
Sunita Iyer,sunita.iyer11@yahoo.com,8988119658,"Plot No. 197, 11th Floor, Block F, Link Road, Patna, Bihar - 800009",512189145886,RVJPI2393X,16-10-1972
Diya Iyengar,diya.iyengar2@hotmail.com,6670132158,"Plot No. 415, 7th Floor, B Wing, Park Street, Bengaluru, Karnataka - 560098",839302532167,CZQPI6632S,28-03-1985
Pooja Hegde,pooja.hegde18@icloud.com,7270948102,"Flat 448, 10th Floor, Block F, Park Street, Kolkata, West Bengal - 700149",351688878212,NTUPH7046H,17-12-2003
Gaurav Malhotra,gaurav.malhotra95@yahoo.com,6964022163,"Flat 383, 1th Floor, D Wing, MG Road, Jaipur, Rajasthan - 302011",980676701470,HTPPM0693A,15-10-1988
Krishna Khanna,krishnakha308@gmail.com,7799133346,"Flat 207, 11th Floor, A Wing, Main Road, Coimbatore, Tamil Nadu - 641015",534270980774,QLIPK1923F,20-03-1967
Naresh Pillai,nareshpil138@yahoo.com,9888141015,"House No. 409, 2th Floor, Block E, Park Street, Mumbai, Maharashtra - 400052",466895578649,JVVPP5019O,26-01-2002
Dhruv Bose,dhruvbos105@icloud.com,8789557163,"House No. 314, 3th Floor, D Wing, Bypass Road, Jaipur, Rajasthan - 302001",856423987644,YQLPB2246D,15-10-1962
Dinesh Khan,dinesh.khan37@yahoo.com,7277879707,"Plot No. 391, 5th Floor, Block F, Circular Road, Thiruvananthapuram, Kerala - 695010",632532503385,QNBPK1499N,20-08-1981
Preeti Das,preeti.das91@gmail.com,9136431942,"Flat 333, 12th Floor, C Wing, Link Road, Patna, Bihar - 800002",905247943716,KLEPD4425A,15-01-1967
Kabir Verma,kabirver741@icloud.com,9311364953,"Flat 21, 13th Floor, Block F, Station Road, Lucknow, Uttar Pradesh - 226013",682686454060,OVZPV3609K,18-11-1995
Rekha Fernandes,rekha.fernandes13@yahoo.com,6478938015,"Plot No. 69, 15th Floor, B Wing, Station Road, Kolkata, West Bengal - 700067",380949153899,DRAPF2016E,13-07-1971
Saanvi D'Souza,saanvi.d'souza80@yahoo.com,7003039896,"House No. 372, 9th Floor, Block F, Bypass Road, Surat, Gujarat - 395004",739312411488,YQSPD9889S,01-04-1979
Neha Pillai,neha.pillai32@icloud.com,8908331498,"Villa 402, 2th Floor, C Wing, Station Road, Kolkata, West Bengal - 700085",913708888699,FBFPP7505G,22-10-1978
Geeta Kumar,geeta.kumar57@yahoo.com,9699659808,"Villa 71, 13th Floor, D Wing, Bypass Road, Surat, Gujarat - 395005",445678022116,YTYPK1669I,06-12-1967
Ananya Gaekwad,ananyagae633@icloud.com,7373832202,"House No. 231, 9th Floor, D Wing, Park Street, Mumbai, Maharashtra - 400002",338482807364,XLCPG1439Q,29-04-1997
Rekha Shetty,rekhashe203@icloud.com,8855220620,"Villa 230, 12th Floor, B Wing, Bypass Road, Ahmedabad, Gujarat - 380047",817864085805,OOZPS1575X,22-09-2002
Gaurav Chatterjee,gauravcha744@icloud.com,8060193635,"House No. 449, 4th Floor, C Wing, Link Road, Mysuru, Karnataka - 570021",751387266645,PHKPC8453Z,20-04-1960
Aadhya Sheikh,aadhya.sheikh10@yahoo.com,6679477076,"Villa 375, 13th Floor, D Wing, Bypass Road, Thiruvananthapuram, Kerala - 695013",665192221574,RERPS6289T,27-12-1979
Harsh Gomes,harsh.gomes17@icloud.com,9292348517,"Villa 353, 15th Floor, C Wing, Main Road, Nagpur, Maharashtra - 440006",844208651679,KOUPG0801B,06-06-1988
Anita Reddy,anitared136@gmail.com,8715054410,"Flat 97, 6th Floor, Block F, Park Street, Jaipur, Rajasthan - 302037",417716558760,IQWPR6264F,19-10-1965
Krishna Mukherjee,krishnamuk433@icloud.com,6230473460,"Villa 213, 6th Floor, C Wing, Circular Road, Coimbatore, Tamil Nadu - 641026",542800271466,VKPPM5881X,01-12-1970
Ananya Mishra,ananya.mishra63@gmail.com,8426380170,"Plot No. 448, 7th Floor, D Wing, Station Road, Lucknow, Uttar Pradesh - 226022",316870360621,TDPPM6778V,02-05-1964
Vivaan Choudhury,vivaancho804@yahoo.com,8944162288,"Plot No. 295, 7th Floor, A Wing, Circular Road, Nagpur, Maharashtra - 440027",637704550964,XWEPC3268U,08-12-1988
Neha Mukherjee,nehamuk611@outlook.com,7415248160,"Plot No. 274, 4th Floor, Block E, Link Road, Ahmedabad, Gujarat - 380008",261760533508,UFFPM1245W,26-03-1976
Sunita Choudhury,sunita.choudhury35@outlook.com,6567062465,"Villa 250, 12th Floor, B Wing, Circular Road, Bengaluru, Karnataka - 560035",886791486356,WFHPC0042H,16-08-1989
Ishaan Arora,ishaanaro514@yahoo.com,8957820279,"House No. 135, 3th Floor, D Wing, Main Road, Nagpur, Maharashtra - 440006",336208286054,UVSPA7222Z,17-11-2000
Preeti Gaekwad,preeti.gaekwad21@hotmail.com,9764049695,"Villa 53, 5th Floor, D Wing, Main Road, Patna, Bihar - 800012",683097578063,CPRPG9783W,11-10-1989
Lata Shah,lata.shah74@yahoo.com,7874116560,"Flat 403, 13th Floor, C Wing, Station Road, Kochi, Kerala - 682040",249131267612,SPLPS4362A,26-02-1980
Anita Thakur,anitatha914@hotmail.com,8224905096,"Flat 436, 3th Floor, D Wing, Circular Road, Pune, Maharashtra - 411054",321230801969,WQWPT8136M,28-04-1988
Aryan Yash,aryanyas335@hotmail.com,7702971168,"Villa 412, 1th Floor, Block F, Main Road, Chandigarh, Chandigarh - 160025",528746217271,VJAPY1680D,11-11-1977
Vivaan Chawla,vivaan.chawla87@hotmail.com,6671007095,"House No. 273, 15th Floor, C Wing, Park Street, Ahmedabad, Gujarat - 380013",322709578734,MULPC5543W,13-02-1985
Aadhya Bose,aadhyabos847@hotmail.com,7893864652,"Villa 28, 4th Floor, Block E, Circular Road, Ahmedabad, Gujarat - 380035",623822172183,YTMPB0987X,23-07-2005
Rahul Rao,rahulrao320@outlook.com,6004835055,"Villa 135, 12th Floor, C Wing, Ring Road, Bhubaneswar, Odisha - 751008",229109582030,NUEPR0025Y,28-09-2002
Sanjay Reddy,sanjayred268@outlook.com,7986058603,"Villa 6, 10th Floor, C Wing, Link Road, Chennai, Tamil Nadu - 600018",369449951649,SBGPR5728R,20-07-1984
Aditi Verma,aditi.verma99@hotmail.com,9883749755,"Plot No. 330, 7th Floor, C Wing, Bypass Road, Mumbai, Maharashtra - 400049",778346552871,ZBJPV3450U,16-12-1961
Ayaans Gupta,ayaans.gupta39@outlook.com,8176028962,"Plot No. 50, 8th Floor, B Wing, Park Street, Delhi, Delhi - 110029",872215606555,WLGPG9064Q,07-01-1967
Yash Sheikh,yashshe533@outlook.com,9389678323,"Flat 438, 15th Floor, Block E, Main Road, Kochi, Kerala - 682017",736352672796,KYRPS9546K,29-01-2003
Amit Yash,amityas823@icloud.com,6372748671,"House No. 383, 14th Floor, Block F, Main Road, Surat, Gujarat - 395007",547409612024,MLOPY2671F,18-05-1961
Anita Joshi,anitajos113@gmail.com,9528319878,"House No. 288, 15th Floor, B Wing, Main Road, Delhi, Delhi - 110094",501359744937,DHVPJ1772P,21-08-1966
Prakash Chawla,prakash.chawla39@outlook.com,6236781937,"Flat 484, 10th Floor, Block F, Park Street, Bengaluru, Karnataka - 560047",257218826032,VPEPC4875K,17-08-1981
Anjali Ansari,anjalians198@yahoo.com,9953190056,"House No. 225, 4th Floor, A Wing, Station Road, Chandigarh, Chandigarh - 160050",401505386746,AYYPA0198B,22-08-1968
Kavita Das,kavitadas991@outlook.com,6748829678,"Flat 320, 10th Floor, B Wing, Link Road, Chennai, Tamil Nadu - 600013",767695980585,IUNPD5649E,19-09-1961
Riya Thakur,riya.thakur62@outlook.com,8237778554,"Villa 209, 10th Floor, B Wing, Bypass Road, Surat, Gujarat - 395011",625218810242,VRGPT6130T,01-03-1984
Sneha Kumar,sneha.kumar39@hotmail.com,9377397570,"House No. 10, 6th Floor, A Wing, Bypass Road, Ahmedabad, Gujarat - 380002",476600178897,XMMPK5124V,16-06-1961
Om Agarwal,om.agarwal40@yahoo.com,9148528172,"Flat 188, 14th Floor, Block F, MG Road, Nagpur, Maharashtra - 440012",530254863557,GUWPA0744D,24-10-1969
Meena Roy,meenaroy135@outlook.com,8688110962,"House No. 109, 13th Floor, D Wing, Main Road, Mysuru, Karnataka - 570016",673711451929,IVTPR6213P,01-05-1979
Rajesh Sheikh,rajeshshe372@outlook.com,6926620632,"Villa 115, 5th Floor, A Wing, Circular Road, Ahmedabad, Gujarat - 380054",951776923306,PEPPS1407O,27-05-1973
Aditi Shetty,aditishe359@gmail.com,8551675304,"House No. 282, 11th Floor, C Wing, Park Street, Ahmedabad, Gujarat - 380016",486538381827,SLIPS7561P,02-02-1994
Om Kapoor,omkap111@outlook.com,6031983636,"House No. 331, 9th Floor, A Wing, Park Street, Patna, Bihar - 800002",658339576937,ISVPK5960U,24-09-1980
Rekha Chatterjee,rekha.chatterjee83@hotmail.com,6963474272,"Flat 483, 2th Floor, C Wing, Main Road, Pune, Maharashtra - 411052",810103956286,UPOPC1549D,18-10-1972
Naresh Rao,naresh.rao41@hotmail.com,8331377226,"House No. 308, 14th Floor, B Wing, Park Street, Hyderabad, Telangana - 500001",273735838524,ANEPR4514R,01-12-1962
Meena Gomes,meenagom482@yahoo.com,9235939085,"Villa 49, 15th Floor, C Wing, MG Road, Coimbatore, Tamil Nadu - 641021",296474341713,OOGPG2513K,06-04-1990
Vijay Shetty,vijayshe828@outlook.com,9793876250,"Villa 39, 13th Floor, B Wing, Ring Road, Chandigarh, Chandigarh - 160019",627629082372,HLTPS9677L,04-02-1979
Kriti Mehta,kriti.mehta52@yahoo.com,6066990092,"Flat 418, 11th Floor, C Wing, Main Road, Lucknow, Uttar Pradesh - 226001",690602094723,CZCPM6627U,02-08-1969
Kavita Verma,kavita.verma89@icloud.com,6294616321,"Flat 172, 14th Floor, Block F, MG Road, Jaipur, Rajasthan - 302020",702858774846,CKSPV9734A,09-04-1975
Vijay Ansari,vijay.ansari89@yahoo.com,7892273213,"Plot No. 294, 12th Floor, B Wing, MG Road, Kochi, Kerala - 682030",855921251267,XIQPA2178I,05-07-1979
Sanjay Gaekwad,sanjaygae573@hotmail.com,9140567197,"Plot No. 332, 2th Floor, A Wing, MG Road, Coimbatore, Tamil Nadu - 641021",252436754798,KYDPG6258H,06-08-1966
Reyansh Thakur,reyansh.thakur58@outlook.com,7655230901,"Villa 100, 8th Floor, D Wing, Station Road, Delhi, Delhi - 110058",757160071479,KMJPT7079C,16-08-1966
Asha Sharma,asha.sharma48@hotmail.com,6663890250,"Villa 367, 4th Floor, Block E, Station Road, Patna, Bihar - 800022",955528272566,FHSPS0523E,08-10-1996
Vikram Bajaj,vikrambaj881@hotmail.com,6511520758,"Villa 192, 5th Floor, B Wing, Circular Road, Mumbai, Maharashtra - 400052",519305840850,ICOPB3587N,20-02-1984
Harsh Malik,harshmal818@icloud.com,7591445809,"Villa 390, 6th Floor, Block E, Circular Road, Hyderabad, Telangana - 500082",507503585510,XUEPM8898V,07-03-1980
Dinesh Patel,dinesh.patel59@outlook.com,8234297817,"Flat 131, 7th Floor, Block F, Station Road, Surat, Gujarat - 395006",431031900064,RGWPP3078K,23-08-1991
Vivaan Pillai,vivaan.pillai3@outlook.com,8493330195,"Flat 257, 4th Floor, D Wing, Bypass Road, Mysuru, Karnataka - 570012",457336458218,PQMPP5783I,22-09-1985
Vihaan Ansari,vihaanans661@yahoo.com,7230071238,"Flat 331, 4th Floor, Block F, Park Street, Bhubaneswar, Odisha - 751022",888859569047,SZWPA2812K,01-06-1976
Aarav Agarwal,aaravaga201@gmail.com,8435412895,"Villa 459, 7th Floor, D Wing, Park Street, Mumbai, Maharashtra - 400094",316050619914,DRIPA7961T,17-01-1995
Aanya Chatterjee,aanya.chatterjee34@yahoo.com,9762697322,"House No. 309, 14th Floor, Block E, Main Road, Bhubaneswar, Odisha - 751023",212397042974,KYYPC3961N,23-07-1969
Saanvi Pandey,saanvi.pandey55@outlook.com,6299997247,"Flat 458, 13th Floor, Block F, Station Road, Patna, Bihar - 800023",316223815111,HVVPP0383B,13-02-1981
Vihaan Gomes,vihaan.gomes35@hotmail.com,9643164482,"Villa 463, 9th Floor, Block E, Circular Road, Bengaluru, Karnataka - 560021",614137545370,AUGPG7227K,04-05-1993
Sanjay Deshmukh,sanjay.deshmukh26@outlook.com,8904182221,"Villa 2, 4th Floor, Block F, Bypass Road, Hyderabad, Telangana - 500004",410219000141,RALPD3720L,15-10-1993
Rekha Pillai,rekhapil242@gmail.com,7301528990,"Villa 404, 9th Floor, C Wing, Main Road, Kochi, Kerala - 682025",935460233533,QHRPP7421J,16-04-1977
Deepak Yash,deepakyas938@outlook.com,8874857462,"Villa 212, 15th Floor, A Wing, MG Road, Kolkata, West Bengal - 700115",248978830347,RHBPY9112D,26-11-1970
Anjali Shah,anjali.shah83@hotmail.com,6632300031,"Flat 232, 12th Floor, Block E, Station Road, Thiruvananthapuram, Kerala - 695036",452876084722,HESPS3338V,03-09-1974
Sunita Bose,sunitabos299@yahoo.com,7387523766,"Flat 417, 5th Floor, B Wing, MG Road, Lucknow, Uttar Pradesh - 226029",467081406412,XCMPB5257Q,07-01-1986
Sai Gomes,sai.gomes15@gmail.com,9056688782,"Plot No. 38, 9th Floor, C Wing, Link Road, Kolkata, West Bengal - 700034",569989238382,ZXBPG3685G,15-09-2002
Arjun Malik,arjunmal534@outlook.com,7488303550,"Plot No. 238, 5th Floor, Block F, Circular Road, Patna, Bihar - 800025",793201031644,EREPM8310J,09-06-2000
Lata Arora,lata.arora73@yahoo.com,6928411656,"Flat 166, 5th Floor, A Wing, Station Road, Kolkata, West Bengal - 700133",338302160517,SZRPA1741G,04-04-1988
Geeta Sen,geetasen797@gmail.com,8777080334,"Flat 309, 9th Floor, A Wing, Main Road, Kolkata, West Bengal - 700065",661322662868,XLBPS9555P,14-01-1967
Pooja Nair,pooja.nair30@gmail.com,8006583475,"Flat 31, 9th Floor, C Wing, Ring Road, Lucknow, Uttar Pradesh - 226014",317173602992,KUXPN4048B,16-09-1975
Ananya Choudhury,ananyacho207@icloud.com,6044839701,"House No. 450, 13th Floor, B Wing, Ring Road, Patna, Bihar - 800007",293342060120,SAEPC0583U,05-09-1985
Ayaans Thakur,ayaanstha359@hotmail.com,6221063163,"Plot No. 78, 6th Floor, Block E, Main Road, Chandigarh, Chandigarh - 160040",370845125199,WXCPT4446T,12-01-1978
Ashok Sen,ashok.sen27@hotmail.com,9622580015,"Flat 376, 3th Floor, C Wing, Park Street, Mysuru, Karnataka - 570004",749961404841,LWUPS3003H,15-11-2003
Kavita Malik,kavitamal378@outlook.com,6695887997,"Plot No. 76, 4th Floor, Block E, Main Road, Mysuru, Karnataka - 570006",980230039951,IAPPM8886X,22-09-1969
Sneha Nair,snehanai672@icloud.com,9239044279,"Flat 258, 4th Floor, Block F, Bypass Road, Chandigarh, Chandigarh - 160025",937138582576,DBYPN5882C,28-01-1978
Kavita Chatterjee,kavitacha184@yahoo.com,8887288961,"Flat 62, 12th Floor, C Wing, MG Road, Bengaluru, Karnataka - 560039",471148451614,ZZJPC0015G,31-01-1967
Aanya Deshmukh,aanya.deshmukh12@yahoo.com,6299292638,"Flat 324, 8th Floor, B Wing, Park Street, Kochi, Kerala - 682003",582738376552,EIFPD9525S,01-06-1964
Rajesh Ansari,rajeshans450@yahoo.com,9775320922,"Flat 143, 15th Floor, A Wing, Link Road, Lucknow, Uttar Pradesh - 226013",918058927683,IRQPA4990U,27-06-1983
Ayaans Iyer,ayaansiye142@yahoo.com,8755206609,"Plot No. 267, 1th Floor, A Wing, Link Road, Kochi, Kerala - 682022",413958248459,ZFKPI4688O,29-10-1972
Diya Hegde,diya.hegde71@hotmail.com,9652103054,"Villa 134, 1th Floor, A Wing, Park Street, Bengaluru, Karnataka - 560061",932951388875,NLGPH1182T,01-07-1980
Prakash Deshmukh,prakashdes646@gmail.com,7018197424,"Villa 192, 10th Floor, Block F, Link Road, Surat, Gujarat - 395004",594061283860,ARMPD2975S,07-11-1994
Asha Kumar,ashakum930@hotmail.com,6494068491,"Plot No. 100, 13th Floor, Block E, Ring Road, Chennai, Tamil Nadu - 600008",279213145731,ITBPK2478E,09-04-2001
Gaurav Das,gauravdas849@hotmail.com,6555885065,"Flat 453, 4th Floor, D Wing, Circular Road, Pune, Maharashtra - 411004",778375310715,ZCVPD2520Z,15-08-1999
Yash Khanna,yashkha759@yahoo.com,7661922283,"Villa 77, 1th Floor, A Wing, Station Road, Bengaluru, Karnataka - 560008",515412065328,QZIPK6989S,26-02-1978
Sneha Iyer,snehaiye615@icloud.com,7054795379,"House No. 317, 2th Floor, C Wing, Park Street, Kanpur, Uttar Pradesh - 208012",710742471577,DWZPI9146L,03-01-1969
Aryan Thakur,aryan.thakur6@yahoo.com,8286535418,"Flat 375, 11th Floor, Block F, Bypass Road, Kochi, Kerala - 682027",366282520771,HZTPT6554Q,08-04-1999
Aditi Banerjee,aditiban982@hotmail.com,8328196840,"House No. 345, 9th Floor, D Wing, Main Road, Chennai, Tamil Nadu - 600113",349112551799,JRPPB4935P,25-04-1989
Kavita Kumar,kavita.kumar45@icloud.com,6995127923,"Flat 451, 6th Floor, Block E, Circular Road, Jaipur, Rajasthan - 302023",611431354276,IKAPK7141V,22-05-1984
Neha Iyengar,nehaiye838@icloud.com,7665569480,"Plot No. 314, 3th Floor, Block E, Circular Road, Delhi, Delhi - 110020",400381780590,DKRPI2785I,15-03-1972
Geeta Mukherjee,geetamuk249@yahoo.com,9042510610,"Flat 360, 3th Floor, C Wing, MG Road, Ahmedabad, Gujarat - 380055",760383847594,GCBPM0302L,12-04-1988
Sai Iyengar,saiiye858@hotmail.com,8705803587,"Villa 469, 12th Floor, Block F, Link Road, Pune, Maharashtra - 411057",208798583505,DTCPI5049Z,24-05-1988
Shaurya Shah,shaurya.shah8@icloud.com,7349749135,"Plot No. 297, 7th Floor, B Wing, Bypass Road, Chandigarh, Chandigarh - 160025",201057732764,EULPS6624W,19-06-1972
Aanya Rao,aanya.rao21@hotmail.com,9897963819,"Villa 5, 15th Floor, D Wing, Circular Road, Ahmedabad, Gujarat - 380046",324475599852,AAQPR5912V,12-12-1963
Rohan Sheikh,rohan.sheikh46@gmail.com,9450416731,"Flat 35, 4th Floor, Block F, Circular Road, Coimbatore, Tamil Nadu - 641012",270186083183,RNQPS1249S,24-08-2005
Rohan Thakur,rohantha242@yahoo.com,7681599956,"House No. 342, 5th Floor, Block E, Link Road, Jaipur, Rajasthan - 302003",546194019963,BZEPT8815R,17-08-1978
Kriti Shetty,kriti.shetty44@hotmail.com,6947775150,"Plot No. 375, 9th Floor, C Wing, Circular Road, Kochi, Kerala - 682042",423615140979,ZFRPS3937U,30-12-1979
Sanjay Banerjee,sanjayban421@hotmail.com,7952233771,"House No. 340, 9th Floor, D Wing, Circular Road, Pune, Maharashtra - 411028",706732077883,YTYPB6775T,04-09-2004
Prakash Chatterjee,prakashcha158@gmail.com,8049190491,"Villa 494, 9th Floor, A Wing, Circular Road, Kanpur, Uttar Pradesh - 208017",546929904360,IKKPC1045Z,03-10-2003
Aryan D'Souza,aryan.d'souza1@yahoo.com,9013246768,"House No. 158, 14th Floor, D Wing, Circular Road, Pune, Maharashtra - 411026",606402137439,KKBPD0715P,22-06-1996
Preeti Pillai,preeti.pillai19@icloud.com,6460197813,"Flat 390, 15th Floor, C Wing, Station Road, Ahmedabad, Gujarat - 380037",864462271689,ZEFPP9306Z,05-05-1971
Atharva Verma,atharva.verma16@outlook.com,8139517514,"Villa 27, 8th Floor, D Wing, Station Road, Chandigarh, Chandigarh - 160061",339067288267,AIBPV7766Q,05-05-2002
Diya Patel,diya.patel72@icloud.com,7591006794,"House No. 427, 5th Floor, Block F, MG Road, Kochi, Kerala - 682039",526682040529,QFNPP1675T,26-04-1960
Neha Chawla,nehacha838@icloud.com,7334760965,"House No. 105, 7th Floor, D Wing, Ring Road, Lucknow, Uttar Pradesh - 226007",370191644093,QHBPC7640Y,13-08-1982
Om Shetty,omshe676@icloud.com,7134798867,"Villa 257, 1th Floor, C Wing, Main Road, Surat, Gujarat - 395010",241147945994,LBOPS6744Q,11-09-1991
Shaurya Banerjee,shaurya.banerjee3@outlook.com,6338979048,"Villa 291, 2th Floor, D Wing, Bypass Road, Delhi, Delhi - 110042",905035335430,QZWPB8364D,03-12-1987
Ayaans Khan,ayaans.khan92@yahoo.com,9360713732,"House No. 344, 15th Floor, A Wing, Ring Road, Kanpur, Uttar Pradesh - 208001",372128319063,PTSPK6617Z,29-06-1975
Ishaan Das,ishaandas130@gmail.com,7117749883,"Plot No. 454, 3th Floor, C Wing, Main Road, Jaipur, Rajasthan - 302010",772903082538,FBEPD3858C,19-11-1996
Aarav Iyengar,aaraviye878@outlook.com,7091949683,"Flat 466, 3th Floor, Block E, Link Road, Kolkata, West Bengal - 700125",558529312567,BOFPI1970I,19-04-1990
Sneha Verma,snehaver123@icloud.com,8246223695,"Plot No. 261, 2th Floor, Block F, Ring Road, Patna, Bihar - 800027",323060406968,LUWPV0026B,10-09-1995
Kavita Shah,kavitasha762@yahoo.com,6697748492,"Villa 148, 8th Floor, Block E, MG Road, Mysuru, Karnataka - 570018",762903679964,FNNPS2463Z,04-02-1987
Reyansh Banerjee,reyanshban412@hotmail.com,9347401722,"Plot No. 137, 3th Floor, C Wing, MG Road, Bhubaneswar, Odisha - 751015",905802221133,YFRPB8590J,22-11-1994
Aditi Shah,aditi.shah17@gmail.com,6889666722,"Plot No. 410, 7th Floor, Block E, Main Road, Bhubaneswar, Odisha - 751006",549108721139,RKDPS5497B,19-07-1990
Vivaan Nair,vivaan.nair15@icloud.com,7266661611,"Plot No. 92, 8th Floor, C Wing, Bypass Road, Bhubaneswar, Odisha - 751007",288903240577,EBKPN7780H,17-02-1965
Aditya Verma,aditya.verma95@yahoo.com,8562503808,"Flat 327, 7th Floor, D Wing, Main Road, Surat, Gujarat - 395002",521328949436,WGRPV5942Z,11-04-1986
Ishaan Malhotra,ishaanmal666@gmail.com,7847409601,"Villa 211, 4th Floor, A Wing, Main Road, Bhubaneswar, Odisha - 751024",847462198287,DSTPM4091B,20-09-1994
Krishna Choudhury,krishnacho939@yahoo.com,7258803232,"Villa 175, 3th Floor, B Wing, MG Road, Kolkata, West Bengal - 700007",389281115676,ZNQPC3099X,09-07-1972
Arnav Gaekwad,arnav.gaekwad78@icloud.com,9262321953,"House No. 3, 5th Floor, B Wing, Main Road, Kochi, Kerala - 682003",447698974139,MJHPG9771P,29-09-1962
Diya Mehta,diya.mehta10@gmail.com,8150381251,"Plot No. 25, 5th Floor, Block E, Bypass Road, Nagpur, Maharashtra - 440026",389349818453,LEHPM6057H,23-09-1994
Krishna Singh,krishna.singh65@gmail.com,8763588426,"Villa 499, 11th Floor, D Wing, Circular Road, Nagpur, Maharashtra - 440033",446746740849,MKUPS8647K,26-02-1962
Advait Khanna,advaitkha971@outlook.com,8901005582,"Plot No. 498, 14th Floor, A Wing, Bypass Road, Hyderabad, Telangana - 500082",585261937056,VMYPK1950B,28-07-1967
Krishna Bose,krishna.bose38@yahoo.com,6656590567,"Plot No. 7, 11th Floor, C Wing, Station Road, Nagpur, Maharashtra - 440026",692876104641,MHXPB9529J,05-04-1963
Karan Choudhury,karan.choudhury35@outlook.com,6981023975,"Plot No. 83, 4th Floor, A Wing, Bypass Road, Chennai, Tamil Nadu - 600098",743411119683,RPNPC1343O,15-08-1978
Deepak Arora,deepak.arora52@hotmail.com,9679983171,"Plot No. 138, 13th Floor, A Wing, Station Road, Hyderabad, Telangana - 500043",855534644732,HQFPA7223S,06-04-1993
Karan Iyengar,karaniye626@yahoo.com,7775739911,"Plot No. 444, 9th Floor, B Wing, Link Road, Hyderabad, Telangana - 500026",648430125600,VUBPI1720Y,25-02-1966
Sunita Gomes,sunita.gomes50@hotmail.com,7765852180,"House No. 446, 5th Floor, Block F, Bypass Road, Kochi, Kerala - 682015",463494967618,XTSPG3016H,12-07-1995
Preeti Khan,preetikha482@yahoo.com,8427806358,"House No. 462, 7th Floor, A Wing, Link Road, Kochi, Kerala - 682039",769746628289,ISHPK4467B,26-02-1969
Gaurav Roy,gauravroy587@icloud.com,6966801128,"House No. 21, 13th Floor, A Wing, MG Road, Mumbai, Maharashtra - 400068",584728328453,IYGPR9860I,20-11-1996
Rajesh Grover,rajesh.grover62@outlook.com,7765998316,"Villa 39, 6th Floor, Block F, Circular Road, Nagpur, Maharashtra - 440006",395988873884,KESPG5505K,07-05-1974
Harish Chawla,harishcha691@gmail.com,8477858018,"Villa 458, 7th Floor, Block F, Bypass Road, Hyderabad, Telangana - 500090",659811867612,RPHPC0571N,17-05-1985
Kabir Khan,kabir.khan98@gmail.com,9011504912,"House No. 368, 6th Floor, Block F, Link Road, Surat, Gujarat - 395005",403460137015,KKDPK5276G,28-06-2001
Om Roy,om.roy79@yahoo.com,9494523099,"Villa 7, 12th Floor, A Wing, Park Street, Patna, Bihar - 800009",873750169537,SALPR0707L,19-12-1964
Lata Agarwal,lataaga651@gmail.com,7200303614,"House No. 363, 9th Floor, B Wing, Link Road, Surat, Gujarat - 395009",488224787102,DGTPA0241K,30-03-1989
Rajesh Banerjee,rajeshban667@outlook.com,8685759804,"Plot No. 310, 2th Floor, B Wing, Park Street, Chandigarh, Chandigarh - 160020",250711186410,NIVPB5909Y,24-07-2005
Meena Mishra,meena.mishra95@yahoo.com,8748308756,"Plot No. 346, 15th Floor, A Wing, Ring Road, Jaipur, Rajasthan - 302029",876636960224,LTZPM1102L,02-10-1993
Arjun Choudhury,arjuncho427@yahoo.com,7429501611,"Flat 363, 7th Floor, A Wing, Station Road, Nagpur, Maharashtra - 440027",346766158422,VCHPC2212M,01-06-1965
Kabir Agarwal,kabiraga272@outlook.com,8773466931,"Plot No. 12, 10th Floor, D Wing, Ring Road, Hyderabad, Telangana - 500042",313401628849,KWPPA7906Z,14-11-1999
Harish Nair,harish.nair76@yahoo.com,7869222183,"Flat 197, 9th Floor, C Wing, Ring Road, Mumbai, Maharashtra - 400064",300902582014,QGDPN7176B,10-05-1971
Riya Gomes,riyagom303@yahoo.com,8157203226,"Plot No. 73, 10th Floor, Block F, Ring Road, Mysuru, Karnataka - 570011",287472380510,QMIPG3794J,05-11-2000
Aditya Chawla,aditya.chawla27@yahoo.com,9131019755,"House No. 199, 1th Floor, C Wing, Park Street, Kochi, Kerala - 682030",782844288663,JGPPC9168C,30-09-1984
Pranav Grover,pranavgro917@gmail.com,6935428930,"Villa 323, 3th Floor, A Wing, Ring Road, Mumbai, Maharashtra - 400098",837672083024,IHLPG1687L,31-10-1993
Krishna Kulkarni,krishnakul654@gmail.com,8535444122,"Flat 210, 1th Floor, C Wing, Main Road, Patna, Bihar - 800023",720881924630,NQWPK9961P,10-03-1964
Meena Grover,meenagro802@outlook.com,8284841376,"Plot No. 295, 8th Floor, Block E, MG Road, Chandigarh, Chandigarh - 160044",644760166659,QICPG9811J,08-05-1980
Ashok Kulkarni,ashokkul540@icloud.com,8887816007,"Villa 409, 4th Floor, Block F, MG Road, Thiruvananthapuram, Kerala - 695006",392383973068,BSJPK8030W,30-09-1981
Rekha Thakur,rekhatha418@outlook.com,6249635571,"Plot No. 457, 10th Floor, B Wing, Station Road, Coimbatore, Tamil Nadu - 641039",332508968001,SSKPT8526E,17-06-1985
Vikram Deshmukh,vikramdes240@outlook.com,8311213223,"Flat 405, 15th Floor, Block E, Park Street, Chandigarh, Chandigarh - 160034",478318698415,RXQPD3980Z,28-11-1976
Anita Rao,anita.rao17@outlook.com,9394003546,"Plot No. 500, 15th Floor, B Wing, Main Road, Coimbatore, Tamil Nadu - 641042",643303374308,UMNPR7985A,21-10-1961
Suman Deshmukh,suman.deshmukh40@outlook.com,6414233602,"Flat 360, 5th Floor, Block F, Main Road, Nagpur, Maharashtra - 440012",580963420988,IZWPD0759W,30-09-1966
Deepak Yadav,deepak.yadav79@icloud.com,9019947318,"House No. 25, 10th Floor, D Wing, Circular Road, Chandigarh, Chandigarh - 160052",256454921451,KQTPY8306D,03-08-1991
Naresh D'Souza,naresh.d'souza65@outlook.com,9460923237,"House No. 324, 12th Floor, B Wing, Station Road, Chennai, Tamil Nadu - 600122",461512123974,SQFPD1988H,28-02-2000
Mahesh Choudhury,mahesh.choudhury54@icloud.com,6677107680,"Villa 404, 10th Floor, D Wing, Park Street, Mumbai, Maharashtra - 400095",974758230515,BKPPC1619J,06-10-1980
Karan Mukherjee,karan.mukherjee13@yahoo.com,6220580311,"Flat 12, 13th Floor, A Wing, Ring Road, Lucknow, Uttar Pradesh - 226001",474580297114,BPCPM0056P,01-07-1997
Shaurya Mehta,shaurya.mehta49@yahoo.com,9672831590,"Flat 449, 2th Floor, B Wing, MG Road, Thiruvananthapuram, Kerala - 695002",367113509742,ITZPM6699X,12-10-2004
Dhruv Singh,dhruv.singh30@outlook.com,6526900822,"Plot No. 320, 5th Floor, A Wing, Link Road, Thiruvananthapuram, Kerala - 695005",954593767540,PSSPS7411D,20-03-1978
Geeta Gaekwad,geetagae973@gmail.com,9908152332,"Plot No. 499, 14th Floor, D Wing, Park Street, Kochi, Kerala - 682039",647656326415,TPBPG0693Z,04-05-2000
Harsh Kulkarni,harshkul738@gmail.com,6633598128,"Villa 439, 11th Floor, D Wing, Station Road, Chennai, Tamil Nadu - 600107",288007022235,RGLPK6204E,16-11-1965
Sai Shah,saisha742@gmail.com,8499807786,"House No. 474, 10th Floor, B Wing, Circular Road, Surat, Gujarat - 395012",623413773879,LFLPS6560S,14-05-1970
Dev Gomes,devgom314@gmail.com,9191128176,"Villa 421, 7th Floor, Block F, Ring Road, Mysuru, Karnataka - 570029",433363920384,PPGPG9706V,10-06-1972
Arnav Trivedi,arnav.trivedi17@icloud.com,9417700395,"Plot No. 73, 8th Floor, C Wing, MG Road, Hyderabad, Telangana - 500022",626186333666,QLWPT5611V,25-03-1993
Asha Gaekwad,ashagae287@outlook.com,7367092812,"Villa 266, 6th Floor, D Wing, Circular Road, Patna, Bihar - 800021",875570170367,GCBPG8099W,21-05-1987
Dinesh Gomes,dinesh.gomes63@yahoo.com,8461342128,"Plot No. 4, 5th Floor, B Wing, Bypass Road, Nagpur, Maharashtra - 440001",577256724929,EQVPG5515B,12-05-2004
Gaurav Yash,gaurav.yash50@gmail.com,8768664958,"Flat 106, 8th Floor, D Wing, Bypass Road, Bhubaneswar, Odisha - 751002",840499328926,FJNPY0123J,30-04-1965
Ananya Malik,ananya.malik78@gmail.com,7662181443,"House No. 185, 7th Floor, C Wing, Ring Road, Ahmedabad, Gujarat - 380044",303430608529,WEGPM9985E,12-11-1968
Arjun Roy,arjun.roy51@hotmail.com,9195914129,"Flat 323, 9th Floor, B Wing, Park Street, Lucknow, Uttar Pradesh - 226018",444101154483,HFAPR2047P,27-07-1963
Ramesh Agarwal,ramesh.agarwal12@gmail.com,7985377983,"House No. 236, 1th Floor, D Wing, MG Road, Mysuru, Karnataka - 570003",562188479805,ZFTPA2295J,14-11-1992
Mahesh Mehta,maheshmeh813@outlook.com,7393245366,"Villa 91, 3th Floor, A Wing, Station Road, Coimbatore, Tamil Nadu - 641035",940983075833,WDQPM4456J,27-04-1998
Advait Das,advait.das75@gmail.com,7538706309,"Flat 262, 10th Floor, C Wing, Ring Road, Coimbatore, Tamil Nadu - 641049",767022703945,SNIPD3646A,26-07-2001
Priya Sen,priya.sen34@yahoo.com,7082132913,"Flat 257, 8th Floor, A Wing, Circular Road, Jaipur, Rajasthan - 302026",219686434808,ZZWPS9083Y,07-10-1967
Vivaan Sen,vivaan.sen15@gmail.com,6061008197,"Flat 145, 10th Floor, A Wing, Station Road, Kanpur, Uttar Pradesh - 208014",521545433557,GCFPS2142F,06-12-1971
Harsh Grover,harsh.grover11@outlook.com,6297857421,"Flat 480, 2th Floor, D Wing, Circular Road, Kolkata, West Bengal - 700035",847642550716,KBDPG0586P,06-07-1964
Gaurav Fernandes,gaurav.fernandes3@icloud.com,8617018665,"Villa 327, 14th Floor, Block F, Main Road, Mumbai, Maharashtra - 400052",890145359164,HVFPF1198U,08-06-1994
Priya Kumar,priya.kumar71@outlook.com,7423688261,"House No. 368, 15th Floor, B Wing, Park Street, Surat, Gujarat - 395003",501201284508,DOPPK2859E,20-09-1964
Aryan Das,aryan.das17@hotmail.com,8533628011,"Villa 256, 8th Floor, C Wing, Main Road, Kolkata, West Bengal - 700077",577561492201,RVEPD9004N,23-07-1973
Kabir Sheikh,kabir.sheikh95@gmail.com,9397480762,"House No. 288, 13th Floor, Block E, Link Road, Mumbai, Maharashtra - 400076",603073388731,NPPPS6210X,24-08-1992
Prakash Nair,prakashnai548@gmail.com,6721635206,"Villa 234, 12th Floor, Block E, Bypass Road, Kochi, Kerala - 682019",540188492127,ZKHPN2339R,27-02-1988
Riya Bajaj,riya.bajaj26@hotmail.com,6409712710,"Flat 483, 3th Floor, D Wing, Circular Road, Kochi, Kerala - 682013",782414088086,EOPPB0949G,12-10-1979
Aarav Yash,aarav.yash56@gmail.com,6247443430,"Flat 339, 5th Floor, B Wing, Station Road, Chennai, Tamil Nadu - 600097",714441914787,GLGPY0422V,04-11-1972
Sneha Trivedi,sneha.trivedi67@hotmail.com,7946246610,"Villa 210, 2th Floor, C Wing, Bypass Road, Kochi, Kerala - 682001",238341450436,AGBPT3074K,02-02-2000
Prakash Kumar,prakashkum549@hotmail.com,8317150529,"Plot No. 18, 6th Floor, Block F, Park Street, Mysuru, Karnataka - 570030",926097108784,CJPPK7062N,29-11-1966
Aditya D'Souza,aditya.d'souza16@gmail.com,7364454977,"House No. 429, 1th Floor, A Wing, Link Road, Kochi, Kerala - 682012",553952492149,YKCPD4827Y,02-05-1991
Ananya Hegde,ananyaheg964@gmail.com,8304967298,"House No. 71, 1th Floor, A Wing, Link Road, Patna, Bihar - 800009",455919462794,JJJPH6851U,23-01-2002
Aditya Chawla,adityacha461@icloud.com,9674334338,"Villa 14, 10th Floor, Block E, Station Road, Patna, Bihar - 800015",497752175266,UNRPC5859E,31-10-1998
Harsh Khan,harsh.khan57@yahoo.com,9216027664,"Flat 185, 9th Floor, C Wing, Link Road, Nagpur, Maharashtra - 440003",883895071109,TQHPK7953G,29-11-2000
Satish Gaekwad,satishgae854@yahoo.com,9945883084,"Flat 447, 8th Floor, C Wing, Station Road, Mysuru, Karnataka - 570010",299363761333,RYDPG9800V,05-12-2000
Ramesh D'Souza,ramesh.d'souza45@gmail.com,6877709204,"Villa 9, 10th Floor, B Wing, Park Street, Bhubaneswar, Odisha - 751023",601128282854,ZFXPD5328H,31-07-1989
Geeta Arora,geetaaro485@icloud.com,8210805427,"Plot No. 460, 6th Floor, Block E, Bypass Road, Jaipur, Rajasthan - 302002",951600459527,DXBPA5002N,09-11-1989
Anjali Ansari,anjalians589@hotmail.com,7696826997,"Villa 500, 13th Floor, Block E, Main Road, Lucknow, Uttar Pradesh - 226028",655579358520,HLLPA9248T,17-08-1961
Om Banerjee,omban596@outlook.com,6006728654,"Flat 293, 6th Floor, D Wing, Park Street, Chandigarh, Chandigarh - 160056",519044940550,BCBPB3439U,23-06-1980
Arjun Mukherjee,arjun.mukherjee15@outlook.com,6413447468,"House No. 318, 13th Floor, Block E, Ring Road, Coimbatore, Tamil Nadu - 641013",965427855133,JFGPM8531C,04-03-1985
Arjun Kumar,arjun.kumar2@hotmail.com,6819363586,"Villa 404, 13th Floor, D Wing, Station Road, Bengaluru, Karnataka - 560022",878044634071,ICYPK0149P,12-09-1985
Arjun Rao,arjunrao506@gmail.com,7539090861,"House No. 455, 4th Floor, C Wing, Park Street, Kanpur, Uttar Pradesh - 208014",568875636976,ISHPR9996S,22-02-2002
Naresh Iyengar,naresh.iyengar12@outlook.com,6389005447,"House No. 465, 8th Floor, C Wing, Ring Road, Mysuru, Karnataka - 570002",622228929905,QFRPI4283T,28-12-1963
Rahul Pandey,rahul.pandey39@hotmail.com,9291050038,"Villa 244, 15th Floor, Block F, Bypass Road, Mysuru, Karnataka - 570024",513374956986,TZOPP2006B,20-05-1993
Reyansh Malhotra,reyansh.malhotra60@yahoo.com,8292351443,"House No. 415, 8th Floor, Block F, MG Road, Ahmedabad, Gujarat - 380015",960483623097,GTOPM8543F,20-07-1996
Vivaan Thakur,vivaan.thakur18@outlook.com,6503355478,"House No. 336, 15th Floor, C Wing, Bypass Road, Bengaluru, Karnataka - 560072",454025488348,MYRPT1278A,30-11-2001
Karan Das,karan.das79@icloud.com,9308215031,"Plot No. 78, 14th Floor, Block F, Park Street, Kolkata, West Bengal - 700007",652266769660,TVKPD8985L,25-02-1962
Ayaans Malhotra,ayaans.malhotra55@icloud.com,9620125958,"Villa 62, 3th Floor, Block E, Link Road, Nagpur, Maharashtra - 440002",811364212197,ZXNPM0915Y,20-06-1992
Rahul Joshi,rahuljos586@outlook.com,9945318031,"House No. 345, 2th Floor, B Wing, MG Road, Patna, Bihar - 800019",495395280643,WQRPJ5645S,26-08-1984
Rajesh Deshmukh,rajesh.deshmukh27@gmail.com,8611785296,"House No. 327, 14th Floor, D Wing, Station Road, Kanpur, Uttar Pradesh - 208009",388863602980,MFTPD6721C,17-02-1973
Naresh Malik,nareshmal279@hotmail.com,8748496431,"Plot No. 13, 2th Floor, A Wing, Ring Road, Bengaluru, Karnataka - 560030",673373912747,RTKPM6931H,13-05-1972
Kabir Pandey,kabir.pandey52@yahoo.com,7788210239,"Flat 456, 15th Floor, Block F, MG Road, Chandigarh, Chandigarh - 160027",895891317750,HQGPP2646P,20-02-1963
Shruti Arora,shrutiaro811@yahoo.com,6066696626,"Flat 201, 15th Floor, C Wing, Link Road, Chandigarh, Chandigarh - 160027",802239414791,DGEPA6730A,12-01-2002
Naresh Iyer,nareshiye365@outlook.com,7831390160,"Flat 465, 12th Floor, C Wing, Station Road, Bengaluru, Karnataka - 560083",930627213045,EFCPI4510X,19-05-1982
Aarav Khanna,aaravkha230@hotmail.com,8153254700,"Flat 200, 3th Floor, Block E, Ring Road, Nagpur, Maharashtra - 440023",346798221944,SPUPK6322U,06-06-1962
Reyansh Kumar,reyansh.kumar20@gmail.com,8360720673,"Villa 413, 8th Floor, Block F, Main Road, Chandigarh, Chandigarh - 160022",710889583711,YZFPK8467K,23-10-1970
Sandeep Reddy,sandeep.reddy43@hotmail.com,7965245059,"Villa 402, 14th Floor, Block E, Circular Road, Mumbai, Maharashtra - 400061",953511265560,GBHPR5769E,21-08-1985
Aditya Deshmukh,adityades866@outlook.com,7101683418,"Villa 298, 13th Floor, D Wing, Park Street, Nagpur, Maharashtra - 440013",601785781129,PEDPD7620R,13-09-1975
Karan Roy,karanroy402@icloud.com,7289598278,"Plot No. 165, 9th Floor, Block E, Bypass Road, Mumbai, Maharashtra - 400073",344929652155,IUMPR1937T,04-08-1980
Shaurya Nair,shaurya.nair91@gmail.com,8614423659,"Villa 236, 8th Floor, B Wing, Park Street, Patna, Bihar - 800001",556427550751,VNRPN5396R,10-02-1976
Dinesh Bajaj,dinesh.bajaj33@icloud.com,8512509277,"Villa 293, 14th Floor, A Wing, MG Road, Kanpur, Uttar Pradesh - 208018",202962408736,JSPPB1186G,20-04-1969
Riya Agarwal,riyaaga356@yahoo.com,8970081018,"House No. 174, 1th Floor, D Wing, Main Road, Coimbatore, Tamil Nadu - 641005",867966222929,ODXPA5029V,16-03-1979
Atharva Yash,atharva.yash49@outlook.com,9469120669,"Flat 64, 8th Floor, C Wing, Circular Road, Ahmedabad, Gujarat - 380018",440124389602,DFTPY8809H,31-01-1984
Suresh Choudhury,sureshcho734@outlook.com,6556422285,"Flat 271, 13th Floor, Block E, Station Road, Kanpur, Uttar Pradesh - 208008",851888775098,ESFPC2644X,30-09-1983
Atharva Kulkarni,atharva.kulkarni93@hotmail.com,7804596100,"House No. 209, 15th Floor, D Wing, Link Road, Bhubaneswar, Odisha - 751006",928121086444,FULPK4554H,31-10-1994
Rahul Grover,rahulgro899@icloud.com,6012350199,"Villa 176, 14th Floor, A Wing, Link Road, Kanpur, Uttar Pradesh - 208005",993764349819,KSMPG6591B,09-05-1963
Om Pillai,ompil683@gmail.com,6252862021,"Flat 254, 1th Floor, Block F, Circular Road, Mysuru, Karnataka - 570006",813531723957,ACNPP4407F,13-09-1989
Aryan D'Souza,aryand's235@icloud.com,6253577814,"House No. 481, 1th Floor, Block E, Main Road, Lucknow, Uttar Pradesh - 226001",678927377410,PNVPD3100R,09-02-1991
Pooja Pillai,poojapil884@icloud.com,6984594597,"Villa 241, 2th Floor, C Wing, MG Road, Surat, Gujarat - 395003",372717300638,THSPP5149H,20-01-2000
Aditya Pandey,aditya.pandey60@yahoo.com,9367046004,"House No. 225, 8th Floor, Block F, Ring Road, Kolkata, West Bengal - 700075",390810722944,IUHPP8773B,30-06-1990
Arnav Gomes,arnavgom940@hotmail.com,8567397116,"Flat 496, 4th Floor, D Wing, Park Street, Bengaluru, Karnataka - 560022",962477627045,RUDPG6342W,22-08-1961
Dev Shah,dev.shah36@outlook.com,9021071220,"Plot No. 345, 13th Floor, C Wing, MG Road, Nagpur, Maharashtra - 440018",874527069157,VCFPS7441O,13-04-1970
Sunita Hegde,sunita.hegde99@outlook.com,9955509525,"Flat 112, 1th Floor, A Wing, Ring Road, Bengaluru, Karnataka - 560023",634113250096,TGDPH5972B,06-12-2000
Riya Malhotra,riyamal330@yahoo.com,7880764252,"Plot No. 453, 10th Floor, D Wing, Circular Road, Chennai, Tamil Nadu - 600001",533750564757,PHOPM0681X,11-08-1969
Karan Gaekwad,karan.gaekwad29@yahoo.com,9958312868,"Flat 133, 8th Floor, Block E, Circular Road, Jaipur, Rajasthan - 302019",925571592093,GHFPG4162D,13-04-1982
Dinesh Hegde,dinesh.hegde26@icloud.com,6135827136,"Flat 183, 8th Floor, A Wing, Bypass Road, Kochi, Kerala - 682038",413770852664,SLRPH3986V,17-05-1981
Suman Singh,suman.singh16@gmail.com,8148367867,"Flat 500, 8th Floor, D Wing, Bypass Road, Mumbai, Maharashtra - 400004",391324150490,NDGPS9571Y,15-09-1993
Dhruv Sharma,dhruv.sharma13@icloud.com,6920568573,"House No. 376, 12th Floor, B Wing, Ring Road, Jaipur, Rajasthan - 302037",442910201823,WJMPS7769N,28-11-1992
Ramesh Deshmukh,ramesh.deshmukh68@icloud.com,6512364589,"Plot No. 454, 9th Floor, C Wing, Circular Road, Patna, Bihar - 800022",266208000036,HXTPD9116K,23-02-1996
Prakash Ansari,prakash.ansari96@gmail.com,6508033025,"Villa 243, 12th Floor, C Wing, Main Road, Jaipur, Rajasthan - 302030",560971171525,QQWPA0434P,29-01-1991
Naresh Singh,naresh.singh22@icloud.com,7651991612,"Villa 240, 15th Floor, Block F, MG Road, Patna, Bihar - 800027",395317142483,BPTPS1508K,19-06-2004
Sandeep Bajaj,sandeepbaj145@gmail.com,8927492684,"Villa 134, 7th Floor, D Wing, Bypass Road, Chennai, Tamil Nadu - 600114",867701540795,GVWPB1782Q,10-12-1961
Diya Patel,diyapat617@hotmail.com,8407405272,"House No. 434, 12th Floor, B Wing, Main Road, Hyderabad, Telangana - 500044",385341211398,NVDPP6419H,16-02-1973
Sandeep Pandey,sandeeppan166@outlook.com,9014650884,"Plot No. 313, 1th Floor, D Wing, MG Road, Patna, Bihar - 800012",468492550345,FRZPP5090E,30-09-2004
Sanjay Pillai,sanjaypil621@icloud.com,6977498463,"Plot No. 310, 5th Floor, Block E, Link Road, Patna, Bihar - 800015",340888903249,MPYPP9383V,28-05-1993
Dinesh Roy,dinesh.roy99@hotmail.com,9857474506,"Flat 18, 6th Floor, C Wing, Circular Road, Bhubaneswar, Odisha - 751027",728859205570,LQCPR2113O,22-10-1983
Asha Kapoor,ashakap963@yahoo.com,7145011622,"Villa 429, 12th Floor, A Wing, Station Road, Nagpur, Maharashtra - 440011",671844611861,TLLPK9409T,10-04-1991
Prakash Agarwal,prakash.agarwal57@hotmail.com,7634016984,"Villa 393, 9th Floor, B Wing, Bypass Road, Lucknow, Uttar Pradesh - 226011",888216309924,FCLPA5548X,26-01-2005
Anita Deshmukh,anita.deshmukh80@icloud.com,6652754327,"House No. 283, 12th Floor, B Wing, Ring Road, Hyderabad, Telangana - 500059",302972291315,ZGAPD9943T,17-07-1998
Rudra Nair,rudra.nair86@yahoo.com,6351843916,"Flat 493, 9th Floor, B Wing, Main Road, Coimbatore, Tamil Nadu - 641035",312323009814,CXNPN9878V,19-06-1969
Prakash Yadav,prakashyad443@hotmail.com,7896730876,"House No. 233, 15th Floor, Block E, MG Road, Bhubaneswar, Odisha - 751006",876286112292,DXSPY2694X,31-05-1992
Yash Joshi,yash.joshi45@hotmail.com,6175768096,"Plot No. 238, 12th Floor, C Wing, Link Road, Chennai, Tamil Nadu - 600115",990329199169,QWBPJ7013V,23-01-1988
Lata Gupta,latagup657@hotmail.com,9429095902,"Plot No. 249, 4th Floor, Block F, Station Road, Coimbatore, Tamil Nadu - 641001",857543354705,HIOPG5088H,15-11-1997
Aryan Mukherjee,aryan.mukherjee80@hotmail.com,7079528185,"Villa 303, 6th Floor, Block E, Bypass Road, Bengaluru, Karnataka - 560032",970565993809,KYJPM7043S,26-11-1996
Aryan Iyengar,aryan.iyengar96@icloud.com,9932280305,"House No. 369, 11th Floor, Block E, Station Road, Nagpur, Maharashtra - 440013",731754416547,CDKPI4023D,08-12-1992
Anita Yash,anitayas888@outlook.com,9271805522,"Villa 24, 12th Floor, B Wing, Ring Road, Patna, Bihar - 800002",692829693037,MHMPY0483M,25-02-2005
Rudra Nair,rudranai150@yahoo.com,8016007421,"House No. 87, 14th Floor, B Wing, Station Road, Patna, Bihar - 800007",341754623418,POVPN5162O,20-10-1998
Rekha Arora,rekhaaro428@outlook.com,8409728044,"House No. 228, 13th Floor, A Wing, MG Road, Bengaluru, Karnataka - 560043",276475883435,COVPA5441N,29-02-1968
Ananya Mukherjee,ananya.mukherjee8@hotmail.com,6000122476,"House No. 226, 2th Floor, Block E, Main Road, Delhi, Delhi - 110027",390680875573,CHPPM8562J,13-03-1980
Geeta Yash,geeta.yash26@gmail.com,8234591307,"House No. 315, 1th Floor, Block E, Main Road, Kolkata, West Bengal - 700097",891829154697,TPKPY8264K,05-11-1979
Tanvi Iyer,tanvi.iyer59@yahoo.com,8552125090,"Plot No. 298, 13th Floor, B Wing, Ring Road, Kochi, Kerala - 682034",525969845331,TAIPI8991O,28-08-1984
Aanya Ansari,aanya.ansari69@yahoo.com,9162684884,"Plot No. 140, 10th Floor, Block E, Circular Road, Thiruvananthapuram, Kerala - 695004",953140976663,BVTPA6825M,07-12-1968
Reyansh Grover,reyansh.grover6@gmail.com,9246019976,"Plot No. 84, 10th Floor, C Wing, Park Street, Bhubaneswar, Odisha - 751005",763500373485,ECKPG5608Z,18-07-1977
Rudra Iyer,rudraiye407@icloud.com,9614470705,"Plot No. 265, 7th Floor, C Wing, Link Road, Coimbatore, Tamil Nadu - 641002",679045525774,ZAPPI9495K,18-11-1982
Aarav Pillai,aarav.pillai21@outlook.com,6398778790,"Flat 310, 10th Floor, A Wing, Station Road, Coimbatore, Tamil Nadu - 641048",279305186277,GIAPP6985H,07-02-1977
Arjun Yadav,arjunyad795@gmail.com,8671331090,"Villa 286, 3th Floor, B Wing, Ring Road, Coimbatore, Tamil Nadu - 641031",508136643680,ELSPY3234T,04-02-1973
Advait Pillai,advait.pillai74@icloud.com,7093803075,"Plot No. 204, 2th Floor, Block E, Station Road, Thiruvananthapuram, Kerala - 695012",637146876342,EYIPP9411T,20-04-1972
Sandeep Chawla,sandeepcha726@yahoo.com,9276324857,"Plot No. 409, 15th Floor, B Wing, Link Road, Thiruvananthapuram, Kerala - 695019",579994402181,JZVPC4917Q,05-03-1967
Diya Singh,diya.singh96@gmail.com,6101847961,"House No. 451, 6th Floor, A Wing, Park Street, Lucknow, Uttar Pradesh - 226021",393955318961,CEAPS4890P,21-02-1964
Suresh Agarwal,sureshaga584@gmail.com,7232667490,"House No. 266, 11th Floor, C Wing, Link Road, Pune, Maharashtra - 411032",903339179865,GFUPA9586I,05-04-1983
Ayaans Reddy,ayaansred473@gmail.com,9081537604,"Villa 180, 14th Floor, B Wing, Park Street, Thiruvananthapuram, Kerala - 695009",913331632504,BTTPR3067Z,05-07-1979
Vivaan Malik,vivaan.malik63@outlook.com,7145639708,"House No. 484, 3th Floor, A Wing, Bypass Road, Kochi, Kerala - 682008",572981944105,SSXPM5043W,07-02-1993
Om Reddy,om.reddy4@icloud.com,6631792261,"Villa 14, 11th Floor, D Wing, Ring Road, Mysuru, Karnataka - 570010",435705547143,HLSPR7804H,18-07-1974
Riya Trivedi,riyatri609@gmail.com,8896056746,"House No. 369, 14th Floor, Block F, Main Road, Chennai, Tamil Nadu - 600005",544806446883,RXMPT6291M,18-07-1982
Vijay Chavan,vijay.chavan57@yahoo.com,9452032318,"House No. 196, 12th Floor, C Wing, Park Street, Hyderabad, Telangana - 500019",345691742205,LNCPC1379U,05-09-1970
Vikram Kulkarni,vikram.kulkarni87@icloud.com,6726238229,"Plot No. 252, 11th Floor, Block F, Circular Road, Bengaluru, Karnataka - 560089",886342172337,VGJPK7545L,07-08-1979
Ashok Deshmukh,ashok.deshmukh89@gmail.com,8753301155,"Villa 150, 5th Floor, B Wing, Main Road, Bhubaneswar, Odisha - 751013",402474211538,LGCPD0740O,23-01-1986
Anjali Mishra,anjalimis202@yahoo.com,8721838739,"House No. 497, 12th Floor, B Wing, Park Street, Kolkata, West Bengal - 700133",749356818991,CTEPM2288J,12-10-1974
Saanvi Iyengar,saanviiye790@yahoo.com,9284052609,"Villa 449, 10th Floor, Block F, Circular Road, Patna, Bihar - 800023",976763419086,KLFPI7618X,20-01-1993
Atharva D'Souza,atharva.d'souza6@hotmail.com,6461185195,"Villa 492, 13th Floor, C Wing, Ring Road, Patna, Bihar - 800006",635227623710,BGKPD9384U,24-08-1960
Geeta Shetty,geeta.shetty94@gmail.com,8093391702,"Plot No. 273, 15th Floor, D Wing, Park Street, Lucknow, Uttar Pradesh - 226001",982225135007,ROHPS3548F,25-04-1988
Reyansh Grover,reyanshgro339@icloud.com,7363665574,"Villa 50, 3th Floor, Block F, Bypass Road, Kochi, Kerala - 682033",946139761081,KJQPG6569U,22-07-1971
Pooja Bajaj,pooja.bajaj12@icloud.com,8951940392,"House No. 194, 3th Floor, Block F, Station Road, Hyderabad, Telangana - 500008",691976727285,BABPB6262O,04-07-1962
Shaurya Patel,shauryapat893@outlook.com,9255478838,"House No. 388, 10th Floor, Block F, Station Road, Mysuru, Karnataka - 570001",843452029048,WPFPP4467P,29-10-2004
Reyansh Thakur,reyanshtha676@icloud.com,6947376127,"Plot No. 81, 11th Floor, Block E, Ring Road, Chandigarh, Chandigarh - 160018",562394036838,UMJPT2301L,02-01-1978
Pranav Sen,pranavsen925@hotmail.com,8102070326,"Villa 423, 6th Floor, C Wing, Ring Road, Jaipur, Rajasthan - 302015",698767988894,TORPS0075I,15-01-1980
Vivaan Kumar,vivaan.kumar64@icloud.com,6163017324,"Flat 6, 5th Floor, Block F, Main Road, Mysuru, Karnataka - 570025",556470713546,HVCPK2217S,14-08-1977
Lata Iyengar,lata.iyengar61@yahoo.com,8381504554,"Plot No. 251, 15th Floor, D Wing, Main Road, Thiruvananthapuram, Kerala - 695017",709527551038,QBZPI3474M,27-04-1992
Neha Grover,neha.grover11@hotmail.com,9595895412,"Plot No. 486, 4th Floor, D Wing, Link Road, Hyderabad, Telangana - 500069",804836247072,QMNPG6041W,26-06-1985
Rudra Deshmukh,rudrades289@hotmail.com,6139284979,"Villa 153, 5th Floor, D Wing, Station Road, Chandigarh, Chandigarh - 160049",468915588330,LBSPD0369U,25-04-1974
Diya Bose,diya.bose72@icloud.com,9038816176,"Plot No. 67, 13th Floor, B Wing, MG Road, Jaipur, Rajasthan - 302037",245740442024,NAWPB7461G,19-04-1962
Neha Agarwal,neha.agarwal62@outlook.com,6404437749,"Plot No. 459, 15th Floor, D Wing, Main Road, Nagpur, Maharashtra - 440028",689308809440,RVGPA4104T,24-01-1973
Meena Patel,meena.patel86@hotmail.com,6191856775,"Flat 202, 3th Floor, B Wing, Link Road, Nagpur, Maharashtra - 440020",767989618419,LFLPP8811Z,03-05-1971
Ramesh Thakur,rameshtha566@hotmail.com,8997628944,"House No. 395, 15th Floor, C Wing, MG Road, Bengaluru, Karnataka - 560022",878756388239,VFDPT4646R,31-05-1984
Diya Sheikh,diyashe125@gmail.com,8057829131,"Flat 3, 10th Floor, A Wing, Main Road, Bhubaneswar, Odisha - 751008",497173631654,ATQPS7231Z,08-05-1976
Vikram Bose,vikram.bose63@gmail.com,9974234998,"House No. 435, 6th Floor, B Wing, Bypass Road, Bhubaneswar, Odisha - 751006",866256053678,NSPPB3614K,30-11-2000
Dev Singh,devsin339@hotmail.com,6915790391,"House No. 328, 8th Floor, A Wing, Station Road, Kolkata, West Bengal - 700134",631513101405,OXIPS7629E,09-03-1987
Aarav Sheikh,aarav.sheikh43@outlook.com,6372032308,"House No. 115, 7th Floor, Block E, Station Road, Patna, Bihar - 800025",839862493239,BCSPS8871F,17-06-1988
Anita Grover,anita.grover34@gmail.com,6214827797,"House No. 289, 7th Floor, Block F, Main Road, Kolkata, West Bengal - 700128",991595942361,TFLPG7501J,01-06-1963
Ayaans Nair,ayaansnai204@hotmail.com,8774701981,"House No. 488, 13th Floor, B Wing, Bypass Road, Bhubaneswar, Odisha - 751029",847381376549,DAYPN4878H,14-08-1971
Diya Mishra,diya.mishra32@hotmail.com,7441948608,"Plot No. 149, 9th Floor, D Wing, MG Road, Nagpur, Maharashtra - 440008",490176983079,DVEPM7041D,16-03-1978
Aadhya Khanna,aadhya.khanna86@gmail.com,9133907570,"Flat 148, 6th Floor, Block E, Park Street, Ahmedabad, Gujarat - 380038",868197376740,NGPPK0140Q,17-12-1997
Prakash Sharma,prakash.sharma82@hotmail.com,8911958469,"Villa 305, 14th Floor, Block E, Park Street, Kolkata, West Bengal - 700150",314236330714,ZMDPS8013L,09-08-1997
Shruti Arora,shrutiaro535@yahoo.com,6442918499,"Flat 267, 4th Floor, A Wing, Circular Road, Nagpur, Maharashtra - 440006",591585730139,FLPPA6116B,14-01-1996
Naresh Joshi,naresh.joshi34@hotmail.com,8968583688,"House No. 437, 3th Floor, C Wing, Link Road, Bhubaneswar, Odisha - 751027",379596936716,NLRPJ1122T,08-08-1979
Kiara Iyer,kiara.iyer48@gmail.com,9705561292,"Flat 421, 3th Floor, D Wing, Main Road, Hyderabad, Telangana - 500021",861785359305,MAEPI3679P,30-11-1985
Dinesh Khan,dinesh.khan93@yahoo.com,7274941296,"Plot No. 242, 8th Floor, A Wing, Circular Road, Kanpur, Uttar Pradesh - 208023",499379626445,YKMPK0444O,06-08-1978
Anjali Agarwal,anjaliaga483@hotmail.com,8528101144,"House No. 260, 13th Floor, Block F, Link Road, Coimbatore, Tamil Nadu - 641009",243724649874,OFCPA3724P,22-09-1997
Ayaans Shetty,ayaansshe501@hotmail.com,8231132409,"Flat 162, 1th Floor, C Wing, Station Road, Ahmedabad, Gujarat - 380012",274631916661,FQOPS7689E,18-01-1969
Aanya Kapoor,aanyakap102@hotmail.com,9058856493,"Plot No. 494, 3th Floor, Block E, Main Road, Pune, Maharashtra - 411039",505875638866,CWNPK1864U,07-07-1983
Ananya Gomes,ananya.gomes24@icloud.com,8725221597,"Plot No. 443, 4th Floor, C Wing, Bypass Road, Bhubaneswar, Odisha - 751013",658157058026,EMKPG8494Q,06-05-2002
Rajesh Sheikh,rajeshshe571@gmail.com,8532348733,"Plot No. 197, 7th Floor, Block F, Park Street, Surat, Gujarat - 395001",248986990385,XFNPS7070U,27-08-1967
Vijay Choudhury,vijaycho574@gmail.com,6102541837,"House No. 285, 14th Floor, D Wing, Ring Road, Jaipur, Rajasthan - 302020",718380983507,PJIPC5818H,30-10-1991
Prakash Choudhury,prakash.choudhury20@outlook.com,8573460831,"Villa 182, 11th Floor, A Wing, Circular Road, Chandigarh, Chandigarh - 160061",668680030337,NWHPC3035M,12-07-1998
Om Ansari,om.ansari61@outlook.com,7504343216,"House No. 309, 8th Floor, B Wing, Circular Road, Kolkata, West Bengal - 700088",633234776553,XKFPA7460L,15-09-1979
Diya Banerjee,diyaban324@hotmail.com,6975540826,"Plot No. 482, 8th Floor, B Wing, Circular Road, Jaipur, Rajasthan - 302035",229904558726,CRMPB2040P,29-12-1998
Pooja Deshmukh,pooja.deshmukh17@yahoo.com,7529070626,"House No. 252, 5th Floor, A Wing, Bypass Road, Kolkata, West Bengal - 700109",311753133020,OAMPD0172Y,13-03-1985
Dev Yash,devyas252@hotmail.com,9977384778,"Flat 280, 13th Floor, C Wing, Station Road, Patna, Bihar - 800002",517752399158,FNSPY7234M,21-11-1991
Advait Agarwal,advait.agarwal7@outlook.com,7276416504,"House No. 85, 5th Floor, Block F, Main Road, Delhi, Delhi - 110080",606112586526,OJCPA6659U,28-01-1963
Shaurya Hegde,shauryaheg322@yahoo.com,9856945980,"Villa 199, 4th Floor, Block F, Link Road, Kanpur, Uttar Pradesh - 208004",848833042515,BIPPH0859V,20-06-1962
Aadhya Grover,aadhyagro665@gmail.com,7410056596,"Villa 82, 14th Floor, Block F, Park Street, Kochi, Kerala - 682010",931424598300,SYVPG2767R,16-03-1966
Riya Roy,riya.roy84@outlook.com,9591244332,"Plot No. 157, 13th Floor, C Wing, Park Street, Hyderabad, Telangana - 500009",682689404878,CYEPR7625U,20-05-1975
Rekha Joshi,rekhajos515@icloud.com,6988424078,"Flat 153, 2th Floor, A Wing, Link Road, Bengaluru, Karnataka - 560068",283940228525,NMYPJ7831H,23-01-1969
Rajesh Mukherjee,rajesh.mukherjee38@icloud.com,8877355036,"Plot No. 192, 9th Floor, A Wing, Park Street, Pune, Maharashtra - 411020",941791540082,XSFPM1545P,10-12-2003
Kavita Agarwal,kavitaaga926@hotmail.com,8205509882,"Flat 273, 7th Floor, A Wing, Bypass Road, Chennai, Tamil Nadu - 600009",931549593284,ARZPA9939J,29-01-1964
Aanya Malhotra,aanya.malhotra14@hotmail.com,8516096933,"Villa 332, 3th Floor, Block F, Station Road, Pune, Maharashtra - 411005",453930734525,HMNPM2480K,11-04-1960
Neha Bose,nehabos964@outlook.com,6563530600,"Flat 451, 11th Floor, D Wing, Bypass Road, Delhi, Delhi - 110010",695084910217,WMLPB1806K,01-02-1983
Gaurav Mukherjee,gaurav.mukherjee1@yahoo.com,8753470205,"Villa 358, 5th Floor, Block E, Circular Road, Delhi, Delhi - 110075",676765805398,DQKPM5743Q,16-04-1973
Suman Arora,suman.arora82@yahoo.com,8313987198,"Flat 247, 5th Floor, A Wing, Bypass Road, Kochi, Kerala - 682026",952266267596,JGYPA4993H,24-12-1992
Tanvi Sharma,tanvisha905@gmail.com,8646751385,"Plot No. 109, 14th Floor, Block E, Bypass Road, Hyderabad, Telangana - 500084",249007917673,YVJPS3529Z,09-02-1960
Aanya Thakur,aanyatha640@gmail.com,9901635835,"House No. 243, 5th Floor, C Wing, Bypass Road, Ahmedabad, Gujarat - 380037",967425549161,LLRPT5827E,12-03-1967
Harish Nair,harishnai821@gmail.com,8609925250,"Flat 161, 2th Floor, Block F, Circular Road, Nagpur, Maharashtra - 440003",272720074506,ZIKPN4259J,07-08-1998
Gaurav Mukherjee,gauravmuk634@hotmail.com,7844691401,"Flat 345, 12th Floor, B Wing, Link Road, Chennai, Tamil Nadu - 600126",467626002290,JBFPM2241S,09-06-1990
Vijay Bajaj,vijay.bajaj55@hotmail.com,7654388603,"Flat 253, 9th Floor, Block F, Main Road, Chennai, Tamil Nadu - 600087",886730725876,VZVPB3097J,10-10-1973
Mahesh Yash,mahesh.yash25@outlook.com,7425099187,"Flat 93, 3th Floor, A Wing, MG Road, Jaipur, Rajasthan - 302023",233924017845,HRLPY3539F,21-10-1995
Ayaans Chawla,ayaans.chawla69@outlook.com,9512140009,"Flat 215, 6th Floor, Block F, Station Road, Chandigarh, Chandigarh - 160029",223761908917,OLQPC6869G,31-03-1976
Rahul Grover,rahul.grover71@gmail.com,6188542779,"Villa 430, 2th Floor, D Wing, Park Street, Kanpur, Uttar Pradesh - 208025",419169832400,FMQPG1063V,19-05-1985
Aditi Khanna,aditi.khanna12@gmail.com,6257878725,"Villa 47, 3th Floor, Block F, Main Road, Mumbai, Maharashtra - 400024",692610138154,QCHPK5077F,04-03-1992
Shaurya Kapoor,shaurya.kapoor67@yahoo.com,6816890217,"Flat 91, 8th Floor, D Wing, Station Road, Mysuru, Karnataka - 570029",807879169647,JHTPK5828L,13-07-1988
Krishna Gaekwad,krishna.gaekwad74@yahoo.com,6816347973,"Villa 273, 6th Floor, D Wing, MG Road, Pune, Maharashtra - 411021",985157362283,IIVPG3484V,19-05-1993
Arjun Patel,arjunpat571@hotmail.com,6259437036,"House No. 159, 11th Floor, D Wing, Link Road, Bengaluru, Karnataka - 560045",880009880066,WKYPP1977L,29-08-1992
Geeta Bose,geeta.bose76@yahoo.com,6325313809,"House No. 316, 15th Floor, Block E, MG Road, Pune, Maharashtra - 411009",595334807851,DTLPB4512I,16-09-1986
Rekha D'Souza,rekhad's229@hotmail.com,7566227008,"House No. 450, 9th Floor, D Wing, Ring Road, Chennai, Tamil Nadu - 600115",445953790861,BLBPD3392L,13-11-1979
Ishaan Thakur,ishaan.thakur98@icloud.com,7104986081,"Plot No. 446, 8th Floor, Block E, Ring Road, Chennai, Tamil Nadu - 600033",290274135676,HSSPT0735Y,12-09-1994
Prakash Chawla,prakashcha465@hotmail.com,7023534923,"Flat 488, 6th Floor, Block E, Bypass Road, Mysuru, Karnataka - 570002",969291584454,UOTPC1306L,31-08-1977
Ananya Rao,ananya.rao92@outlook.com,6589065689,"Flat 393, 5th Floor, Block F, MG Road, Surat, Gujarat - 395007",589128607759,GPRPR0720U,27-09-1993
Preeti Mehta,preeti.mehta55@gmail.com,9840353276,"Villa 26, 13th Floor, B Wing, Station Road, Coimbatore, Tamil Nadu - 641038",642130392894,ADFPM1681H,29-04-1982
Aadhya D'Souza,aadhya.d'souza37@yahoo.com,8878008557,"Plot No. 68, 6th Floor, Block F, Circular Road, Kanpur, Uttar Pradesh - 208023",646263422403,PSEPD7534E,05-03-1986
Gaurav Nair,gaurav.nair27@icloud.com,9726525323,"House No. 32, 1th Floor, D Wing, MG Road, Thiruvananthapuram, Kerala - 695024",972233097886,FORPN1843H,14-03-1968
Sunita Kapoor,sunita.kapoor10@gmail.com,6075542955,"House No. 344, 4th Floor, Block E, Link Road, Kolkata, West Bengal - 700119",344020079528,QNYPK1415E,08-07-1997
Anjali Bajaj,anjalibaj485@gmail.com,6144509427,"Flat 304, 5th Floor, Block F, Park Street, Ahmedabad, Gujarat - 380036",225934607146,MPZPB0217J,07-05-1971
Aditya Chawla,aditya.chawla4@outlook.com,7946353050,"Villa 137, 13th Floor, B Wing, Circular Road, Kolkata, West Bengal - 700109",341175132555,DRXPC0731P,21-02-1966
Aditya Mukherjee,aditya.mukherjee81@yahoo.com,8611855872,"Flat 472, 8th Floor, D Wing, Circular Road, Thiruvananthapuram, Kerala - 695034",618700180652,MMCPM8901N,28-07-1997
Dinesh Arora,dinesharo994@outlook.com,6416457425,"Villa 81, 11th Floor, D Wing, Station Road, Chandigarh, Chandigarh - 160022",548964461390,PWNPA4330P,19-08-1970
Rohan D'Souza,rohan.d'souza12@outlook.com,7561925129,"Villa 253, 3th Floor, Block F, Station Road, Jaipur, Rajasthan - 302003",907637317666,KLFPD0883Y,13-03-1976
Om Agarwal,omaga206@hotmail.com,8805992653,"Plot No. 116, 7th Floor, B Wing, Main Road, Mumbai, Maharashtra - 400086",419903404491,JPKPA4140N,18-04-1984
Advait Reddy,advaitred289@hotmail.com,9603075048,"Flat 152, 4th Floor, A Wing, MG Road, Kochi, Kerala - 682001",726870691418,DCYPR2190Y,19-04-1966
Atharva Choudhury,atharvacho529@icloud.com,8807136915,"Villa 402, 9th Floor, D Wing, Link Road, Hyderabad, Telangana - 500069",921156739577,QDFPC2312L,26-11-1973
Aditya Das,aditya.das49@icloud.com,8814172203,"Plot No. 141, 14th Floor, B Wing, Park Street, Kolkata, West Bengal - 700111",938631510149,HKBPD0889Z,10-03-1975
Yash Gaekwad,yash.gaekwad72@outlook.com,6536030873,"House No. 127, 13th Floor, C Wing, MG Road, Coimbatore, Tamil Nadu - 641028",346965540814,ZMNPG3321P,28-05-1963
Saanvi Mehta,saanvimeh706@yahoo.com,6508858937,"Villa 253, 15th Floor, A Wing, MG Road, Kanpur, Uttar Pradesh - 208012",911393451747,THUPM9891Q,21-03-2001
Deepak Gaekwad,deepak.gaekwad4@gmail.com,9276434893,"House No. 490, 3th Floor, B Wing, Station Road, Kanpur, Uttar Pradesh - 208026",655228603859,OXIPG9624V,05-06-1975
Ashok Bose,ashokbos982@gmail.com,9618486349,"Plot No. 267, 13th Floor, Block F, Circular Road, Coimbatore, Tamil Nadu - 641036",447839188139,YFPPB9197B,06-08-2003
Riya Roy,riyaroy356@hotmail.com,9318768251,"Flat 229, 7th Floor, B Wing, MG Road, Nagpur, Maharashtra - 440033",684440684565,YOUPR3057R,14-02-1993
Preeti Mukherjee,preetimuk992@outlook.com,6727264548,"Villa 212, 13th Floor, Block E, MG Road, Delhi, Delhi - 110027",572424797155,SWHPM6406P,10-08-1986
Shruti Joshi,shrutijos782@hotmail.com,8077028296,"Plot No. 399, 3th Floor, Block E, Station Road, Kochi, Kerala - 682038",247569597829,GZQPJ1992I,06-03-1976
Diya Verma,diyaver945@yahoo.com,8632240351,"House No. 86, 15th Floor, C Wing, Bypass Road, Lucknow, Uttar Pradesh - 226027",504891340724,IERPV8946P,09-03-2002
Yash Verma,yash.verma40@gmail.com,9945318732,"Plot No. 396, 12th Floor, B Wing, Link Road, Kanpur, Uttar Pradesh - 208005",334298803874,AQMPV1825T,01-07-1983
Anjali Malik,anjali.malik32@icloud.com,8266903095,"Flat 288, 13th Floor, D Wing, Park Street, Pune, Maharashtra - 411052",660768899916,CQVPM4696Z,04-11-1986
Sandeep Ansari,sandeep.ansari22@icloud.com,6116834474,"Flat 56, 4th Floor, A Wing, Circular Road, Kanpur, Uttar Pradesh - 208007",756531114483,GLBPA4438V,04-05-1997
Sanjay Malhotra,sanjaymal585@hotmail.com,7294699251,"Plot No. 65, 1th Floor, Block F, MG Road, Mumbai, Maharashtra - 400094",529539682913,MWQPM0987X,08-09-1985
Atharva Roy,atharvaroy740@hotmail.com,8357617550,"Flat 301, 9th Floor, C Wing, Station Road, Ahmedabad, Gujarat - 380023",582775425280,GRCPR8985S,18-03-1976
Suresh Deshmukh,sureshdes163@icloud.com,8101453358,"Plot No. 75, 15th Floor, Block F, Bypass Road, Kochi, Kerala - 682001",305243425213,QDEPD5818J,18-10-1962
Aadhya Iyengar,aadhyaiye642@hotmail.com,6167666489,"Villa 205, 3th Floor, Block F, Station Road, Nagpur, Maharashtra - 440010",658149532585,HHHPI8921Q,11-11-1970
Lata Sen,lata.sen40@hotmail.com,6442495774,"Plot No. 67, 12th Floor, A Wing, Main Road, Pune, Maharashtra - 411021",712472093831,OYZPS0360A,11-09-1971
Rohan Mehta,rohan.mehta21@yahoo.com,7629813073,"Plot No. 428, 5th Floor, Block F, Bypass Road, Mysuru, Karnataka - 570003",904765235923,SWIPM8920G,06-09-1963
Rajesh Roy,rajeshroy705@hotmail.com,8285966296,"Flat 409, 13th Floor, B Wing, Ring Road, Pune, Maharashtra - 411001",748301638386,FCSPR2255N,19-02-2002
Arnav Iyengar,arnaviye536@hotmail.com,7996559815,"Flat 478, 9th Floor, A Wing, MG Road, Coimbatore, Tamil Nadu - 641014",830749340811,UJVPI0756G,06-09-1985
Rekha Choudhury,rekhacho918@yahoo.com,8973841490,"Villa 120, 6th Floor, D Wing, Station Road, Mumbai, Maharashtra - 400043",852633091102,PQXPC6579Q,18-09-2004
Vikram Trivedi,vikram.trivedi3@icloud.com,6856034376,"Villa 280, 2th Floor, D Wing, Ring Road, Chandigarh, Chandigarh - 160032",379431715140,JHAPT3897N,24-02-1983
Sanjay Khan,sanjaykha797@yahoo.com,7676208726,"Plot No. 3, 2th Floor, B Wing, Park Street, Kochi, Kerala - 682019",682489617035,OMXPK5702B,02-12-2000
Ashok Hegde,ashok.hegde41@outlook.com,7966510085,"Villa 17, 9th Floor, A Wing, Bypass Road, Kanpur, Uttar Pradesh - 208019",813877550468,QTMPH8767W,09-04-1979
Rajesh Sen,rajeshsen936@outlook.com,9948100810,"Villa 320, 13th Floor, A Wing, Ring Road, Hyderabad, Telangana - 500046",933923172044,AHHPS9374M,19-12-1973
Amit Khanna,amit.khanna66@yahoo.com,8047392687,"Flat 456, 10th Floor, C Wing, Bypass Road, Surat, Gujarat - 395005",817923353760,SAXPK6275G,01-09-1960
Rudra Khanna,rudrakha891@yahoo.com,6433226007,"Villa 455, 13th Floor, D Wing, Bypass Road, Chandigarh, Chandigarh - 160053",879597502549,DLOPK7236A,08-06-1990
Vihaan Shetty,vihaan.shetty24@outlook.com,7416042634,"Villa 492, 15th Floor, B Wing, Main Road, Coimbatore, Tamil Nadu - 641003",942742474766,QHKPS7195G,14-07-1970
Tanvi Patel,tanvi.patel39@outlook.com,7127519384,"Plot No. 97, 6th Floor, B Wing, Station Road, Surat, Gujarat - 395009",744871340468,HYGPP1876X,12-11-1980
Dev Bose,devbos747@yahoo.com,6577572323,"Flat 413, 12th Floor, A Wing, Bypass Road, Chandigarh, Chandigarh - 160050",640087282727,UVUPB0294H,13-04-1961
Saanvi Bajaj,saanvibaj755@icloud.com,8119042560,"Plot No. 386, 15th Floor, A Wing, Link Road, Mysuru, Karnataka - 570024",915564929380,VLGPB4435F,02-11-2003
Krishna Iyer,krishna.iyer6@gmail.com,7830785290,"Plot No. 167, 11th Floor, A Wing, Park Street, Kolkata, West Bengal - 700109",265518033631,HDMPI5194S,27-08-1978
Neha Shetty,neha.shetty41@icloud.com,7618549786,"Plot No. 184, 1th Floor, C Wing, Bypass Road, Ahmedabad, Gujarat - 380044",984491362577,HZGPS7521Q,08-01-1978
Shaurya Malik,shaurya.malik91@yahoo.com,7356741702,"Flat 49, 8th Floor, Block F, Circular Road, Patna, Bihar - 800025",508395130527,AQBPM0701Z,07-10-1998
Om Chatterjee,om.chatterjee58@yahoo.com,8315518225,"Plot No. 97, 6th Floor, C Wing, Link Road, Chennai, Tamil Nadu - 600108",935567657319,YEMPC2067V,10-11-1974
Dev Yash,devyas268@hotmail.com,6885625771,"Flat 178, 10th Floor, C Wing, MG Road, Mysuru, Karnataka - 570011",877133355354,GDPPY1953Y,08-03-1984
Suresh Agarwal,suresh.agarwal23@outlook.com,8180548713,"Flat 408, 8th Floor, C Wing, Ring Road, Coimbatore, Tamil Nadu - 641021",513005103973,IAWPA9024K,11-02-1982
Ramesh Chatterjee,ramesh.chatterjee80@gmail.com,9852210234,"Plot No. 379, 2th Floor, Block E, MG Road, Chennai, Tamil Nadu - 600093",730868660476,RSHPC6629O,21-07-1983
Prakash D'Souza,prakashd's544@icloud.com,9088098046,"Plot No. 361, 15th Floor, B Wing, Main Road, Coimbatore, Tamil Nadu - 641031",594658504204,BNVPD3660P,06-01-1971
Kiara Arora,kiara.arora57@icloud.com,9036054463,"Villa 391, 14th Floor, B Wing, Main Road, Surat, Gujarat - 395007",760653692319,CXHPA1080X,25-08-1973
Advait Sen,advaitsen791@outlook.com,9456156707,"Plot No. 350, 15th Floor, A Wing, Ring Road, Ahmedabad, Gujarat - 380042",822870115552,WOXPS0937P,26-06-1973
Sunita Patel,sunitapat309@outlook.com,9060020452,"Flat 441, 9th Floor, B Wing, Park Street, Lucknow, Uttar Pradesh - 226015",569978010834,YIOPP2676K,01-02-1982
Lata Yash,latayas450@outlook.com,9994906165,"Plot No. 480, 7th Floor, B Wing, Park Street, Coimbatore, Tamil Nadu - 641049",910688659794,FFPPY0157M,02-06-1998
Dev Rao,dev.rao99@hotmail.com,7535473048,"Flat 204, 12th Floor, Block F, Ring Road, Pune, Maharashtra - 411014",585711044311,CEIPR8057D,25-08-1966
Satish Agarwal,satishaga331@hotmail.com,9464389812,"House No. 345, 1th Floor, B Wing, Bypass Road, Coimbatore, Tamil Nadu - 641034",643080477329,BWKPA6144O,31-01-1993
Kriti Kumar,kriti.kumar68@icloud.com,6474762912,"Flat 432, 9th Floor, B Wing, MG Road, Chennai, Tamil Nadu - 600120",316901605545,OKOPK1003Y,28-06-1965
Priya Yadav,priya.yadav54@outlook.com,9412318652,"Villa 449, 11th Floor, C Wing, Bypass Road, Delhi, Delhi - 110030",300944090441,ADNPY8830L,28-07-2005
Dev Gomes,devgom687@icloud.com,6415946283,"Flat 447, 5th Floor, B Wing, Ring Road, Bhubaneswar, Odisha - 751020",463051524426,IZGPG9952Y,12-07-2005
Shaurya Yadav,shauryayad859@outlook.com,8308061299,"Plot No. 224, 6th Floor, Block E, Bypass Road, Thiruvananthapuram, Kerala - 695036",781650145019,NEGPY2169O,16-09-1985
Priya Khanna,priyakha826@hotmail.com,6312508643,"Flat 287, 12th Floor, C Wing, Link Road, Thiruvananthapuram, Kerala - 695012",843562017962,JICPK4767X,05-04-1989
Shruti Das,shrutidas191@icloud.com,9289818286,"Flat 450, 1th Floor, D Wing, Main Road, Ahmedabad, Gujarat - 380015",493425813675,FCFPD4101A,16-04-1961
Rudra Verma,rudra.verma17@hotmail.com,9880731610,"Villa 8, 4th Floor, Block F, Ring Road, Mysuru, Karnataka - 570030",553712800920,OPSPV2535N,11-04-1990
Ananya Chawla,ananyacha131@yahoo.com,6882595161,"House No. 108, 1th Floor, A Wing, Park Street, Kochi, Kerala - 682014",203220623724,AQMPC8907M,23-06-1995
Shruti Kulkarni,shruti.kulkarni44@outlook.com,7310224258,"House No. 240, 13th Floor, Block F, Circular Road, Hyderabad, Telangana - 500079",949910971846,VDZPK0994C,14-01-1973
Vikram Banerjee,vikramban474@outlook.com,7251422974,"Plot No. 68, 7th Floor, A Wing, Park Street, Jaipur, Rajasthan - 302018",956822396805,CNWPB1848H,01-07-1995
Harsh Yadav,harsh.yadav5@icloud.com,9318059564,"Plot No. 225, 4th Floor, C Wing, Park Street, Jaipur, Rajasthan - 302008",240109718002,KQAPY9668I,23-10-1985
Suman D'Souza,sumand's964@hotmail.com,6404589317,"House No. 478, 13th Floor, C Wing, Link Road, Chennai, Tamil Nadu - 600107",211955305617,WJLPD9943I,22-12-1974
Preeti Rao,preetirao630@gmail.com,6959083932,"Flat 36, 2th Floor, Block F, Bypass Road, Jaipur, Rajasthan - 302033",953043039285,ZPFPR1576Z,18-07-1980
Satish Choudhury,satish.choudhury81@yahoo.com,9035578201,"Plot No. 26, 6th Floor, Block F, Circular Road, Chandigarh, Chandigarh - 160062",630644955079,VPHPC1933Z,30-01-1995
Aditya Chatterjee,adityacha236@icloud.com,6708267070,"Villa 93, 5th Floor, Block F, Link Road, Kanpur, Uttar Pradesh - 208004",816155728117,TFJPC8078Q,30-03-2001
Om Gomes,omgom269@outlook.com,8131851321,"Villa 101, 5th Floor, B Wing, MG Road, Jaipur, Rajasthan - 302027",985481227389,IBRPG0629S,10-12-1994
Karan Pandey,karan.pandey68@yahoo.com,8828889041,"House No. 207, 3th Floor, C Wing, Main Road, Nagpur, Maharashtra - 440014",701074880349,AWGPP3177A,27-11-1990
Pranav Chawla,pranavcha268@icloud.com,9258544285,"Flat 88, 4th Floor, D Wing, Bypass Road, Chennai, Tamil Nadu - 600089",624985341341,RYRPC0917D,25-09-1984
Aryan Grover,aryangro332@hotmail.com,7647091777,"Villa 243, 10th Floor, D Wing, Circular Road, Patna, Bihar - 800002",511013613231,ARFPG4029A,18-08-2004
Priya Fernandes,priya.fernandes6@hotmail.com,6320173469,"Plot No. 417, 6th Floor, A Wing, Circular Road, Pune, Maharashtra - 411018",473175160766,UTIPF9696C,12-06-1983
Priya Kapoor,priya.kapoor96@yahoo.com,9317976437,"Villa 60, 13th Floor, A Wing, Main Road, Kanpur, Uttar Pradesh - 208026",663466135803,VPTPK7533T,30-08-1967
Preeti Malhotra,preetimal984@icloud.com,6678176647,"Villa 36, 5th Floor, Block E, Main Road, Bengaluru, Karnataka - 560041",329581292923,CCBPM9265I,06-06-2002
Advait Iyengar,advaitiye809@hotmail.com,7347630412,"Plot No. 236, 1th Floor, Block E, Link Road, Coimbatore, Tamil Nadu - 641015",522635748976,LRFPI8859N,11-11-1976
Kabir Banerjee,kabirban275@hotmail.com,9841326025,"Villa 343, 7th Floor, A Wing, Station Road, Kolkata, West Bengal - 700040",285530637032,LRNPB6606Y,26-04-1987
Deepak Pandey,deepak.pandey4@yahoo.com,6368991620,"House No. 361, 6th Floor, B Wing, MG Road, Bengaluru, Karnataka - 560024",773610901900,GCUPP8695J,06-07-1989
Sunita Singh,sunitasin312@icloud.com,6510490346,"Plot No. 386, 4th Floor, C Wing, Ring Road, Hyderabad, Telangana - 500065",684924364300,REGPS7166K,04-04-1989
Aryan Chavan,aryan.chavan86@outlook.com,9503719528,"House No. 81, 1th Floor, C Wing, MG Road, Patna, Bihar - 800010",670605873487,LJCPC3308L,19-09-1961
Suman Kumar,suman.kumar74@hotmail.com,6788999042,"Villa 327, 11th Floor, A Wing, Bypass Road, Mysuru, Karnataka - 570024",607516005179,FVTPK6668N,28-08-1973
Dhruv Nair,dhruvnai385@hotmail.com,7057864197,"Flat 332, 9th Floor, Block F, Main Road, Pune, Maharashtra - 411005",618276216764,KSDPN1097D,10-11-1978
Amit Shah,amit.shah89@gmail.com,6796795481,"Plot No. 102, 10th Floor, A Wing, Link Road, Mumbai, Maharashtra - 400017",365629799425,MLUPS2986B,15-10-1960
Dev Trivedi,dev.trivedi14@hotmail.com,8303252358,"Flat 69, 13th Floor, C Wing, MG Road, Coimbatore, Tamil Nadu - 641042",352393909023,YVZPT3807K,18-04-1988
Deepak Mishra,deepak.mishra48@gmail.com,8393352111,"Flat 190, 7th Floor, B Wing, Bypass Road, Nagpur, Maharashtra - 440032",522298339683,CSYPM1598P,12-11-1974
Kriti Rao,kriti.rao23@outlook.com,9783584718,"Villa 96, 7th Floor, B Wing, Station Road, Chennai, Tamil Nadu - 600040",614493897597,IJNPR8272A,30-05-1969
Aryan Sen,aryansen233@gmail.com,7448819291,"Plot No. 137, 5th Floor, C Wing, Ring Road, Jaipur, Rajasthan - 302029",649401672239,FHQPS0162P,08-05-1988
Ayaans Trivedi,ayaanstri879@icloud.com,8738851311,"Villa 104, 5th Floor, C Wing, Circular Road, Delhi, Delhi - 110051",708594522888,LBOPT5312G,30-11-1986
Atharva Gomes,atharvagom132@outlook.com,6071859219,"House No. 469, 2th Floor, Block F, Station Road, Mumbai, Maharashtra - 400052",897431920515,WWQPG3188U,03-07-1994
Saanvi Bajaj,saanvibaj281@gmail.com,6667880729,"House No. 101, 13th Floor, D Wing, Park Street, Chennai, Tamil Nadu - 600063",211248715563,QVVPB0151X,28-05-1997
Anita Gaekwad,anita.gaekwad29@gmail.com,6194192818,"Villa 1, 1th Floor, C Wing, Park Street, Coimbatore, Tamil Nadu - 641039",921107257062,DBJPG5363T,12-02-1988
Ayaans Banerjee,ayaansban593@hotmail.com,8530707449,"House No. 172, 2th Floor, D Wing, Station Road, Bhubaneswar, Odisha - 751007",842660304149,VWKPB0093C,12-06-2004
Anita Fernandes,anitafer567@icloud.com,7744039253,"Villa 441, 14th Floor, C Wing, MG Road, Hyderabad, Telangana - 500055",745802643482,LHDPF0419W,07-11-1963
Sunita Arora,sunitaaro887@hotmail.com,8978791228,"Flat 384, 9th Floor, C Wing, Circular Road, Bhubaneswar, Odisha - 751007",519463300651,JJZPA8718P,17-12-1984
Ishaan Gupta,ishaangup977@hotmail.com,9210803674,"Villa 480, 14th Floor, Block E, Station Road, Surat, Gujarat - 395009",757957783116,AYJPG1875K,06-09-1975
Preeti Malik,preetimal680@gmail.com,9900478820,"Plot No. 116, 5th Floor, D Wing, Park Street, Bengaluru, Karnataka - 560038",831908351748,MJMPM2673G,12-12-1985
Prakash Choudhury,prakash.choudhury30@outlook.com,9167021130,"Flat 185, 2th Floor, B Wing, MG Road, Bengaluru, Karnataka - 560092",417325514923,ZUXPC9367U,12-02-1987
Meena Khan,meena.khan12@gmail.com,9960506122,"Plot No. 141, 6th Floor, A Wing, Ring Road, Kolkata, West Bengal - 700081",449590384353,PQWPK5591P,01-03-1974
Mahesh Banerjee,maheshban154@hotmail.com,8000171754,"Villa 444, 10th Floor, B Wing, MG Road, Bhubaneswar, Odisha - 751020",854526078240,DDTPB8888J,30-11-1975
Aditya Hegde,aditya.hegde7@gmail.com,7834062132,"Plot No. 415, 3th Floor, A Wing, Bypass Road, Bengaluru, Karnataka - 560005",540492630747,OUJPH6406U,02-01-1996
Rudra Shah,rudra.shah67@icloud.com,9396255938,"Villa 270, 15th Floor, C Wing, Bypass Road, Surat, Gujarat - 395008",554523857918,MRGPS6282B,17-09-1997
Aanya Khanna,aanya.khanna97@hotmail.com,9203570463,"Flat 106, 11th Floor, B Wing, Ring Road, Delhi, Delhi - 110035",613064565493,IZXPK4173C,21-10-1991
Kavita Nair,kavitanai256@yahoo.com,7122048604,"House No. 84, 5th Floor, C Wing, Park Street, Mysuru, Karnataka - 570009",979174841274,GYGPN8234S,05-11-2005
Deepak Nair,deepak.nair63@icloud.com,7684572997,"Flat 182, 5th Floor, A Wing, MG Road, Chandigarh, Chandigarh - 160024",656928167984,MHNPN6522L,14-08-1989
Shaurya Shah,shaurya.shah87@gmail.com,7604324894,"Villa 419, 4th Floor, B Wing, Circular Road, Kochi, Kerala - 682013",909716982507,GGOPS6138P,21-06-1986
Deepak Malhotra,deepakmal896@outlook.com,8681642064,"House No. 295, 11th Floor, D Wing, Station Road, Surat, Gujarat - 395003",454239798638,IXZPM7985M,04-04-2005
Anjali Sheikh,anjalishe451@gmail.com,9393976130,"Villa 164, 6th Floor, Block E, Link Road, Chandigarh, Chandigarh - 160018",726704943880,JMDPS6417F,02-05-2003
Aryan Gupta,aryangup825@gmail.com,7094302997,"House No. 23, 5th Floor, B Wing, MG Road, Bengaluru, Karnataka - 560051",529794455870,UCVPG4816Y,22-01-1985
Reyansh Bose,reyansh.bose95@hotmail.com,9632516676,"House No. 392, 14th Floor, Block E, MG Road, Thiruvananthapuram, Kerala - 695042",486952368538,FRDPB7522D,07-07-1971
Diya Iyengar,diyaiye675@hotmail.com,6462851012,"Plot No. 480, 14th Floor, B Wing, Link Road, Bengaluru, Karnataka - 560098",403406139588,XFKPI7128T,19-10-1998
Neha Verma,nehaver451@gmail.com,9876424959,"Villa 313, 10th Floor, B Wing, Main Road, Pune, Maharashtra - 411039",579056784937,FASPV2581W,29-05-1991
Sunita Pandey,sunita.pandey89@outlook.com,8850174705,"Villa 486, 4th Floor, D Wing, Link Road, Chennai, Tamil Nadu - 600028",388102374788,MAFPP4166T,09-10-1961
Aditya Patel,aditya.patel59@hotmail.com,8209488523,"Villa 449, 10th Floor, C Wing, MG Road, Hyderabad, Telangana - 500074",869288954305,KLGPP4067L,27-10-1982
Lata Sheikh,lata.sheikh72@hotmail.com,6801421610,"Villa 27, 9th Floor, D Wing, Park Street, Mysuru, Karnataka - 570013",601728942254,JEWPS2500R,09-01-1995
Sneha Pandey,sneha.pandey41@icloud.com,7712064256,"Villa 127, 9th Floor, Block F, Link Road, Kolkata, West Bengal - 700106",982123038649,DXIPP6509H,01-07-1991
Ayaans Sharma,ayaanssha259@outlook.com,9890356188,"Plot No. 500, 2th Floor, Block F, MG Road, Ahmedabad, Gujarat - 380018",496320405635,VNEPS1837S,13-04-1983
Asha Gupta,ashagup928@gmail.com,7862200658,"Villa 404, 11th Floor, B Wing, Circular Road, Bengaluru, Karnataka - 560078",807282269096,MTLPG2181U,26-06-1961
Anjali Fernandes,anjali.fernandes92@hotmail.com,9738579435,"Villa 102, 10th Floor, C Wing, Bypass Road, Kolkata, West Bengal - 700144",551706016528,XKXPF9294B,02-01-1971
Sandeep Gaekwad,sandeepgae424@gmail.com,6749886081,"Plot No. 50, 6th Floor, Block E, Link Road, Bengaluru, Karnataka - 560015",696917092017,PNHPG8233W,09-07-1991
Aarav Chavan,aaravcha830@icloud.com,8923493106,"Villa 273, 7th Floor, Block E, MG Road, Jaipur, Rajasthan - 302017",526286042362,KCFPC6978V,01-09-1981
Shruti Rao,shruti.rao92@icloud.com,9811026659,"Flat 122, 10th Floor, Block F, Ring Road, Ahmedabad, Gujarat - 380034",973824608144,WSMPR8199V,13-03-1970
Rajesh Khanna,rajeshkha230@icloud.com,7010254522,"Flat 417, 2th Floor, B Wing, Park Street, Bengaluru, Karnataka - 560087",743829779911,KSNPK7121W,31-07-1973
Neha Iyer,nehaiye256@gmail.com,9008720463,"Villa 324, 9th Floor, B Wing, Ring Road, Mumbai, Maharashtra - 400081",473234113323,PPHPI2991K,05-06-1988
Vijay Chavan,vijaycha582@yahoo.com,7387909605,"Villa 454, 11th Floor, A Wing, MG Road, Chennai, Tamil Nadu - 600028",561913530578,JYZPC0620D,18-12-1963
Aadhya Sen,aadhyasen865@outlook.com,7352474567,"Plot No. 35, 14th Floor, D Wing, Main Road, Delhi, Delhi - 110085",292500247142,UFGPS5769S,03-11-1982
Aarav Shetty,aarav.shetty72@gmail.com,7873734169,"House No. 91, 12th Floor, A Wing, Link Road, Delhi, Delhi - 110042",953806929815,DVQPS5634X,08-07-1992
Gaurav Trivedi,gauravtri487@gmail.com,6947291408,"Villa 373, 10th Floor, D Wing, Circular Road, Jaipur, Rajasthan - 302003",406175504763,SYNPT3186F,13-02-1976
Pooja Bose,pooja.bose77@hotmail.com,6666725519,"Flat 370, 15th Floor, Block E, Link Road, Chennai, Tamil Nadu - 600030",300084030514,NMDPB8908J,18-08-1989
Harsh Choudhury,harsh.choudhury26@gmail.com,9455324198,"Plot No. 479, 8th Floor, Block E, Circular Road, Chandigarh, Chandigarh - 160017",246319315049,HILPC0650E,01-04-1983
Prakash Iyengar,prakashiye324@icloud.com,9502864570,"Villa 461, 7th Floor, C Wing, Main Road, Coimbatore, Tamil Nadu - 641041",370731997993,LAZPI5700M,18-07-1977
Arnav Shah,arnav.shah30@yahoo.com,9060822502,"Flat 212, 6th Floor, Block F, Bypass Road, Bhubaneswar, Odisha - 751012",978389850842,LZRPS4734C,29-12-1977
Naresh Chawla,naresh.chawla76@yahoo.com,9806437034,"Villa 182, 13th Floor, A Wing, Circular Road, Coimbatore, Tamil Nadu - 641012",442222035124,ACLPC4144N,19-06-1995
Kiara Kulkarni,kiarakul159@icloud.com,6222505395,"House No. 10, 10th Floor, C Wing, Park Street, Surat, Gujarat - 395007",711410861890,EHMPK8664J,22-01-1997
Ananya Shetty,ananya.shetty66@gmail.com,9512968607,"House No. 363, 8th Floor, C Wing, MG Road, Coimbatore, Tamil Nadu - 641031",202530348283,DBPPS6145P,08-08-1997
Priya Iyer,priyaiye105@hotmail.com,6394229785,"House No. 283, 7th Floor, C Wing, Ring Road, Surat, Gujarat - 395005",746225739626,GMOPI5655W,05-04-1961
Suresh Verma,sureshver600@outlook.com,6337555849,"Plot No. 152, 10th Floor, Block E, Ring Road, Thiruvananthapuram, Kerala - 695017",313675255181,QCYPV5427T,19-07-1985
Rajesh Grover,rajeshgro615@outlook.com,7727995037,"House No. 25, 11th Floor, B Wing, Link Road, Jaipur, Rajasthan - 302006",591651033140,KSLPG3157C,08-06-1985
Dev Malik,dev.malik9@outlook.com,8019809797,"Plot No. 456, 6th Floor, Block E, Bypass Road, Kanpur, Uttar Pradesh - 208011",323709218927,WXUPM1141R,13-05-1967
Ashok Malik,ashok.malik43@outlook.com,7336725306,"Flat 29, 15th Floor, B Wing, Park Street, Nagpur, Maharashtra - 440007",910797111367,YGQPM8360H,04-10-2001
Krishna Deshmukh,krishnades934@yahoo.com,8111659906,"House No. 333, 5th Floor, D Wing, Ring Road, Nagpur, Maharashtra - 440006",243599797230,KXUPD0987V,31-12-1972
Priya Nair,priyanai448@outlook.com,6486443976,"Plot No. 155, 7th Floor, C Wing, Park Street, Mumbai, Maharashtra - 400085",348063877368,PQLPN5159U,16-06-1998
Vijay Pillai,vijaypil352@gmail.com,7898583424,"Plot No. 214, 13th Floor, B Wing, MG Road, Surat, Gujarat - 395008",871120866592,YLIPP0717I,11-12-1973
Vijay Mukherjee,vijaymuk213@outlook.com,8316803287,"Flat 351, 5th Floor, A Wing, Main Road, Chandigarh, Chandigarh - 160029",326667435005,NVAPM0966Y,19-03-1996
Shaurya Shah,shauryasha347@outlook.com,9894537818,"Villa 375, 11th Floor, C Wing, Bypass Road, Jaipur, Rajasthan - 302006",267789888992,ZSWPS0597Q,07-07-1987
Anita Bajaj,anita.bajaj12@yahoo.com,6623168810,"Plot No. 255, 9th Floor, D Wing, Bypass Road, Pune, Maharashtra - 411035",326830406797,JYEPB5001T,20-03-1977
Sai Banerjee,saiban325@yahoo.com,8841179206,"Plot No. 353, 12th Floor, A Wing, Circular Road, Bhubaneswar, Odisha - 751009",767457548947,AKAPB7939G,22-02-1995
Amit Deshmukh,amitdes672@outlook.com,7130656047,"House No. 270, 13th Floor, A Wing, Park Street, Ahmedabad, Gujarat - 380057",213130315226,DFQPD2772R,30-03-1996
Anita Hegde,anitaheg381@yahoo.com,8229999399,"Villa 440, 10th Floor, Block F, Link Road, Bengaluru, Karnataka - 560050",304382388663,SQDPH4107W,10-06-1961
Pooja Choudhury,pooja.choudhury90@icloud.com,6853845489,"Plot No. 144, 9th Floor, Block F, Park Street, Mumbai, Maharashtra - 400011",266412560179,QMAPC0289L,20-04-1963
Sneha Ansari,sneha.ansari24@yahoo.com,8524110054,"Plot No. 35, 3th Floor, Block F, Ring Road, Bhubaneswar, Odisha - 751014",702580754562,LBWPA2420Z,22-12-1973
Sunita Sen,sunita.sen27@gmail.com,8425307686,"Flat 91, 13th Floor, Block E, Circular Road, Hyderabad, Telangana - 500013",587086987236,ELMPS9204U,05-02-1966
Atharva Gupta,atharva.gupta33@yahoo.com,6514602127,"Flat 447, 15th Floor, Block F, Bypass Road, Chandigarh, Chandigarh - 160017",677106064412,MYWPG7410C,18-12-1976
Kiara Shah,kiara.shah68@hotmail.com,8438864578,"Flat 384, 2th Floor, C Wing, Link Road, Pune, Maharashtra - 411008",793698072978,NFAPS6667F,07-11-1961
Kriti Yadav,kritiyad998@gmail.com,6315644922,"Plot No. 271, 15th Floor, A Wing, Bypass Road, Kanpur, Uttar Pradesh - 208026",382501812298,GSYPY1116E,22-03-1984
Suman Malik,sumanmal849@yahoo.com,7043038080,"House No. 334, 13th Floor, A Wing, Bypass Road, Kolkata, West Bengal - 700018",553342716871,HCSPM9619Z,08-09-1992
Diya Iyer,diya.iyer29@outlook.com,8360733005,"Villa 205, 13th Floor, B Wing, Ring Road, Kanpur, Uttar Pradesh - 208002",360950922088,YEOPI9340A,12-08-2001
Diya Mishra,diyamis353@hotmail.com,9018316646,"House No. 105, 7th Floor, Block F, Station Road, Pune, Maharashtra - 411020",392741198664,YTIPM9943I,08-11-1964
Naresh Mukherjee,naresh.mukherjee15@icloud.com,9490263409,"House No. 277, 4th Floor, B Wing, Circular Road, Lucknow, Uttar Pradesh - 226008",349974642182,SIWPM9722F,03-03-1982
Kriti Malhotra,kritimal601@outlook.com,7433600323,"House No. 98, 5th Floor, Block F, Main Road, Thiruvananthapuram, Kerala - 695012",724096464679,CIMPM9542L,01-09-2000
Arjun Grover,arjungro592@yahoo.com,6056307068,"House No. 148, 1th Floor, Block E, Circular Road, Pune, Maharashtra - 411012",320587602192,QZHPG5198Q,27-02-1977
Amit Mukherjee,amitmuk995@hotmail.com,9906924822,"Flat 271, 2th Floor, C Wing, Main Road, Coimbatore, Tamil Nadu - 641046",848004840281,HJBPM1824Z,08-08-1995
Dev Ansari,dev.ansari64@icloud.com,6025956826,"Flat 10, 13th Floor, B Wing, Main Road, Delhi, Delhi - 110037",310582845468,ODJPA3984Z,24-10-1966
Asha Grover,ashagro936@yahoo.com,7715483753,"Plot No. 206, 10th Floor, A Wing, Bypass Road, Kochi, Kerala - 682015",574341428849,RUJPG3285U,12-09-1996
Amit Malhotra,amitmal603@yahoo.com,8279167390,"Plot No. 18, 1th Floor, Block E, Park Street, Kanpur, Uttar Pradesh - 208013",866004495362,GROPM0748A,31-01-1970
Kavita Deshmukh,kavitades943@outlook.com,8308933804,"Villa 93, 9th Floor, A Wing, Circular Road, Mumbai, Maharashtra - 400062",831937395556,VSNPD4839T,02-10-1991
Naresh Khanna,naresh.khanna38@icloud.com,8037099688,"Plot No. 453, 2th Floor, Block E, Ring Road, Bengaluru, Karnataka - 560072",353467427362,QYEPK2780B,02-11-2002
Ramesh Yash,ramesh.yash28@gmail.com,8529703525,"Flat 66, 13th Floor, A Wing, Station Road, Delhi, Delhi - 110060",472612906212,QWBPY0249M,02-12-2001
Ishaan D'Souza,ishaan.d'souza56@yahoo.com,9690674883,"Flat 486, 11th Floor, C Wing, Circular Road, Chennai, Tamil Nadu - 600099",418919738603,HMGPD7656V,30-07-1973
Sanjay Pandey,sanjay.pandey5@outlook.com,6449444312,"Plot No. 423, 3th Floor, Block E, Main Road, Nagpur, Maharashtra - 440021",896816754927,CPRPP1383J,02-11-1993
Yash Das,yash.das58@outlook.com,9586343509,"Plot No. 207, 13th Floor, Block E, Bypass Road, Thiruvananthapuram, Kerala - 695032",823335255975,UDZPD8219S,07-04-2003
Dhruv Trivedi,dhruvtri965@icloud.com,9028086740,"Plot No. 456, 8th Floor, C Wing, MG Road, Mumbai, Maharashtra - 400015",622447548952,XOJPT6740A,01-11-1982
Diya Banerjee,diyaban283@icloud.com,9024115632,"Plot No. 46, 1th Floor, Block E, MG Road, Delhi, Delhi - 110004",671567328982,RMRPB4394N,24-10-1964
Vijay Grover,vijay.grover95@icloud.com,8394860875,"Villa 427, 15th Floor, B Wing, Circular Road, Thiruvananthapuram, Kerala - 695038",230850353941,JDBPG4796D,05-11-1963
Pranav Bose,pranav.bose27@icloud.com,8448520685,"House No. 58, 1th Floor, Block E, Link Road, Pune, Maharashtra - 411002",695076223587,ITGPB6155D,29-03-1985
Rudra Reddy,rudra.reddy46@gmail.com,8960557829,"Flat 37, 8th Floor, Block E, Ring Road, Bengaluru, Karnataka - 560051",892629687416,PCRPR4862L,07-10-1976
Dhruv Trivedi,dhruv.trivedi58@yahoo.com,6699108934,"Villa 260, 12th Floor, D Wing, Bypass Road, Surat, Gujarat - 395010",425865608609,JWBPT3610K,26-08-1969
Rudra Rao,rudra.rao58@yahoo.com,6380657337,"Plot No. 6, 11th Floor, C Wing, Link Road, Bengaluru, Karnataka - 560032",676483130660,OKVPR0547A,22-12-1995
Krishna Sheikh,krishnashe268@outlook.com,8298700099,"House No. 101, 13th Floor, B Wing, Ring Road, Mumbai, Maharashtra - 400048",883146492651,JFFPS0807H,30-04-2001
Dinesh Hegde,dineshheg896@hotmail.com,9100030791,"Plot No. 210, 9th Floor, C Wing, MG Road, Mysuru, Karnataka - 570022",521921359218,ULHPH4646N,25-10-1978
Kabir Nair,kabir.nair39@gmail.com,8794045465,"Villa 367, 14th Floor, A Wing, Station Road, Mumbai, Maharashtra - 400058",771723366143,TRTPN1785O,04-06-2005
Harsh Kumar,harsh.kumar15@outlook.com,7960275548,"House No. 186, 8th Floor, Block F, Bypass Road, Bhubaneswar, Odisha - 751015",393828159047,GOJPK1392A,23-06-2004
Deepak Iyengar,deepakiye672@icloud.com,6888988885,"Plot No. 222, 10th Floor, Block F, Main Road, Ahmedabad, Gujarat - 380027",631974746684,QIFPI1058Q,29-12-1992
Gaurav Banerjee,gaurav.banerjee56@gmail.com,6850940493,"Flat 27, 7th Floor, B Wing, Link Road, Bengaluru, Karnataka - 560001",794889446103,BHPPB0632Y,21-11-2003
Lata Joshi,lata.joshi48@gmail.com,7685403573,"Villa 313, 3th Floor, B Wing, Station Road, Surat, Gujarat - 395012",850863130076,WHHPJ3611R,30-03-2003
Sandeep Deshmukh,sandeep.deshmukh82@hotmail.com,6681646265,"Plot No. 345, 10th Floor, Block E, Ring Road, Delhi, Delhi - 110054",497026933833,EWTPD8866S,26-03-1965
Sandeep Hegde,sandeepheg230@hotmail.com,6531417442,"Villa 315, 12th Floor, C Wing, Main Road, Jaipur, Rajasthan - 302039",872651097988,VBHPH8750W,16-10-1965
Om Khanna,omkha781@outlook.com,9538433341,"House No. 182, 14th Floor, A Wing, Circular Road, Lucknow, Uttar Pradesh - 226001",305927912268,NDVPK8647C,15-01-1972
Amit Gomes,amitgom629@outlook.com,7551555622,"Plot No. 390, 3th Floor, D Wing, Link Road, Hyderabad, Telangana - 500079",367726058144,NAXPG2921A,17-01-1975
Amit Singh,amit.singh34@gmail.com,6034413246,"Flat 373, 9th Floor, Block F, Bypass Road, Delhi, Delhi - 110023",367332593753,MUBPS5779G,09-10-2004
Meena Mishra,meenamis201@outlook.com,9605917325,"House No. 17, 6th Floor, Block E, Park Street, Ahmedabad, Gujarat - 380016",767007862116,EFVPM1115Y,08-11-1966
Arnav Yadav,arnav.yadav9@icloud.com,8382125001,"House No. 474, 15th Floor, Block F, Station Road, Kochi, Kerala - 682038",917111208588,LUZPY5637T,10-07-1994
Sandeep Singh,sandeepsin312@yahoo.com,6561043317,"Plot No. 102, 2th Floor, B Wing, Ring Road, Ahmedabad, Gujarat - 380014",202369889269,EAGPS6213E,03-06-1998
Rekha Sharma,rekhasha591@yahoo.com,6900906438,"Flat 278, 11th Floor, C Wing, Station Road, Chandigarh, Chandigarh - 160033",737841663589,PPHPS3772J,19-10-1983
Rudra Deshmukh,rudra.deshmukh84@yahoo.com,6213175985,"Villa 133, 14th Floor, B Wing, Park Street, Hyderabad, Telangana - 500016",257432859614,FDYPD8787S,26-05-1985
Shruti Malhotra,shrutimal708@hotmail.com,6957025793,"Villa 358, 6th Floor, B Wing, Ring Road, Lucknow, Uttar Pradesh - 226018",687449415214,QZWPM1590I,14-09-1999
Kabir Gupta,kabirgup287@gmail.com,7593867670,"Villa 375, 9th Floor, D Wing, Link Road, Bhubaneswar, Odisha - 751024",967625058502,SEEPG9997H,18-08-1975
Pooja Malik,poojamal239@gmail.com,9141294865,"Flat 471, 2th Floor, C Wing, Link Road, Surat, Gujarat - 395012",227406678752,WFUPM7335U,14-06-1972
Anjali Gomes,anjali.gomes46@gmail.com,7399720251,"Plot No. 343, 14th Floor, B Wing, MG Road, Mysuru, Karnataka - 570005",520217371886,VFZPG9660T,18-07-1965
Gaurav Chawla,gauravcha503@hotmail.com,9978469239,"House No. 61, 9th Floor, Block F, MG Road, Nagpur, Maharashtra - 440006",711745991376,FPUPC7339S,19-03-1995
Om Khanna,om.khanna14@outlook.com,6393544819,"House No. 383, 10th Floor, C Wing, Station Road, Delhi, Delhi - 110038",402983412274,NXHPK3560W,06-08-1972
Suman Iyer,suman.iyer27@icloud.com,6292530213,"House No. 441, 14th Floor, C Wing, Park Street, Kolkata, West Bengal - 700088",247981734123,XVDPI9495T,15-05-1973
Aditi Arora,aditi.arora57@outlook.com,8047025860,"Villa 464, 4th Floor, Block F, Circular Road, Nagpur, Maharashtra - 440006",898829029777,VKOPA6117J,23-03-1965
Yash Kapoor,yashkap306@yahoo.com,6012781652,"House No. 72, 12th Floor, Block F, Station Road, Nagpur, Maharashtra - 440021",331797818143,UNBPK6350D,30-06-1968
Lata Singh,latasin292@gmail.com,9735454773,"Flat 381, 14th Floor, C Wing, Ring Road, Coimbatore, Tamil Nadu - 641013",413380670832,PAJPS0730Q,11-07-1968
Ramesh Pillai,ramesh.pillai59@icloud.com,6057902582,"Villa 275, 7th Floor, B Wing, Main Road, Coimbatore, Tamil Nadu - 641047",946076732510,RAOPP1685G,15-04-1985
Pranav Grover,pranavgro287@yahoo.com,8836323485,"Flat 442, 13th Floor, B Wing, Park Street, Kanpur, Uttar Pradesh - 208004",652603816172,ERWPG2324O,10-03-1966
Rekha Mukherjee,rekhamuk457@icloud.com,7172600766,"House No. 132, 2th Floor, C Wing, Link Road, Bengaluru, Karnataka - 560060",407788796118,DQQPM1083J,08-12-1961
Krishna Bajaj,krishna.bajaj98@yahoo.com,8610500133,"Villa 436, 6th Floor, C Wing, Circular Road, Ahmedabad, Gujarat - 380052",295682951716,TFUPB1928D,04-11-1981
Anjali Joshi,anjali.joshi51@hotmail.com,8106192187,"Plot No. 123, 8th Floor, B Wing, Park Street, Bhubaneswar, Odisha - 751016",446494650702,AYPPJ4573Q,05-09-1972
Saanvi Khan,saanvi.khan27@icloud.com,7606312991,"Plot No. 494, 5th Floor, B Wing, Station Road, Jaipur, Rajasthan - 302027",711391496127,WIIPK5041X,21-07-1978
Vijay Mehta,vijay.mehta84@gmail.com,8747025314,"Villa 439, 12th Floor, Block E, Link Road, Coimbatore, Tamil Nadu - 641047",936786305871,AKCPM1933H,08-06-1973
Neha Nair,nehanai178@icloud.com,8077873357,"Flat 93, 5th Floor, D Wing, Station Road, Delhi, Delhi - 110001",497870457517,JMOPN1258H,26-07-1989
Ishaan Khan,ishaankha191@yahoo.com,7362332051,"Plot No. 125, 5th Floor, Block F, Park Street, Mysuru, Karnataka - 570022",728892305080,VOHPK5368J,20-08-1981
Aditya Kulkarni,aditya.kulkarni68@outlook.com,7312950194,"Flat 401, 9th Floor, B Wing, Park Street, Delhi, Delhi - 110092",951983759961,HAZPK3225Q,27-11-1961
Dhruv Patel,dhruvpat458@yahoo.com,7960051271,"Villa 205, 14th Floor, D Wing, Main Road, Pune, Maharashtra - 411023",329430557829,YHBPP5455J,14-04-1971
Rekha Roy,rekharoy507@yahoo.com,9169286145,"Flat 221, 3th Floor, B Wing, Link Road, Kochi, Kerala - 682004",864631945962,JVQPR6339D,08-07-1978
Vihaan Fernandes,vihaanfer967@hotmail.com,8855654038,"Villa 187, 11th Floor, B Wing, MG Road, Bengaluru, Karnataka - 560101",299335265492,BINPF3123V,26-06-2001
Tanvi Choudhury,tanvi.choudhury19@hotmail.com,7184503610,"House No. 337, 4th Floor, C Wing, MG Road, Thiruvananthapuram, Kerala - 695042",603386136757,QMOPC3654W,04-02-1999
Suresh Joshi,suresh.joshi24@gmail.com,6299439335,"House No. 356, 10th Floor, D Wing, Ring Road, Hyderabad, Telangana - 500079",708397998074,JKQPJ5819N,14-05-1998
Ishaan Khan,ishaankha440@gmail.com,7581719999,"House No. 392, 13th Floor, Block E, MG Road, Chandigarh, Chandigarh - 160060",999429441055,MYAPK9120T,06-10-1974
Vikram Mishra,vikrammis152@icloud.com,9258122589,"House No. 121, 13th Floor, B Wing, Link Road, Chandigarh, Chandigarh - 160050",295170947647,IRUPM6286T,24-02-2001
Diya Fernandes,diya.fernandes3@hotmail.com,8259362188,"Villa 339, 7th Floor, Block F, Link Road, Mysuru, Karnataka - 570007",732103566196,NKSPF4720Y,28-10-1963
Ananya Chavan,ananyacha228@gmail.com,6820694461,"Plot No. 187, 13th Floor, B Wing, Park Street, Mumbai, Maharashtra - 400030",275833526727,RCIPC9063E,11-12-1981
Mahesh Das,maheshdas642@yahoo.com,7832759385,"House No. 241, 3th Floor, B Wing, Station Road, Chennai, Tamil Nadu - 600010",272574700218,QYRPD4804V,01-08-1977
Tanvi Chawla,tanvicha284@yahoo.com,8783623828,"Flat 18, 3th Floor, C Wing, Main Road, Surat, Gujarat - 395012",513316109772,BJYPC1605Y,28-01-1962
Kriti Iyengar,kritiiye691@outlook.com,7575223865,"Villa 386, 9th Floor, Block E, Main Road, Patna, Bihar - 800027",843330726282,FQMPI5719L,18-08-1971
Diya Sharma,diyasha899@gmail.com,9322000388,"Villa 174, 10th Floor, C Wing, Station Road, Lucknow, Uttar Pradesh - 226024",532130812137,HILPS9482U,19-08-1988
Krishna Khan,krishna.khan16@yahoo.com,6796826567,"House No. 380, 3th Floor, A Wing, Circular Road, Hyderabad, Telangana - 500095",329297432840,SLTPK0596A,08-12-1970
Rohan Deshmukh,rohandes246@outlook.com,6025788423,"House No. 151, 12th Floor, C Wing, Ring Road, Kochi, Kerala - 682001",476990827342,FTTPD5460I,25-10-1982
Pranav Nair,pranav.nair46@gmail.com,6961222215,"Villa 366, 14th Floor, Block F, MG Road, Delhi, Delhi - 110005",340111422861,EWVPN4279B,31-10-1993
Meena Khanna,meenakha687@yahoo.com,6741619417,"Plot No. 189, 7th Floor, D Wing, Station Road, Patna, Bihar - 800016",651663105492,DKKPK6242M,03-11-2003
Tanvi Ansari,tanvians886@hotmail.com,6603114788,"Plot No. 179, 11th Floor, Block F, Station Road, Hyderabad, Telangana - 500039",728517195263,GQVPA4428O,09-01-1997
Reyansh Grover,reyansh.grover50@gmail.com,8151523507,"Villa 21, 5th Floor, D Wing, Main Road, Mumbai, Maharashtra - 400065",329503438821,PZAPG7505C,28-01-1996
Om Arora,omaro502@yahoo.com,8004714005,"Plot No. 394, 6th Floor, A Wing, Bypass Road, Lucknow, Uttar Pradesh - 226010",237722868319,NAIPA5191R,21-11-1992
Advait Banerjee,advait.banerjee71@icloud.com,6706249424,"Villa 458, 12th Floor, B Wing, Main Road, Chennai, Tamil Nadu - 600019",385908846364,ZKLPB9786X,26-10-1972
Rahul Sen,rahul.sen11@icloud.com,6467261907,"Flat 107, 9th Floor, B Wing, Link Road, Chennai, Tamil Nadu - 600038",759060640454,SWYPS4986D,05-12-1967
Aditi Trivedi,adititri150@yahoo.com,8229821623,"Villa 447, 3th Floor, C Wing, Circular Road, Ahmedabad, Gujarat - 380053",887566232057,EEOPT2263Q,07-02-2000
Sunita Patel,sunita.patel54@hotmail.com,6213810250,"House No. 79, 11th Floor, Block E, Circular Road, Delhi, Delhi - 110002",733665336725,SYUPP5818P,03-07-2000
Pranav Gaekwad,pranav.gaekwad63@yahoo.com,9057255428,"House No. 132, 5th Floor, A Wing, Station Road, Kolkata, West Bengal - 700115",403142217322,JKZPG0382M,14-05-1990
Prakash Nair,prakash.nair56@gmail.com,6431480251,"Villa 173, 6th Floor, A Wing, Link Road, Mysuru, Karnataka - 570011",831999383745,ZFIPN5357C,09-04-1996
Asha Verma,asha.verma9@icloud.com,6457016470,"Villa 117, 2th Floor, C Wing, Link Road, Mumbai, Maharashtra - 400024",233243023541,MYWPV9720N,23-05-1978
Kavita Mukherjee,kavita.mukherjee73@yahoo.com,8176368056,"Plot No. 232, 11th Floor, C Wing, Main Road, Jaipur, Rajasthan - 302024",940584914229,BFTPM2583W,23-09-2003
Aditya Iyer,aditya.iyer20@hotmail.com,8122112592,"Villa 137, 4th Floor, A Wing, Ring Road, Bengaluru, Karnataka - 560006",378665006078,WIWPI4187C,04-07-1983
Satish Gaekwad,satishgae433@icloud.com,9809164486,"Villa 347, 1th Floor, Block E, Circular Road, Jaipur, Rajasthan - 302037",798791704686,NTMPG8823P,16-03-1989
Aryan Agarwal,aryan.agarwal64@yahoo.com,6917176171,"Flat 193, 6th Floor, D Wing, Park Street, Kolkata, West Bengal - 700018",443981662371,OLVPA6816E,22-07-2005
Priya Deshmukh,priya.deshmukh74@yahoo.com,9502328473,"House No. 125, 14th Floor, C Wing, Circular Road, Ahmedabad, Gujarat - 380049",711355051280,WWVPD6610R,29-03-1989
Reyansh Nair,reyansh.nair16@yahoo.com,8186572050,"Flat 406, 1th Floor, Block E, Circular Road, Mysuru, Karnataka - 570029",441492040675,XSAPN6170J,09-07-1964
Saanvi D'Souza,saanvid's480@icloud.com,7150248756,"Plot No. 80, 11th Floor, A Wing, Main Road, Surat, Gujarat - 395005",897275803203,SNSPD0591D,03-12-1998
Diya Iyengar,diya.iyengar41@gmail.com,6138574006,"House No. 320, 6th Floor, C Wing, Link Road, Kanpur, Uttar Pradesh - 208026",360177737529,WAEPI6373B,17-01-1998
Aditya Roy,aditya.roy54@yahoo.com,8775817373,"House No. 181, 5th Floor, Block E, Ring Road, Chandigarh, Chandigarh - 160033",329011684414,OONPR0571U,05-07-1973
Vihaan Hegde,vihaan.hegde83@hotmail.com,8690628975,"Villa 133, 8th Floor, D Wing, Circular Road, Thiruvananthapuram, Kerala - 695010",705871231881,ZXKPH2471K,07-08-1996
Atharva Shetty,atharvashe706@yahoo.com,8015711266,"Villa 429, 11th Floor, D Wing, Link Road, Ahmedabad, Gujarat - 380013",722113927316,FZTPS9851O,27-11-1962
Karan Fernandes,karan.fernandes66@yahoo.com,8103186375,"House No. 143, 2th Floor, Block E, Bypass Road, Surat, Gujarat - 395010",315724890104,IRWPF3937R,24-12-2005
Reyansh Reddy,reyansh.reddy24@yahoo.com,6683465491,"Flat 39, 6th Floor, B Wing, Circular Road, Kanpur, Uttar Pradesh - 208001",665896912443,PGFPR0194I,21-10-1983
Rahul Banerjee,rahul.banerjee35@outlook.com,9923466770,"House No. 202, 9th Floor, Block F, Park Street, Surat, Gujarat - 395011",882723815375,RXQPB7131R,29-06-1974
Rudra Agarwal,rudraaga312@yahoo.com,7535265714,"Plot No. 347, 9th Floor, D Wing, MG Road, Kanpur, Uttar Pradesh - 208021",576741241031,WMIPA0091B,13-06-1995
Vikram Singh,vikram.singh18@icloud.com,9363066406,"Villa 165, 4th Floor, D Wing, Main Road, Lucknow, Uttar Pradesh - 226030",900193599937,WMCPS6224B,04-11-1994
Sanjay Chawla,sanjaycha382@hotmail.com,9883965408,"House No. 373, 2th Floor, Block F, Bypass Road, Delhi, Delhi - 110007",213086182181,BSKPC1397M,07-12-1996
Anita Das,anita.das20@hotmail.com,7176420440,"Flat 176, 10th Floor, D Wing, Main Road, Coimbatore, Tamil Nadu - 641035",315815856285,RLRPD5070T,08-08-2002
Kiara Gomes,kiaragom900@icloud.com,6358893762,"Flat 58, 1th Floor, A Wing, MG Road, Ahmedabad, Gujarat - 380039",640591721860,NIRPG0752J,31-07-1963
Diya Pillai,diya.pillai25@outlook.com,8040443045,"Plot No. 76, 5th Floor, B Wing, Link Road, Delhi, Delhi - 110060",845208219232,GFMPP9427W,18-07-1977
Sneha Iyengar,snehaiye372@gmail.com,8109275563,"Plot No. 8, 3th Floor, D Wing, MG Road, Jaipur, Rajasthan - 302026",892032196559,KHUPI7233W,12-09-1972
Ramesh Mishra,ramesh.mishra43@gmail.com,8652025457,"Flat 485, 3th Floor, Block E, Main Road, Bengaluru, Karnataka - 560042",912107390620,BCAPM4647D,24-11-1988
Prakash Shah,prakashsha331@outlook.com,9198132118,"Plot No. 50, 1th Floor, Block F, MG Road, Mumbai, Maharashtra - 400047",643605052582,QSLPS9579R,30-03-1961
Aryan Shah,aryan.shah79@gmail.com,8050831223,"Plot No. 215, 6th Floor, D Wing, Link Road, Hyderabad, Telangana - 500003",407404225590,CPFPS2290R,03-09-1999
Atharva Kapoor,atharvakap641@hotmail.com,7292979159,"Flat 77, 11th Floor, C Wing, MG Road, Thiruvananthapuram, Kerala - 695045",358213307483,OUQPK4997E,31-08-1996
Meena Malhotra,meena.malhotra98@gmail.com,8355523885,"Plot No. 35, 9th Floor, D Wing, Main Road, Bhubaneswar, Odisha - 751024",575020573850,MSKPM2268J,27-01-1982
Lata Nair,latanai327@hotmail.com,7494562500,"Villa 10, 13th Floor, C Wing, MG Road, Patna, Bihar - 800001",358593503169,UJNPN2902A,18-05-1976
Naresh Trivedi,naresh.trivedi13@gmail.com,9378278911,"Flat 388, 2th Floor, Block E, Bypass Road, Surat, Gujarat - 395002",894977023879,CHIPT1123O,24-06-1963
Gaurav Sharma,gaurav.sharma45@icloud.com,9881760849,"House No. 239, 2th Floor, Block F, Park Street, Mysuru, Karnataka - 570014",980502469565,WVDPS4021Z,04-08-1988
Vijay Chawla,vijay.chawla52@hotmail.com,7909963701,"Plot No. 248, 4th Floor, Block E, MG Road, Bengaluru, Karnataka - 560017",588498774544,DBOPC7404A,16-06-1980
Aanya Malik,aanyamal629@gmail.com,9449973262,"Flat 356, 9th Floor, Block E, Park Street, Pune, Maharashtra - 411031",963944945353,ZMAPM4317J,18-10-1984
Kavita Agarwal,kavitaaga726@hotmail.com,9093324450,"Flat 224, 4th Floor, Block E, Circular Road, Chandigarh, Chandigarh - 160039",964254996418,YZYPA8546X,21-03-1977
Priya Nair,priyanai650@hotmail.com,8846606363,"Plot No. 346, 13th Floor, D Wing, MG Road, Pune, Maharashtra - 411036",744561948875,TQCPN1591N,30-01-2000
Dhruv Grover,dhruvgro205@gmail.com,8896047589,"House No. 355, 1th Floor, Block F, Circular Road, Bengaluru, Karnataka - 560004",233230494309,PEVPG8995Y,21-08-1960
Aryan Yadav,aryanyad429@outlook.com,6390527416,"Villa 264, 5th Floor, Block F, Bypass Road, Coimbatore, Tamil Nadu - 641049",807398139108,NNFPY8681O,04-09-1967
Harish Choudhury,harishcho812@outlook.com,8126214893,"Flat 405, 10th Floor, Block E, Main Road, Jaipur, Rajasthan - 302036",338422938268,AQCPC7437D,27-06-1985
Reyansh Deshmukh,reyanshdes702@outlook.com,6996045691,"Villa 296, 6th Floor, Block F, Link Road, Lucknow, Uttar Pradesh - 226027",832296021724,LZLPD5970V,17-01-1992
Aditya Rao,adityarao861@outlook.com,9317072054,"Plot No. 415, 6th Floor, C Wing, Station Road, Ahmedabad, Gujarat - 380008",288701284777,DYPPR8927W,11-12-1987
Reyansh Agarwal,reyansh.agarwal11@yahoo.com,6825007110,"Plot No. 110, 15th Floor, Block F, MG Road, Pune, Maharashtra - 411059",413038422150,FPKPA6052J,17-04-1985
Tanvi Verma,tanvi.verma17@gmail.com,7180434620,"Flat 345, 13th Floor, Block F, Main Road, Chennai, Tamil Nadu - 600089",209963673259,JONPV6253U,30-09-1996
Atharva Pillai,atharva.pillai22@gmail.com,6864933629,"Flat 280, 6th Floor, A Wing, Circular Road, Chandigarh, Chandigarh - 160028",857044643760,WXNPP6697F,19-09-1985
Rajesh Pandey,rajesh.pandey78@icloud.com,7965174144,"House No. 412, 1th Floor, Block E, MG Road, Mumbai, Maharashtra - 400059",388868023289,WJWPP6153Y,01-01-1991
Amit Kapoor,amit.kapoor57@yahoo.com,7726883610,"Plot No. 49, 8th Floor, A Wing, Park Street, Kochi, Kerala - 682021",860374006441,DQPPK8307U,04-07-1968
Satish Gupta,satish.gupta45@gmail.com,7045434839,"Plot No. 98, 10th Floor, C Wing, Park Street, Ahmedabad, Gujarat - 380029",740634412825,NNEPG4612I,19-11-1969
Mahesh Chawla,maheshcha899@hotmail.com,7345896519,"Villa 201, 3th Floor, C Wing, Park Street, Mysuru, Karnataka - 570014",273250021736,BTGPC7314E,28-01-1988
Shaurya Trivedi,shaurya.trivedi42@yahoo.com,9916026634,"Flat 286, 5th Floor, D Wing, Main Road, Chandigarh, Chandigarh - 160056",224860129895,XYEPT0456P,02-11-1961
Dhruv Roy,dhruvroy175@yahoo.com,8413539315,"Villa 364, 8th Floor, C Wing, Park Street, Kochi, Kerala - 682037",441220571480,YTAPR9731T,19-08-1986
Ashok Yadav,ashokyad604@yahoo.com,6129343906,"Plot No. 275, 15th Floor, Block E, MG Road, Mysuru, Karnataka - 570014",713090839987,CFAPY9967M,21-04-1985
Suman Mukherjee,sumanmuk660@yahoo.com,7777317785,"Villa 466, 8th Floor, D Wing, Ring Road, Patna, Bihar - 800015",700703284319,FARPM3653M,18-12-1971
Arjun Malik,arjun.malik79@icloud.com,8368029080,"Flat 395, 9th Floor, Block F, Ring Road, Surat, Gujarat - 395001",808974380189,WWBPM1441M,10-11-1998
Rohan Das,rohandas624@outlook.com,6631992423,"Flat 443, 6th Floor, Block F, Main Road, Thiruvananthapuram, Kerala - 695022",934683810293,TBNPD7943X,02-01-1976
Prakash Yadav,prakashyad715@gmail.com,6254122055,"Villa 401, 8th Floor, B Wing, MG Road, Hyderabad, Telangana - 500010",812956390839,UNTPY9194W,17-03-1977
Harsh Pillai,harsh.pillai49@gmail.com,8541221686,"Villa 80, 5th Floor, B Wing, Link Road, Patna, Bihar - 800007",866822192361,BNEPP9573S,06-02-1981
Ramesh Kapoor,ramesh.kapoor45@icloud.com,8484475137,"House No. 431, 8th Floor, B Wing, Circular Road, Nagpur, Maharashtra - 440015",737731802280,MNWPK6500I,16-04-1990
Rahul Thakur,rahultha154@hotmail.com,6349584786,"Plot No. 112, 6th Floor, C Wing, Main Road, Coimbatore, Tamil Nadu - 641005",965585478632,FPKPT5863C,20-07-1985
Satish Iyer,satishiye885@hotmail.com,6141297354,"Flat 24, 7th Floor, C Wing, Bypass Road, Hyderabad, Telangana - 500016",412035096616,NQVPI7083G,11-08-1986
Preeti Gaekwad,preeti.gaekwad75@yahoo.com,9714370629,"House No. 107, 4th Floor, A Wing, Bypass Road, Surat, Gujarat - 395004",967902823697,JCBPG1950M,11-11-1998
Advait Rao,advait.rao4@outlook.com,7124146684,"House No. 311, 4th Floor, Block F, Main Road, Delhi, Delhi - 110016",223159378383,RFFPR0656Y,13-11-1992
Harsh Gaekwad,harshgae407@gmail.com,7720768031,"House No. 435, 9th Floor, B Wing, MG Road, Bhubaneswar, Odisha - 751003",762296319624,MHDPG9751B,04-11-1979
Aditya Fernandes,aditya.fernandes73@outlook.com,9589128942,"House No. 141, 2th Floor, D Wing, Link Road, Bhubaneswar, Odisha - 751027",509426083476,GJTPF5197U,20-02-2005
Preeti Khan,preeti.khan35@outlook.com,6597187857,"Plot No. 442, 6th Floor, C Wing, Bypass Road, Chennai, Tamil Nadu - 600091",201833319402,CKHPK0662N,25-10-1994
Sai Trivedi,sai.trivedi45@hotmail.com,8429356165,"House No. 160, 2th Floor, Block F, Circular Road, Thiruvananthapuram, Kerala - 695042",208972366941,YFOPT2848O,10-05-1966
Preeti Nair,preeti.nair3@hotmail.com,9508648066,"House No. 482, 9th Floor, B Wing, Link Road, Bengaluru, Karnataka - 560066",307536030539,JFBPN4836T,09-01-1974
Lata Mehta,lata.mehta59@gmail.com,9560960126,"Flat 484, 12th Floor, C Wing, Ring Road, Kolkata, West Bengal - 700117",250116322312,WCUPM8181K,05-01-1974
Naresh Gupta,nareshgup906@gmail.com,6847472261,"Villa 497, 14th Floor, A Wing, Main Road, Kanpur, Uttar Pradesh - 208024",914795615943,NASPG3223L,03-05-1996
Aditi Mishra,aditi.mishra56@icloud.com,6871988054,"House No. 333, 3th Floor, B Wing, Station Road, Bengaluru, Karnataka - 560096",633870040780,AYAPM6061R,18-07-1961
Asha Sharma,asha.sharma81@icloud.com,6067158551,"House No. 28, 15th Floor, D Wing, Ring Road, Thiruvananthapuram, Kerala - 695010",279780001099,UUKPS6592R,02-09-1989
Aryan Singh,aryan.singh4@hotmail.com,9402297904,"Plot No. 288, 14th Floor, C Wing, Main Road, Mysuru, Karnataka - 570004",644287509868,VGIPS2469D,29-07-1981
Arnav Pandey,arnavpan945@yahoo.com,9028309667,"House No. 209, 15th Floor, A Wing, Ring Road, Bengaluru, Karnataka - 560098",298898339886,VCGPP3940Z,19-03-1961
Sanjay Patel,sanjaypat120@icloud.com,7405989403,"Flat 3, 5th Floor, B Wing, Station Road, Patna, Bihar - 800028",556721594724,XQVPP9275Q,20-10-1981
Harish Yadav,harishyad392@outlook.com,7307351602,"Plot No. 206, 12th Floor, D Wing, MG Road, Kochi, Kerala - 682024",379769576822,ULHPY7473S,26-11-1968
Rahul Nair,rahul.nair10@yahoo.com,8992628383,"Flat 451, 9th Floor, B Wing, MG Road, Jaipur, Rajasthan - 302008",435869090839,OUCPN2525I,11-03-1975
Reyansh Malhotra,reyanshmal248@gmail.com,8680433346,"Plot No. 369, 1th Floor, Block E, Station Road, Kochi, Kerala - 682002",565490644048,JGJPM3627M,12-06-1966
Kabir Verma,kabirver590@yahoo.com,9587093318,"Flat 45, 1th Floor, D Wing, Link Road, Coimbatore, Tamil Nadu - 641044",581403690555,LKJPV4382T,19-02-2005
Riya Kumar,riyakum430@gmail.com,6411834986,"Flat 473, 1th Floor, D Wing, Circular Road, Kochi, Kerala - 682010",478771286912,TXQPK6324W,16-02-1970
Suresh Mishra,suresh.mishra60@icloud.com,7421443659,"Plot No. 377, 10th Floor, Block F, Bypass Road, Coimbatore, Tamil Nadu - 641014",629383756564,ZEMPM9144X,07-10-1997
Ayaans Shetty,ayaansshe231@outlook.com,9042424562,"Villa 304, 15th Floor, A Wing, Station Road, Kolkata, West Bengal - 700089",772092346541,GJGPS6844F,11-05-2005
Dhruv Chatterjee,dhruvcha335@icloud.com,8977216402,"Flat 143, 3th Floor, Block F, Bypass Road, Delhi, Delhi - 110039",737029647429,RERPC1632F,26-10-1980
Tanvi Nair,tanvi.nair81@hotmail.com,9457053104,"Villa 163, 5th Floor, A Wing, Bypass Road, Kochi, Kerala - 682037",523999986359,FMHPN7289M,30-07-1983
Sandeep D'Souza,sandeep.d'souza14@icloud.com,8506642428,"Villa 260, 4th Floor, Block E, Park Street, Pune, Maharashtra - 411052",630205966243,QCNPD5087F,21-09-1978
Ananya Fernandes,ananya.fernandes12@hotmail.com,6695481023,"Plot No. 71, 3th Floor, B Wing, Circular Road, Kanpur, Uttar Pradesh - 208021",558333057941,RMAPF2076R,08-09-1971
Neha Bajaj,neha.bajaj55@yahoo.com,6542488882,"Flat 433, 12th Floor, A Wing, Circular Road, Pune, Maharashtra - 411056",984208885775,UQSPB0774B,23-04-1994
Vihaan Deshmukh,vihaandes661@hotmail.com,8585400914,"House No. 40, 14th Floor, C Wing, Link Road, Patna, Bihar - 800016",319092570193,LVIPD2670W,11-04-1990
Vivaan Mukherjee,vivaanmuk188@gmail.com,9460587729,"Plot No. 129, 1th Floor, Block E, Ring Road, Delhi, Delhi - 110014",894797131192,FQYPM4053Z,16-11-1992
Suman Shah,sumansha491@icloud.com,8583500013,"House No. 480, 6th Floor, Block E, Link Road, Kolkata, West Bengal - 700077",368202522378,KTAPS8211U,19-05-1981
Preeti Sharma,preetisha988@outlook.com,9315586694,"House No. 248, 9th Floor, D Wing, Ring Road, Delhi, Delhi - 110011",543014127430,ZUGPS2151A,30-05-1999
Kavita Reddy,kavita.reddy85@gmail.com,7882937536,"Villa 266, 11th Floor, D Wing, Bypass Road, Mumbai, Maharashtra - 400021",292579186702,BSDPR6630I,31-05-1961
Preeti Verma,preetiver667@yahoo.com,6027955337,"Villa 85, 13th Floor, D Wing, Link Road, Chennai, Tamil Nadu - 600052",526647363310,MTUPV1989A,18-12-2003
Anita Agarwal,anita.agarwal25@hotmail.com,7569813204,"House No. 344, 13th Floor, A Wing, Main Road, Hyderabad, Telangana - 500013",770063204911,KEIPA4230W,10-09-1994
Tanvi Roy,tanviroy946@outlook.com,6929964341,"House No. 360, 12th Floor, C Wing, Park Street, Chandigarh, Chandigarh - 160024",822312679846,NIMPR8683A,07-02-2002
Sunita Bajaj,sunitabaj868@outlook.com,8646553859,"Plot No. 377, 9th Floor, B Wing, Bypass Road, Patna, Bihar - 800026",673766601960,GJSPB6267H,16-11-1961
Tanvi Choudhury,tanvi.choudhury82@gmail.com,8371887513,"House No. 417, 6th Floor, Block F, Circular Road, Patna, Bihar - 800021",551057386952,NSLPC1780H,13-02-1963
Preeti Grover,preeti.grover52@yahoo.com,7361194432,"Villa 101, 15th Floor, C Wing, Bypass Road, Mumbai, Maharashtra - 400079",548265078636,UNJPG9401S,26-08-1980
Aditi Fernandes,aditi.fernandes33@outlook.com,8893782266,"Plot No. 433, 11th Floor, Block F, Bypass Road, Mumbai, Maharashtra - 400079",935239505953,WHSPF3253D,29-01-1984
Karan Mishra,karan.mishra54@outlook.com,6078327125,"House No. 441, 13th Floor, C Wing, Bypass Road, Lucknow, Uttar Pradesh - 226016",385311832745,LGUPM9164D,23-06-1978
Shaurya Singh,shauryasin367@outlook.com,6174911845,"Flat 209, 11th Floor, A Wing, Main Road, Nagpur, Maharashtra - 440009",559939194872,CEDPS8591S,27-01-1969
Priya Gupta,priya.gupta28@gmail.com,7578594467,"Flat 237, 3th Floor, Block F, Ring Road, Patna, Bihar - 800024",775926275133,XPGPG3599A,19-05-1985
Riya Khanna,riyakha946@icloud.com,7037096472,"Villa 256, 8th Floor, B Wing, MG Road, Bhubaneswar, Odisha - 751011",989758568119,OVLPK1679U,12-06-1972
Tanvi Bose,tanvibos514@hotmail.com,9949559105,"Villa 305, 10th Floor, A Wing, MG Road, Surat, Gujarat - 395003",220339707941,OKQPB6973E,20-05-1973
Sneha Joshi,snehajos314@icloud.com,8231429056,"Flat 320, 4th Floor, A Wing, MG Road, Delhi, Delhi - 110073",792731166815,SLCPJ3307O,08-03-1975
Lata Grover,latagro881@gmail.com,8753980528,"Villa 196, 6th Floor, C Wing, Link Road, Kolkata, West Bengal - 700123",611926886831,JNOPG6207X,01-09-1966
Vivaan Iyengar,vivaaniye526@hotmail.com,7954846431,"House No. 436, 11th Floor, Block F, Park Street, Lucknow, Uttar Pradesh - 226022",678262517768,MOKPI1892H,07-01-1994
Rudra Ansari,rudra.ansari75@yahoo.com,6730337795,"House No. 323, 6th Floor, D Wing, Park Street, Delhi, Delhi - 110010",751467857504,RMXPA0917J,21-04-1961
Advait Malik,advaitmal277@gmail.com,6596583530,"Flat 371, 7th Floor, C Wing, Circular Road, Nagpur, Maharashtra - 440002",530114625084,FYGPM4718X,24-04-1993
Preeti Mukherjee,preeti.mukherjee5@hotmail.com,7241095060,"House No. 238, 4th Floor, Block E, Link Road, Mumbai, Maharashtra - 400073",260975787746,FDLPM4242M,13-01-1988
Tanvi Mukherjee,tanvi.mukherjee85@outlook.com,8415778314,"Villa 3, 6th Floor, C Wing, Circular Road, Mysuru, Karnataka - 570018",617031072810,RRJPM5392E,03-04-1977
Gaurav Chawla,gaurav.chawla21@gmail.com,8291002461,"Plot No. 205, 14th Floor, Block E, MG Road, Thiruvananthapuram, Kerala - 695040",642350428870,LOHPC4654O,10-01-1989
Pranav Iyer,pranav.iyer78@gmail.com,7230121270,"Villa 456, 6th Floor, B Wing, Link Road, Lucknow, Uttar Pradesh - 226029",332241361021,JMYPI1328Q,15-03-1960
Dev Reddy,devred806@gmail.com,7988722174,"Flat 98, 15th Floor, A Wing, Circular Road, Kochi, Kerala - 682029",361420052019,HDZPR0758T,28-02-2003
Aarav Arora,aaravaro880@hotmail.com,9004308786,"Flat 120, 15th Floor, A Wing, Bypass Road, Bengaluru, Karnataka - 560101",255874991893,BODPA4118V,08-03-1991
Kiara Gupta,kiaragup972@outlook.com,9007269052,"Flat 114, 2th Floor, B Wing, Ring Road, Mumbai, Maharashtra - 400011",440277612822,UBQPG2896N,07-05-1985
Arjun D'Souza,arjun.d'souza6@icloud.com,6772681503,"Villa 384, 14th Floor, Block F, Link Road, Surat, Gujarat - 395010",648686584305,ZMEPD7982V,07-11-2004
Sanjay Das,sanjaydas281@hotmail.com,9920490014,"Villa 21, 13th Floor, C Wing, Link Road, Coimbatore, Tamil Nadu - 641048",551578733148,PUOPD4286K,18-07-1967
Ayaans Kapoor,ayaans.kapoor68@yahoo.com,8689364158,"Flat 206, 3th Floor, Block F, Bypass Road, Kanpur, Uttar Pradesh - 208004",561327018924,KPTPK8358W,04-05-1991
Aryan Kulkarni,aryan.kulkarni88@gmail.com,9856438013,"House No. 257, 9th Floor, Block E, Circular Road, Chandigarh, Chandigarh - 160041",688630292965,NJDPK8748I,17-05-1990
Yash Das,yashdas642@icloud.com,9879455381,"House No. 18, 8th Floor, D Wing, Link Road, Bengaluru, Karnataka - 560025",239526189650,UUOPD4742F,11-11-1983
Naresh Rao,nareshrao533@gmail.com,8438633371,"House No. 342, 9th Floor, C Wing, Main Road, Delhi, Delhi - 110010",845255036535,NKJPR7543G,07-10-1986
Tanvi Shah,tanvi.shah27@outlook.com,8186354945,"House No. 367, 8th Floor, C Wing, Park Street, Nagpur, Maharashtra - 440035",226344703866,USNPS4947R,05-10-1985
Advait Khan,advaitkha242@yahoo.com,7974040006,"House No. 380, 8th Floor, D Wing, Station Road, Lucknow, Uttar Pradesh - 226013",315866032943,SXIPK7575X,30-09-1963
Ishaan Trivedi,ishaantri700@hotmail.com,8807537579,"Flat 85, 15th Floor, D Wing, Main Road, Delhi, Delhi - 110052",742520644831,BPIPT2751J,03-05-1986
Rajesh Grover,rajesh.grover76@outlook.com,8501934150,"Flat 389, 10th Floor, A Wing, MG Road, Jaipur, Rajasthan - 302010",729935879445,EQQPG7312M,21-03-1992
Anjali Gaekwad,anjali.gaekwad26@yahoo.com,6300907873,"Plot No. 325, 8th Floor, B Wing, Bypass Road, Mysuru, Karnataka - 570018",667763025147,HSBPG0814K,28-01-1996
Vikram Rao,vikram.rao52@hotmail.com,6124679161,"Flat 417, 4th Floor, D Wing, Main Road, Coimbatore, Tamil Nadu - 641012",660664060603,FURPR7600K,04-12-1963
Shruti Arora,shruti.arora24@outlook.com,7534091408,"Plot No. 426, 4th Floor, Block E, Circular Road, Jaipur, Rajasthan - 302018",649532255784,BODPA4912A,16-01-2000
Geeta Banerjee,geeta.banerjee69@outlook.com,8122621881,"Flat 29, 15th Floor, C Wing, MG Road, Pune, Maharashtra - 411010",257275466857,HTPPB4418B,04-03-1969
Meena Gaekwad,meenagae672@hotmail.com,6371112566,"Villa 366, 9th Floor, Block F, Bypass Road, Thiruvananthapuram, Kerala - 695036",857563699770,BEZPG4917F,21-04-1999
Vijay Fernandes,vijay.fernandes13@outlook.com,8832087208,"Flat 158, 5th Floor, Block E, Station Road, Kanpur, Uttar Pradesh - 208015",524237346358,VVPPF2140X,16-12-2002
Rudra Mehta,rudrameh168@hotmail.com,8679609010,"Villa 236, 12th Floor, B Wing, Bypass Road, Surat, Gujarat - 395002",475125116076,NRSPM0073L,03-05-1970
Atharva Nair,atharva.nair22@icloud.com,9326820170,"Flat 141, 1th Floor, B Wing, Link Road, Kolkata, West Bengal - 700150",256921510668,IGKPN5525S,13-03-1985
Yash Bajaj,yashbaj467@icloud.com,7265913886,"House No. 133, 10th Floor, B Wing, Bypass Road, Kolkata, West Bengal - 700046",246662941098,HGCPB0216D,24-12-1983
Kiara Kulkarni,kiarakul326@outlook.com,6084556360,"House No. 173, 8th Floor, Block E, MG Road, Delhi, Delhi - 110086",697630442414,JRVPK7847T,14-04-1987
Sanjay Fernandes,sanjayfer603@yahoo.com,7753068405,"Flat 142, 12th Floor, Block F, Main Road, Mumbai, Maharashtra - 400005",947589610141,FCIPF6182B,24-06-1991
Suman Shah,sumansha561@gmail.com,7034463446,"Villa 10, 8th Floor, B Wing, MG Road, Thiruvananthapuram, Kerala - 695028",894307488178,WUWPS1473M,14-01-1972
Anita Chavan,anita.chavan57@outlook.com,7090444028,"Flat 190, 2th Floor, D Wing, Park Street, Mumbai, Maharashtra - 400058",204043705136,BAFPC3557G,22-05-1976
Gaurav Bajaj,gaurav.bajaj54@hotmail.com,8441630418,"Villa 241, 6th Floor, Block E, Ring Road, Bengaluru, Karnataka - 560067",247473637763,TJDPB2942B,09-02-1978
Arnav Kumar,arnavkum314@yahoo.com,6851875611,"Plot No. 246, 5th Floor, Block F, MG Road, Nagpur, Maharashtra - 440001",750591597800,JTCPK2097J,17-07-1978
Arnav Choudhury,arnavcho549@yahoo.com,6667417011,"House No. 198, 4th Floor, A Wing, Bypass Road, Thiruvananthapuram, Kerala - 695034",534037739896,CBLPC5838V,08-03-1963
Aryan Verma,aryan.verma68@outlook.com,9126259506,"Flat 449, 9th Floor, B Wing, Ring Road, Kochi, Kerala - 682033",403492060901,HTQPV5872G,28-11-1967
Shruti Bajaj,shruti.bajaj54@outlook.com,9221537353,"House No. 463, 10th Floor, Block F, Park Street, Bengaluru, Karnataka - 560044",806971546124,DAVPB3472Q,02-01-1961
Diya Reddy,diya.reddy8@hotmail.com,7849371763,"House No. 118, 7th Floor, Block F, Main Road, Kochi, Kerala - 682013",629180604498,YVYPR2595X,27-03-1995
Sneha Kumar,snehakum358@outlook.com,6174063387,"Flat 33, 14th Floor, A Wing, Park Street, Jaipur, Rajasthan - 302007",332157243927,YTLPK0707M,16-05-1994
Gaurav Joshi,gauravjos573@icloud.com,9104534106,"Plot No. 114, 7th Floor, D Wing, Ring Road, Kolkata, West Bengal - 700078",970061709383,TWTPJ4515A,08-07-1981
Dev Sharma,dev.sharma66@icloud.com,7788564674,"Plot No. 380, 12th Floor, C Wing, MG Road, Hyderabad, Telangana - 500095",580416354745,IVVPS2926V,17-11-1964
Rudra Gaekwad,rudragae839@hotmail.com,7496403476,"Flat 429, 11th Floor, C Wing, Station Road, Surat, Gujarat - 395011",806380938502,YYSPG4920U,15-02-1996
Asha Das,ashadas771@gmail.com,6164651412,"Plot No. 468, 6th Floor, D Wing, MG Road, Ahmedabad, Gujarat - 380053",480473400353,THFPD1008A,03-11-1985
Arnav Iyengar,arnav.iyengar60@yahoo.com,8259249088,"Villa 434, 12th Floor, Block F, Ring Road, Patna, Bihar - 800009",499148453852,FIOPI0481W,24-01-1963
Dev Singh,devsin731@outlook.com,9888939944,"Plot No. 351, 12th Floor, A Wing, Park Street, Bhubaneswar, Odisha - 751017",642417942166,DSPPS8153U,10-01-1969
Ananya Trivedi,ananya.trivedi54@yahoo.com,8819890916,"House No. 324, 2th Floor, A Wing, MG Road, Coimbatore, Tamil Nadu - 641044",478573677174,DKVPT7157S,31-05-1997
Kavita Kapoor,kavitakap473@hotmail.com,7070043808,"Flat 399, 12th Floor, C Wing, Ring Road, Kolkata, West Bengal - 700095",482965300657,DCMPK8832F,19-04-1966
Meena Das,meenadas564@outlook.com,9387088261,"Plot No. 490, 8th Floor, A Wing, MG Road, Bhubaneswar, Odisha - 751006",795901180619,VBKPD1437F,23-10-1978
Krishna Gaekwad,krishnagae769@hotmail.com,6187179880,"House No. 384, 13th Floor, A Wing, Link Road, Jaipur, Rajasthan - 302033",915447506309,SXEPG6504D,29-01-1962
Arnav Khanna,arnavkha768@gmail.com,8711071642,"Plot No. 194, 13th Floor, D Wing, Bypass Road, Patna, Bihar - 800006",657084087081,DTHPK0906Y,12-07-2005
Satish Sheikh,satish.sheikh98@icloud.com,8605940581,"Plot No. 20, 10th Floor, D Wing, Ring Road, Coimbatore, Tamil Nadu - 641006",880765261520,AXWPS5483I,10-02-1989
Harish Patel,harishpat880@icloud.com,9296742842,"Flat 467, 2th Floor, D Wing, Circular Road, Chandigarh, Chandigarh - 160045",473085745528,FMXPP1308H,18-09-1980
Rekha Reddy,rekha.reddy27@yahoo.com,6538546718,"House No. 423, 2th Floor, D Wing, Link Road, Mumbai, Maharashtra - 400094",482116765654,COEPR9370X,05-12-1994
Vihaan Kapoor,vihaankap475@hotmail.com,7521460599,"Villa 373, 6th Floor, B Wing, Main Road, Jaipur, Rajasthan - 302031",495820388664,FXOPK6062T,17-06-1962
Neha Grover,neha.grover42@yahoo.com,6624849904,"Flat 445, 14th Floor, A Wing, MG Road, Jaipur, Rajasthan - 302015",921886016003,YILPG6062R,01-05-1984
Kavita Malhotra,kavitamal511@outlook.com,7572538000,"Plot No. 303, 14th Floor, Block E, Station Road, Thiruvananthapuram, Kerala - 695023",215896622431,QPDPM8701J,26-02-1972
Vijay Sharma,vijay.sharma36@hotmail.com,8933310407,"Plot No. 301, 14th Floor, D Wing, MG Road, Kolkata, West Bengal - 700126",724626287186,UHHPS2819A,13-12-1988
Rohan Mehta,rohanmeh131@gmail.com,6674074585,"Plot No. 25, 8th Floor, D Wing, MG Road, Mysuru, Karnataka - 570007",650068948946,OEIPM7051S,24-08-1969
Dhruv Nair,dhruv.nair56@outlook.com,8870408178,"House No. 22, 15th Floor, D Wing, MG Road, Chennai, Tamil Nadu - 600068",526723970649,WCLPN1286H,26-02-1991
Amit Malhotra,amit.malhotra80@yahoo.com,8259397758,"Flat 290, 4th Floor, Block E, Link Road, Patna, Bihar - 800026",707089860305,RADPM3373P,09-07-1963
Dinesh Shah,dineshsha926@gmail.com,7885741377,"Flat 188, 9th Floor, C Wing, Park Street, Coimbatore, Tamil Nadu - 641018",583141472941,BGKPS1855L,10-04-1986
Vivaan Sen,vivaansen222@yahoo.com,7946811653,"Flat 56, 10th Floor, Block E, Link Road, Surat, Gujarat - 395005",482212826323,NLIPS5404A,07-11-1976
Ramesh Gupta,rameshgup797@hotmail.com,8082025135,"Flat 205, 7th Floor, D Wing, Bypass Road, Nagpur, Maharashtra - 440015",510837868419,YSHPG7043T,26-04-1978
Ananya Das,ananyadas830@gmail.com,9345010852,"Plot No. 83, 12th Floor, Block F, Park Street, Mumbai, Maharashtra - 400013",988860067748,GIOPD9278F,20-03-1973
Aarav Grover,aarav.grover93@hotmail.com,9277556170,"House No. 266, 2th Floor, D Wing, Bypass Road, Bengaluru, Karnataka - 560003",377548751724,HCRPG0218X,03-11-1967
Satish Trivedi,satishtri784@icloud.com,6306343988,"Villa 381, 13th Floor, D Wing, Park Street, Ahmedabad, Gujarat - 380032",587261359866,HCNPT4940B,21-09-1960
Vihaan Fernandes,vihaanfer444@outlook.com,7374032833,"Villa 412, 10th Floor, A Wing, Ring Road, Coimbatore, Tamil Nadu - 641016",540200097457,EXIPF3746Q,21-04-1966
Harish Shah,harish.shah91@outlook.com,6931665160,"Plot No. 125, 11th Floor, Block E, MG Road, Chandigarh, Chandigarh - 160049",532316021389,TTUPS0335J,04-08-1992
Mahesh Sheikh,maheshshe199@gmail.com,6113091634,"House No. 413, 8th Floor, D Wing, Ring Road, Pune, Maharashtra - 411015",674697255220,CGWPS4083J,31-01-1983
Deepak Deshmukh,deepakdes644@yahoo.com,6170984589,"Flat 296, 12th Floor, C Wing, Bypass Road, Coimbatore, Tamil Nadu - 641001",733671626592,NQZPD7310W,27-09-1988
Yash Kapoor,yash.kapoor46@outlook.com,7045207158,"Flat 443, 6th Floor, Block F, Circular Road, Jaipur, Rajasthan - 302036",595896328627,SYUPK8072I,04-01-1969
Kriti Deshmukh,kritides991@yahoo.com,9497589032,"Plot No. 289, 11th Floor, A Wing, Circular Road, Kolkata, West Bengal - 700078",211621878881,OVKPD1285P,09-02-1976
Mahesh Kapoor,maheshkap738@hotmail.com,6168199380,"Plot No. 88, 13th Floor, C Wing, Park Street, Bhubaneswar, Odisha - 751014",414520266178,MWLPK2829E,18-07-1979
Dhruv Bajaj,dhruv.bajaj71@yahoo.com,7503049184,"Plot No. 260, 5th Floor, B Wing, Main Road, Surat, Gujarat - 395005",738101865997,JETPB2399G,09-05-1979
Rudra Mishra,rudramis326@yahoo.com,7632670330,"Flat 403, 10th Floor, A Wing, Ring Road, Thiruvananthapuram, Kerala - 695030",698753699754,KIMPM1435C,23-03-2005
Preeti Verma,preetiver627@gmail.com,6674560728,"Flat 335, 3th Floor, B Wing, Circular Road, Nagpur, Maharashtra - 440007",659065090457,QNSPV2183E,31-08-1978
Pooja Deshmukh,poojades200@hotmail.com,8259354482,"Plot No. 254, 12th Floor, C Wing, Ring Road, Hyderabad, Telangana - 500010",430146650571,YUVPD3510V,09-08-1995
Ishaan D'Souza,ishaan.d'souza86@icloud.com,8129806267,"Plot No. 9, 13th Floor, D Wing, Main Road, Pune, Maharashtra - 411051",769547292579,DXDPD1446V,09-10-1978
Vikram Malhotra,vikrammal749@icloud.com,6736569958,"House No. 208, 12th Floor, A Wing, Link Road, Thiruvananthapuram, Kerala - 695026",909086322771,QBYPM4193I,31-01-1998
Anita Gupta,anita.gupta50@yahoo.com,8961420040,"Flat 149, 10th Floor, B Wing, MG Road, Patna, Bihar - 800010",930451873763,DLTPG7094W,23-10-1974
Kiara Iyengar,kiaraiye220@outlook.com,8024837078,"Villa 95, 15th Floor, A Wing, Main Road, Bhubaneswar, Odisha - 751021",750468075025,USGPI0294Y,16-08-1967
Diya Sen,diya.sen41@yahoo.com,8306919069,"Plot No. 280, 10th Floor, A Wing, Ring Road, Mysuru, Karnataka - 570002",888343960591,GTPPS3243P,11-11-1964
Karan Patel,karanpat412@yahoo.com,7207582924,"Flat 295, 15th Floor, D Wing, MG Road, Bengaluru, Karnataka - 560081",853512391745,KEYPP1825K,13-11-1983
Ishaan Gupta,ishaangup920@yahoo.com,9049403538,"House No. 469, 4th Floor, Block F, Circular Road, Coimbatore, Tamil Nadu - 641003",997577759599,ZXUPG2306Z,24-10-1988
Naresh Banerjee,nareshban997@hotmail.com,9301623374,"House No. 338, 7th Floor, C Wing, MG Road, Kochi, Kerala - 682001",761596138423,PRIPB9960Y,28-03-1979
Suman Sen,sumansen634@yahoo.com,7329625285,"Plot No. 472, 2th Floor, B Wing, MG Road, Thiruvananthapuram, Kerala - 695040",979437113494,XYUPS9335X,06-05-1966
Pooja Reddy,poojared581@icloud.com,6064478289,"Villa 191, 11th Floor, C Wing, Link Road, Kolkata, West Bengal - 700067",569290848002,HSLPR5698J,22-09-1975
Atharva Yadav,atharvayad965@icloud.com,7784729985,"Villa 139, 15th Floor, A Wing, Circular Road, Hyderabad, Telangana - 500085",964437428060,XCEPY8257V,29-10-1995
Kiara Roy,kiararoy634@gmail.com,9898590403,"House No. 272, 3th Floor, B Wing, Link Road, Nagpur, Maharashtra - 440014",200763825448,NKTPR4486Y,05-10-2002
Gaurav Ansari,gaurav.ansari93@hotmail.com,8024717357,"House No. 202, 4th Floor, Block F, Park Street, Surat, Gujarat - 395008",793605514680,AXHPA3902G,23-02-1977
Pooja Yadav,poojayad810@icloud.com,8954949060,"House No. 479, 2th Floor, C Wing, Station Road, Ahmedabad, Gujarat - 380020",556661346756,HLDPY0417D,31-05-1972
Advait Nair,advaitnai870@gmail.com,7653092954,"Plot No. 416, 1th Floor, C Wing, Station Road, Patna, Bihar - 800008",585245932984,HKZPN3882W,10-11-1992
Sneha Thakur,sneha.thakur54@yahoo.com,7057076748,"Plot No. 292, 10th Floor, D Wing, MG Road, Kolkata, West Bengal - 700111",495623895052,DYYPT6792U,17-06-2003
Rekha Thakur,rekha.thakur10@yahoo.com,8158901911,"Flat 107, 7th Floor, A Wing, Park Street, Surat, Gujarat - 395008",415684415398,PSOPT4873K,10-06-1988
Kavita Reddy,kavitared733@hotmail.com,9672667714,"Flat 458, 7th Floor, D Wing, Main Road, Kolkata, West Bengal - 700050",508610120950,VIRPR6885V,11-11-1993
Dinesh Thakur,dineshtha710@gmail.com,9755021320,"House No. 39, 12th Floor, D Wing, Main Road, Lucknow, Uttar Pradesh - 226028",561503060997,OFFPT0442K,25-05-1965
Arnav Verma,arnav.verma30@outlook.com,8952445580,"Flat 188, 13th Floor, Block F, Main Road, Surat, Gujarat - 395009",691191602150,PKBPV7008M,08-07-1981
Ashok Malhotra,ashokmal992@gmail.com,7909448469,"House No. 451, 6th Floor, C Wing, Park Street, Jaipur, Rajasthan - 302022",202381362850,ITAPM7765V,27-02-1961
Priya Roy,priyaroy528@gmail.com,9836875767,"House No. 244, 10th Floor, A Wing, Link Road, Lucknow, Uttar Pradesh - 226025",997726722782,JXMPR5832B,09-05-1977
Pranav Pandey,pranavpan146@yahoo.com,8456626214,"Villa 476, 7th Floor, B Wing, Main Road, Bengaluru, Karnataka - 560089",377158584685,PHOPP5717R,03-02-1975
Tanvi Kumar,tanvi.kumar87@yahoo.com,8041846094,"House No. 113, 6th Floor, D Wing, Station Road, Thiruvananthapuram, Kerala - 695021",345232516928,RIFPK8715R,12-01-1991
Preeti Deshmukh,preetides714@yahoo.com,8090928307,"Villa 40, 14th Floor, Block E, Park Street, Coimbatore, Tamil Nadu - 641044",907225307515,RJQPD5705W,03-12-1977
Dhruv Gupta,dhruvgup932@yahoo.com,9800904154,"Plot No. 163, 10th Floor, Block E, Station Road, Chennai, Tamil Nadu - 600079",580967383587,ZOQPG0138Z,28-11-1992
Atharva Iyer,atharva.iyer6@icloud.com,8798803706,"Villa 158, 6th Floor, C Wing, Bypass Road, Pune, Maharashtra - 411037",492837397966,NFOPI1391K,08-02-1978
Sandeep Bajaj,sandeepbaj339@icloud.com,6953745572,"Flat 166, 3th Floor, A Wing, Main Road, Kochi, Kerala - 682020",959982746475,XKLPB3008E,11-05-1993
Rudra Sheikh,rudrashe636@yahoo.com,8684431388,"Flat 240, 6th Floor, Block E, Ring Road, Kochi, Kerala - 682014",314180606526,KBKPS5002U,10-10-1982
Anjali Bose,anjali.bose66@hotmail.com,8783568255,"Villa 494, 5th Floor, Block E, Station Road, Bengaluru, Karnataka - 560084",877726074595,NZFPB6351N,14-11-1963
Reyansh Malhotra,reyanshmal756@hotmail.com,9266447395,"House No. 252, 15th Floor, D Wing, Ring Road, Mysuru, Karnataka - 570013",995439506946,BUAPM4987J,06-10-1988
Ramesh Iyer,ramesh.iyer97@outlook.com,6534043582,"Villa 399, 12th Floor, C Wing, Bypass Road, Kanpur, Uttar Pradesh - 208002",534706528084,NUUPI5574H,02-09-1968
Preeti Khan,preetikha205@icloud.com,9334644681,"Plot No. 422, 7th Floor, D Wing, Main Road, Chennai, Tamil Nadu - 600080",653404763046,EPSPK0469Q,13-01-1961
Sneha Trivedi,sneha.trivedi41@gmail.com,7501879024,"Plot No. 484, 3th Floor, B Wing, Circular Road, Surat, Gujarat - 395012",880585513433,TGXPT1348C,14-10-2001
Suman Fernandes,sumanfer789@gmail.com,8539525507,"House No. 441, 13th Floor, D Wing, Main Road, Kolkata, West Bengal - 700078",564519676499,AZLPF7088D,15-10-2002
Pooja Rao,poojarao317@icloud.com,7823559968,"Plot No. 18, 15th Floor, A Wing, Park Street, Jaipur, Rajasthan - 302017",260000976865,HVXPR2597L,23-05-1961
Vikram Malik,vikram.malik69@yahoo.com,7773157292,"Plot No. 50, 4th Floor, Block E, Station Road, Patna, Bihar - 800023",455434290800,TDRPM5394L,22-07-1964
Priya Arora,priya.arora17@hotmail.com,7883399342,"Villa 380, 2th Floor, Block E, Bypass Road, Bhubaneswar, Odisha - 751019",306009096005,WJUPA5672V,26-08-1994
Lata Chawla,latacha317@hotmail.com,6520424528,"Flat 134, 8th Floor, Block F, MG Road, Pune, Maharashtra - 411030",669407621918,WLYPC9646Z,13-06-1977
Vikram Bose,vikrambos610@icloud.com,9991641451,"Plot No. 66, 4th Floor, B Wing, Station Road, Hyderabad, Telangana - 500070",999800212555,YWGPB7195E,28-01-1966
Rajesh D'Souza,rajesh.d'souza70@hotmail.com,6353798189,"Villa 227, 15th Floor, B Wing, Main Road, Patna, Bihar - 800027",740295007777,NTEPD9025W,16-03-1972
Neha Gaekwad,neha.gaekwad43@outlook.com,6413423871,"House No. 465, 8th Floor, B Wing, Link Road, Ahmedabad, Gujarat - 380060",491262139885,EAAPG0599B,17-01-1964
Deepak Gaekwad,deepakgae763@outlook.com,9242030074,"House No. 424, 6th Floor, Block E, Station Road, Thiruvananthapuram, Kerala - 695036",298982948014,VHWPG5283E,04-10-1983
Harish Shah,harishsha908@hotmail.com,7472306685,"Plot No. 461, 15th Floor, C Wing, Station Road, Kochi, Kerala - 682030",819488012692,VTGPS6271S,07-07-2004
Kabir Deshmukh,kabir.deshmukh98@hotmail.com,8165297525,"House No. 328, 6th Floor, D Wing, Main Road, Bhubaneswar, Odisha - 751019",646118174519,FROPD5723H,15-01-1972
Arjun Gomes,arjun.gomes78@outlook.com,7354483253,"Flat 169, 5th Floor, A Wing, Ring Road, Kochi, Kerala - 682004",281262045274,FTSPG6855B,08-09-1983
Meena Verma,meena.verma96@icloud.com,6096786187,"Plot No. 349, 5th Floor, A Wing, Ring Road, Surat, Gujarat - 395003",425543160872,SOEPV1144S,03-07-1999
Ramesh Yadav,rameshyad427@gmail.com,8182030660,"House No. 91, 14th Floor, Block F, Main Road, Jaipur, Rajasthan - 302031",809559306909,IZCPY4590E,22-09-1991
Karan Nair,karannai177@outlook.com,9039648922,"Villa 318, 10th Floor, D Wing, Station Road, Surat, Gujarat - 395002",743216447122,KPUPN8956G,13-09-1976
Dinesh Roy,dineshroy519@gmail.com,9987471200,"House No. 49, 5th Floor, B Wing, Park Street, Jaipur, Rajasthan - 302004",550003978435,DUSPR2056P,22-05-1979
Shruti Bose,shruti.bose31@hotmail.com,8925569197,"Villa 432, 4th Floor, Block F, Park Street, Kanpur, Uttar Pradesh - 208027",796613393458,XPYPB5548K,09-01-1994
Shruti Khanna,shrutikha416@outlook.com,8662914787,"Flat 393, 9th Floor, Block F, Main Road, Kochi, Kerala - 682037",997718114961,QCCPK5905T,23-11-1984
Rekha Kulkarni,rekha.kulkarni35@outlook.com,8173311702,"House No. 412, 12th Floor, C Wing, Park Street, Mumbai, Maharashtra - 400085",216832302157,WUGPK6183Y,17-05-1992
Neha Verma,nehaver564@hotmail.com,9972708042,"House No. 290, 2th Floor, B Wing, Station Road, Delhi, Delhi - 110070",778014713262,OUHPV0109I,14-12-1977
Pooja Gomes,poojagom447@gmail.com,6838888220,"Plot No. 256, 3th Floor, D Wing, Ring Road, Bhubaneswar, Odisha - 751001",862311690216,MLNPG2870F,23-12-1984
Gaurav Chawla,gauravcha983@gmail.com,9409782124,"House No. 189, 14th Floor, D Wing, Station Road, Chandigarh, Chandigarh - 160039",243999019877,KXLPC2121L,07-10-1997
Om Shah,om.shah73@icloud.com,7635891414,"Plot No. 305, 15th Floor, B Wing, Circular Road, Pune, Maharashtra - 411031",350940590290,CPDPS4949H,17-02-1981
Asha Joshi,ashajos678@icloud.com,7860551070,"Villa 58, 12th Floor, C Wing, Link Road, Mumbai, Maharashtra - 400010",968892679081,PFWPJ9071B,21-04-1962
Advait Bajaj,advait.bajaj48@hotmail.com,6392481555,"House No. 312, 3th Floor, B Wing, Station Road, Chandigarh, Chandigarh - 160050",931135124025,FOIPB8158Q,16-09-1973
Riya Reddy,riya.reddy81@gmail.com,8001964629,"House No. 341, 4th Floor, Block E, Ring Road, Coimbatore, Tamil Nadu - 641035",228193892257,RFGPR3164N,30-01-1969
Diya Shetty,diya.shetty8@outlook.com,6009877347,"Villa 192, 6th Floor, C Wing, Ring Road, Kochi, Kerala - 682038",734770588175,VFCPS6076A,08-04-1987
Sai Banerjee,sai.banerjee86@yahoo.com,6642845904,"Plot No. 19, 12th Floor, B Wing, Ring Road, Bhubaneswar, Odisha - 751008",959357228311,EAVPB7458V,27-05-1961
Rudra Hegde,rudra.hegde16@gmail.com,7627387554,"Plot No. 291, 7th Floor, A Wing, Link Road, Patna, Bihar - 800012",321875341326,CGRPH4558E,19-12-1962
Yash Kumar,yashkum573@hotmail.com,6966125675,"Flat 392, 1th Floor, C Wing, Ring Road, Nagpur, Maharashtra - 440002",463966765921,VLBPK3304P,08-05-1980
Satish Reddy,satish.reddy66@gmail.com,9238447958,"House No. 297, 2th Floor, D Wing, Station Road, Coimbatore, Tamil Nadu - 641031",294902385372,STUPR7177I,19-01-2000
Rekha Malik,rekhamal511@gmail.com,6669161056,"Villa 382, 13th Floor, Block F, Park Street, Mumbai, Maharashtra - 400092",401624411194,FQVPM7838K,17-03-1982
Suresh Khan,suresh.khan39@yahoo.com,6005570107,"Flat 313, 7th Floor, C Wing, Main Road, Mysuru, Karnataka - 570006",555294626380,WNLPK0951E,19-04-1977
Mahesh Chavan,maheshcha839@gmail.com,8176726286,"Flat 374, 11th Floor, Block E, Bypass Road, Coimbatore, Tamil Nadu - 641050",819478414699,IQOPC3272S,06-02-1964
Saanvi D'Souza,saanvi.d'souza79@yahoo.com,6799207175,"Plot No. 54, 6th Floor, A Wing, Station Road, Chandigarh, Chandigarh - 160037",346511263393,UYUPD4766Y,03-11-1985
Harish Sharma,harishsha265@outlook.com,8438508755,"Plot No. 49, 13th Floor, Block E, Station Road, Mumbai, Maharashtra - 400074",709275908535,PAIPS5028C,20-10-1982
Aditi Malik,aditi.malik79@hotmail.com,7372029789,"Flat 393, 14th Floor, Block E, MG Road, Coimbatore, Tamil Nadu - 641015",528975129993,NMLPM2049T,31-01-1974
Pooja Patel,pooja.patel90@yahoo.com,6582060100,"Plot No. 116, 9th Floor, D Wing, Circular Road, Ahmedabad, Gujarat - 380052",495274895124,VPEPP0190J,16-04-1986
Ananya Malhotra,ananyamal381@yahoo.com,7066894408,"House No. 110, 13th Floor, C Wing, Station Road, Delhi, Delhi - 110004",637358486846,HKKPM7585D,06-12-2003
Vihaan Mehta,vihaanmeh683@hotmail.com,6345987867,"Villa 392, 14th Floor, C Wing, Link Road, Bengaluru, Karnataka - 560047",378231730714,FSAPM2891Z,11-09-1965
Preeti Arora,preetiaro578@yahoo.com,9339438873,"Villa 359, 3th Floor, A Wing, Park Street, Bhubaneswar, Odisha - 751008",676335783017,MJUPA3851S,21-01-2000
Shaurya Kapoor,shauryakap569@gmail.com,6387808631,"Plot No. 386, 3th Floor, C Wing, Station Road, Surat, Gujarat - 395009",942659382288,AUGPK8690R,07-02-1996
Aanya Sharma,aanyasha386@yahoo.com,7214994031,"Villa 422, 4th Floor, C Wing, Link Road, Jaipur, Rajasthan - 302022",860832467288,KPUPS8402U,25-01-1976
Amit Gaekwad,amitgae267@hotmail.com,7538967498,"House No. 218, 14th Floor, Block E, Ring Road, Chandigarh, Chandigarh - 160041",359972673899,SYNPG8318Y,10-10-1979
Asha Malhotra,ashamal533@yahoo.com,8080093904,"Plot No. 139, 11th Floor, Block F, Bypass Road, Mumbai, Maharashtra - 400054",513579443887,HEQPM3224G,20-05-1977
Aarav Hegde,aarav.hegde66@icloud.com,8276730801,"House No. 262, 5th Floor, B Wing, Link Road, Kolkata, West Bengal - 700147",219380877061,GNLPH2409F,14-06-1964
Geeta D'Souza,geetad's554@outlook.com,7840171567,"Plot No. 368, 15th Floor, D Wing, Ring Road, Thiruvananthapuram, Kerala - 695029",464216775682,HPUPD3944N,04-04-1966
Atharva Trivedi,atharvatri800@icloud.com,6517062965,"House No. 398, 11th Floor, C Wing, MG Road, Lucknow, Uttar Pradesh - 226017",581393405458,RITPT8026F,20-12-1980
Arnav Mehta,arnav.mehta9@outlook.com,7604998057,"Plot No. 304, 10th Floor, A Wing, MG Road, Ahmedabad, Gujarat - 380035",698584188823,WKLPM4973G,09-09-1976
Ramesh Grover,rameshgro982@yahoo.com,7547876150,"Villa 418, 6th Floor, D Wing, Main Road, Lucknow, Uttar Pradesh - 226009",772701821872,GNBPG2088F,08-01-1997
Ashok Chawla,ashokcha547@icloud.com,6446879274,"Plot No. 421, 11th Floor, Block F, Link Road, Chandigarh, Chandigarh - 160047",414716084523,AETPC6188X,01-11-1972
Priya Malhotra,priyamal244@yahoo.com,6367710000,"Plot No. 138, 10th Floor, Block F, Circular Road, Kolkata, West Bengal - 700088",931346027868,YDAPM2170O,03-03-1997
Anjali Hegde,anjali.hegde75@yahoo.com,7002117867,"House No. 431, 3th Floor, A Wing, MG Road, Hyderabad, Telangana - 500019",957151569714,YEVPH1723G,19-02-1962
Suresh Reddy,suresh.reddy38@hotmail.com,6220584640,"Plot No. 63, 9th Floor, A Wing, Ring Road, Kochi, Kerala - 682017",299918351271,UXEPR3268F,05-07-1970
Rudra Shah,rudra.shah75@outlook.com,9022900906,"Flat 325, 11th Floor, Block E, Main Road, Thiruvananthapuram, Kerala - 695012",962315465898,IOUPS7468T,19-10-1972
Kavita Gaekwad,kavita.gaekwad77@icloud.com,7975033996,"Flat 378, 11th Floor, Block F, Bypass Road, Lucknow, Uttar Pradesh - 226027",232710315692,KYJPG6477V,14-04-1978
Atharva Arora,atharvaaro868@outlook.com,8930925279,"Flat 91, 11th Floor, B Wing, Park Street, Kochi, Kerala - 682016",968598140021,SGCPA8954C,15-07-1990
Anita Mukherjee,anita.mukherjee52@icloud.com,8902588169,"Villa 249, 3th Floor, C Wing, MG Road, Chennai, Tamil Nadu - 600057",342919208823,OSXPM3548V,23-03-1999
Aditya Malik,aditya.malik87@icloud.com,7868358220,"House No. 265, 15th Floor, B Wing, Park Street, Nagpur, Maharashtra - 440019",673056185623,TVSPM0082N,02-01-1996
Vikram Grover,vikram.grover4@icloud.com,7248526298,"Plot No. 221, 7th Floor, D Wing, Park Street, Chennai, Tamil Nadu - 600128",992837861224,VZYPG6493P,11-09-1991
Ramesh Grover,ramesh.grover50@hotmail.com,8332815063,"Plot No. 361, 9th Floor, A Wing, Main Road, Ahmedabad, Gujarat - 380058",441427027598,FOLPG0177T,18-10-1967
Diya Gupta,diyagup705@gmail.com,7386901606,"House No. 459, 6th Floor, D Wing, Circular Road, Pune, Maharashtra - 411057",661719850921,CLNPG3197F,31-01-1966
Naresh Malik,naresh.malik65@outlook.com,8523376351,"Flat 347, 12th Floor, C Wing, Station Road, Chandigarh, Chandigarh - 160021",374228702824,KSZPM1246K,26-04-1970
Harish Trivedi,harish.trivedi79@yahoo.com,9755128120,"Plot No. 327, 10th Floor, D Wing, Main Road, Bhubaneswar, Odisha - 751026",589667645361,XPNPT7634Y,23-01-1993
Ishaan Malik,ishaan.malik81@outlook.com,8633337245,"House No. 468, 3th Floor, Block F, Link Road, Hyderabad, Telangana - 500089",821291011069,UMWPM4774L,27-03-2005
Dhruv Mishra,dhruv.mishra56@hotmail.com,6947165522,"Flat 346, 2th Floor, Block F, Circular Road, Lucknow, Uttar Pradesh - 226018",763007746152,XCHPM6638J,10-04-2003
Aanya Grover,aanya.grover55@outlook.com,7524062413,"Villa 63, 15th Floor, C Wing, Main Road, Hyderabad, Telangana - 500081",614169308470,TJSPG8749R,23-07-1985
Dhruv Patel,dhruvpat197@yahoo.com,7421676763,"Villa 181, 1th Floor, Block E, Bypass Road, Mysuru, Karnataka - 570017",781329217856,GGRPP7593A,15-02-1998
Dinesh Shah,dinesh.shah21@outlook.com,6693370260,"House No. 137, 12th Floor, Block E, Circular Road, Lucknow, Uttar Pradesh - 226001",964125372610,LEGPS7260B,18-09-1982
Aryan Banerjee,aryanban265@outlook.com,7917892584,"Villa 329, 12th Floor, D Wing, Ring Road, Hyderabad, Telangana - 500059",509692861840,EKEPB9571M,22-07-1974
Karan Ansari,karanans197@gmail.com,8792945160,"Villa 433, 6th Floor, A Wing, Link Road, Bhubaneswar, Odisha - 751004",475656465496,LGQPA4266B,07-02-1961
Suman Khan,suman.khan17@hotmail.com,7522216460,"Plot No. 425, 12th Floor, A Wing, Main Road, Surat, Gujarat - 395010",294147961399,VQVPK4777R,01-10-1961
Gaurav Banerjee,gauravban460@yahoo.com,8364933380,"Flat 102, 5th Floor, B Wing, MG Road, Hyderabad, Telangana - 500081",735107195675,GTLPB6155F,26-05-1971
Dinesh Kapoor,dineshkap582@gmail.com,9844500845,"Flat 238, 4th Floor, Block E, Bypass Road, Coimbatore, Tamil Nadu - 641012",243345426993,EKUPK3523X,09-12-1989
Ramesh Yash,ramesh.yash83@outlook.com,8690242375,"Flat 53, 10th Floor, Block F, Station Road, Jaipur, Rajasthan - 302003",669994493951,WLIPY7327F,22-03-1971
Aryan Deshmukh,aryandes440@hotmail.com,6959467598,"Flat 139, 11th Floor, Block E, Main Road, Chandigarh, Chandigarh - 160039",244803457801,YUBPD1175X,22-06-1978
Kavita Yash,kavitayas428@gmail.com,9761918277,"Flat 350, 11th Floor, D Wing, MG Road, Bhubaneswar, Odisha - 751005",697357013595,QELPY9314B,13-01-1964
Aadhya Sen,aadhyasen156@hotmail.com,8350381761,"Villa 101, 3th Floor, A Wing, Bypass Road, Mumbai, Maharashtra - 400091",268574746569,GIFPS8869M,16-08-1964
Vikram Rao,vikramrao188@yahoo.com,7561152589,"House No. 8, 6th Floor, Block E, Ring Road, Pune, Maharashtra - 411014",784778739998,XDSPR1107Y,29-03-1984
Dev Pillai,dev.pillai3@hotmail.com,9025062563,"Flat 428, 13th Floor, B Wing, Bypass Road, Mysuru, Karnataka - 570022",400416077807,NLVPP7019J,17-01-1989
Aditi Patel,aditipat253@icloud.com,9912601573,"Villa 268, 5th Floor, D Wing, Link Road, Kanpur, Uttar Pradesh - 208023",516876279723,IWWPP4936C,18-04-1973
Advait Pandey,advait.pandey54@hotmail.com,9897363655,"Plot No. 302, 6th Floor, Block F, Park Street, Pune, Maharashtra - 411035",780655129740,BPCPP7257Y,21-10-2001
Diya Grover,diya.grover17@icloud.com,7221718276,"Flat 165, 13th Floor, D Wing, Station Road, Delhi, Delhi - 110035",434720989642,JPMPG5541F,20-10-1986
Aryan Malik,aryanmal210@icloud.com,6772180577,"Plot No. 291, 2th Floor, Block E, Station Road, Kolkata, West Bengal - 700100",648927585641,ISMPM5346I,07-04-2001
Vikram Reddy,vikram.reddy87@icloud.com,7358846391,"Plot No. 415, 6th Floor, Block E, Bypass Road, Bhubaneswar, Odisha - 751008",549940347260,PWZPR2046F,12-02-1976
Aanya Chavan,aanya.chavan29@outlook.com,9114500572,"Plot No. 448, 3th Floor, C Wing, MG Road, Jaipur, Rajasthan - 302003",597752543325,KIKPC7837Q,27-05-1967
Ayaans Khanna,ayaanskha709@icloud.com,8401351798,"Villa 477, 14th Floor, Block F, Main Road, Chandigarh, Chandigarh - 160059",845504014659,SURPK7464V,03-01-1998
Naresh Shetty,naresh.shetty44@yahoo.com,8790001731,"House No. 367, 8th Floor, A Wing, MG Road, Coimbatore, Tamil Nadu - 641005",817211942111,WPWPS1469W,24-07-1994
Kavita Rao,kavita.rao45@icloud.com,7667312979,"Plot No. 96, 12th Floor, A Wing, Main Road, Chennai, Tamil Nadu - 600126",421351242622,OPCPR4203P,14-10-1973
Yash Iyengar,yash.iyengar80@icloud.com,7796604748,"Villa 490, 1th Floor, D Wing, Link Road, Ahmedabad, Gujarat - 380051",275466024714,XDWPI5572J,27-01-1997
Diya Sen,diyasen781@icloud.com,7692970463,"Flat 275, 11th Floor, Block E, Park Street, Surat, Gujarat - 395010",801873908205,RHIPS9129Z,31-03-1991
Sneha Mehta,sneha.mehta51@yahoo.com,8033939001,"House No. 487, 7th Floor, Block E, Ring Road, Hyderabad, Telangana - 500098",260607977765,QZDPM0884X,31-05-1991
Rohan Gaekwad,rohangae623@gmail.com,9453056050,"House No. 138, 14th Floor, B Wing, Circular Road, Mumbai, Maharashtra - 400047",940334689452,OLTPG2767E,25-12-1966
Aditi Rao,aditi.rao85@yahoo.com,9701186447,"Villa 111, 5th Floor, A Wing, Ring Road, Coimbatore, Tamil Nadu - 641004",206327592346,QWWPR8326S,20-11-1986
Arjun Patel,arjun.patel87@outlook.com,7578992023,"Villa 394, 15th Floor, Block E, Bypass Road, Nagpur, Maharashtra - 440016",432528123827,QQUPP8047V,04-07-1976
Sandeep Iyengar,sandeepiye233@hotmail.com,8420394786,"Villa 435, 15th Floor, Block E, Link Road, Coimbatore, Tamil Nadu - 641049",442517521456,HYTPI4407U,31-08-1985
Amit Chavan,amit.chavan26@outlook.com,7206003763,"Villa 350, 9th Floor, Block F, Park Street, Chandigarh, Chandigarh - 160052",799856833450,CEAPC9319Z,22-09-1964
Suman Rao,suman.rao85@outlook.com,8386796290,"Flat 104, 14th Floor, Block F, Circular Road, Patna, Bihar - 800023",477961624116,MEWPR2186N,27-03-1969
Mahesh Kumar,maheshkum217@yahoo.com,9849787588,"House No. 107, 5th Floor, A Wing, Main Road, Surat, Gujarat - 395008",831673739127,YLFPK4274P,16-02-2000
Sandeep Khan,sandeep.khan78@hotmail.com,8151745610,"Villa 353, 3th Floor, D Wing, Park Street, Chandigarh, Chandigarh - 160049",847184218854,CICPK5770I,23-04-1984
Sunita Gupta,sunitagup676@yahoo.com,9139702843,"Flat 42, 13th Floor, B Wing, Ring Road, Chennai, Tamil Nadu - 600047",355405881744,FKJPG4922U,30-09-1985
Vijay Khan,vijay.khan97@outlook.com,9046311118,"House No. 263, 9th Floor, D Wing, Circular Road, Patna, Bihar - 800027",911012985013,EWTPK7977V,27-01-1965
Krishna Sheikh,krishnashe268@outlook.com,9340559958,"Plot No. 63, 6th Floor, Block E, Park Street, Coimbatore, Tamil Nadu - 641047",410090905543,QYOPS1751W,26-10-1989
Krishna Singh,krishna.singh17@yahoo.com,7742801692,"Villa 183, 15th Floor, Block F, Circular Road, Mumbai, Maharashtra - 400001",366533893440,WEVPS6295P,14-04-1987
Amit Gaekwad,amitgae495@icloud.com,8108544557,"Plot No. 374, 7th Floor, B Wing, Circular Road, Hyderabad, Telangana - 500035",379631503391,QLTPG0267K,21-04-1991
Kiara Kapoor,kiarakap182@yahoo.com,9816917714,"Villa 147, 4th Floor, Block F, Park Street, Jaipur, Rajasthan - 302004",212039420169,DMGPK1972U,21-04-1965
Rajesh Iyer,rajesh.iyer18@hotmail.com,9780297948,"House No. 478, 12th Floor, B Wing, Station Road, Chennai, Tamil Nadu - 600117",215833910340,BKKPI6075O,10-03-1968
Sanjay Singh,sanjaysin124@yahoo.com,6046320817,"Plot No. 12, 14th Floor, C Wing, Link Road, Kochi, Kerala - 682010",370615569815,HTGPS0729L,13-06-1960
Diya Chavan,diyacha438@hotmail.com,8602853766,"Plot No. 385, 10th Floor, A Wing, Circular Road, Bhubaneswar, Odisha - 751017",903271190829,VIDPC2967L,12-01-1967
Geeta Sharma,geeta.sharma1@yahoo.com,8548153719,"Flat 24, 3th Floor, Block F, Circular Road, Coimbatore, Tamil Nadu - 641005",234425664380,JXIPS2946I,06-06-1970
Aryan Gupta,aryan.gupta45@hotmail.com,8366414693,"Flat 352, 10th Floor, D Wing, Station Road, Hyderabad, Telangana - 500065",545440986491,AHSPG4185T,26-08-1978
Gaurav Bajaj,gauravbaj106@gmail.com,8837972906,"House No. 112, 15th Floor, Block F, Link Road, Ahmedabad, Gujarat - 380014",735685351361,ORBPB3631X,23-05-1960
Rekha Fernandes,rekhafer438@gmail.com,9153976738,"House No. 336, 5th Floor, B Wing, Circular Road, Delhi, Delhi - 110093",931794735933,HWUPF7649Z,13-04-2000
Shruti Fernandes,shruti.fernandes19@icloud.com,7576878769,"Flat 122, 14th Floor, A Wing, Link Road, Chandigarh, Chandigarh - 160039",449391585083,IWWPF6220W,22-03-1987
Aanya Deshmukh,aanyades686@hotmail.com,8829515503,"Villa 315, 11th Floor, B Wing, Bypass Road, Bhubaneswar, Odisha - 751016",881102016089,AGDPD3670E,13-08-1998
Gaurav Singh,gaurav.singh58@gmail.com,7007751846,"House No. 424, 4th Floor, D Wing, MG Road, Kolkata, West Bengal - 700052",526297857839,EZAPS3435R,01-12-1970
Shaurya Trivedi,shauryatri752@icloud.com,9153157886,"Flat 97, 4th Floor, A Wing, Bypass Road, Kochi, Kerala - 682020",543874612375,JERPT0416S,11-04-1993
Dinesh Gupta,dineshgup954@outlook.com,8667499863,"House No. 174, 14th Floor, Block E, MG Road, Nagpur, Maharashtra - 440015",902313103599,MBKPG8639I,15-10-1974
Sai Pillai,sai.pillai52@icloud.com,9425457285,"Plot No. 399, 3th Floor, A Wing, Bypass Road, Patna, Bihar - 800023",835997035878,BLHPP8620I,01-11-1983
Atharva Gomes,atharvagom196@yahoo.com,9026611798,"Villa 219, 2th Floor, Block F, Link Road, Mumbai, Maharashtra - 400098",982812608961,HTGPG3639R,01-09-1979
Harsh Iyer,harsh.iyer10@icloud.com,7271826863,"Flat 224, 13th Floor, C Wing, MG Road, Delhi, Delhi - 110061",799121806856,MBJPI3085A,23-04-2000
Geeta D'Souza,geetad's502@outlook.com,7741803333,"House No. 231, 15th Floor, Block E, MG Road, Chandigarh, Chandigarh - 160026",460992348154,XROPD4390X,01-02-1977
Rekha Malik,rekhamal527@gmail.com,6152950996,"House No. 366, 6th Floor, Block F, Main Road, Bengaluru, Karnataka - 560019",638549704253,LJWPM5651Q,20-06-1996
Suman Iyengar,sumaniye511@hotmail.com,8762025159,"Villa 482, 12th Floor, Block F, Park Street, Chennai, Tamil Nadu - 600098",226410861426,UJMPI5621L,27-08-1996
Reyansh Bajaj,reyansh.bajaj91@hotmail.com,8472648813,"Plot No. 144, 5th Floor, C Wing, Bypass Road, Chandigarh, Chandigarh - 160020",855969822500,DHUPB8454J,14-12-1987
Ishaan Joshi,ishaanjos876@hotmail.com,7290220492,"Villa 365, 1th Floor, D Wing, MG Road, Chandigarh, Chandigarh - 160029",581837900354,JKJPJ8202J,16-04-1971
Suresh Reddy,suresh.reddy96@yahoo.com,8918684002,"Plot No. 210, 9th Floor, Block E, Station Road, Jaipur, Rajasthan - 302025",788878849129,GJGPR0727M,04-11-1988
Anita Reddy,anita.reddy11@hotmail.com,6301141178,"Flat 335, 12th Floor, D Wing, Bypass Road, Bhubaneswar, Odisha - 751012",500707652127,EIKPR2995Y,06-03-1974
Ishaan Singh,ishaan.singh34@hotmail.com,7231452997,"Plot No. 485, 4th Floor, Block F, Station Road, Kochi, Kerala - 682037",681649744752,KCPPS4773L,08-09-1981
Sneha Banerjee,sneha.banerjee59@icloud.com,8403642942,"Flat 376, 15th Floor, D Wing, Link Road, Coimbatore, Tamil Nadu - 641022",776446659843,NITPB9219I,19-09-1960
Harsh Agarwal,harshaga112@hotmail.com,9406574709,"House No. 71, 1th Floor, B Wing, Link Road, Bengaluru, Karnataka - 560004",939080899905,JBGPA3598W,16-09-1967
Aanya Patel,aanya.patel44@gmail.com,8774686250,"Flat 38, 13th Floor, A Wing, MG Road, Nagpur, Maharashtra - 440004",784847436091,LIBPP8763I,25-10-2002
Riya Chavan,riya.chavan2@outlook.com,6122142186,"House No. 152, 6th Floor, B Wing, Station Road, Mumbai, Maharashtra - 400020",372837616052,BRNPC7323V,03-04-1971
Saanvi Deshmukh,saanvi.deshmukh70@icloud.com,6116469567,"Flat 492, 6th Floor, A Wing, Ring Road, Pune, Maharashtra - 411035",408091571060,LMHPD6056T,01-12-1996
Suresh Reddy,suresh.reddy60@hotmail.com,6343863044,"Flat 226, 15th Floor, Block F, Main Road, Kochi, Kerala - 682007",984409153600,BEXPR6660V,02-12-1982
Asha D'Souza,asha.d'souza8@outlook.com,9143321204,"Plot No. 467, 7th Floor, B Wing, Bypass Road, Ahmedabad, Gujarat - 380024",833069342598,ISQPD0350F,09-03-1974
Diya Patel,diyapat550@yahoo.com,7020327607,"Flat 165, 6th Floor, D Wing, Bypass Road, Hyderabad, Telangana - 500050",620709217586,BFJPP9255V,31-12-1996
Advait Shetty,advait.shetty6@outlook.com,7961497819,"Flat 388, 2th Floor, C Wing, Link Road, Kanpur, Uttar Pradesh - 208003",799412392991,LOEPS5755J,29-11-1974
Shruti Gomes,shrutigom331@icloud.com,8365648552,"Flat 93, 11th Floor, Block E, Link Road, Kolkata, West Bengal - 700131",441164247735,BMYPG4737R,28-12-1973
Krishna Mishra,krishna.mishra60@yahoo.com,9316013625,"Plot No. 213, 6th Floor, A Wing, Park Street, Chennai, Tamil Nadu - 600090",516126163829,ZGSPM1620H,15-10-1986
Om Gomes,omgom113@gmail.com,8338429519,"Plot No. 213, 14th Floor, Block E, Circular Road, Hyderabad, Telangana - 500018",861147723735,JQXPG4035E,10-04-1977
Harsh Mukherjee,harshmuk255@yahoo.com,9293530929,"House No. 492, 4th Floor, A Wing, Station Road, Patna, Bihar - 800002",650982856213,OCSPM0682N,11-09-1992
Meena Joshi,meenajos543@yahoo.com,7579390900,"Villa 45, 7th Floor, D Wing, Main Road, Lucknow, Uttar Pradesh - 226015",551460369278,PTJPJ7590Z,25-06-2003
Harsh Yadav,harsh.yadav61@icloud.com,8598504948,"House No. 156, 15th Floor, A Wing, Link Road, Patna, Bihar - 800016",337920716918,MMIPY3546C,18-10-1986
Rahul Sen,rahulsen882@outlook.com,8164889366,"House No. 245, 13th Floor, A Wing, Station Road, Mumbai, Maharashtra - 400091",546304642985,RELPS8420H,16-10-1965
Rahul Chatterjee,rahul.chatterjee3@yahoo.com,8106671739,"Villa 427, 7th Floor, D Wing, MG Road, Kolkata, West Bengal - 700049",648277541927,BWBPC6655Q,14-11-1978
Priya Yadav,priyayad243@icloud.com,8644759808,"Villa 55, 15th Floor, C Wing, Main Road, Kochi, Kerala - 682004",697531397513,DZQPY4295M,08-10-2003
Asha Gomes,asha.gomes38@gmail.com,9037177485,"House No. 285, 1th Floor, B Wing, Park Street, Jaipur, Rajasthan - 302022",857061295083,JPJPG1167F,12-02-1969
Preeti Kulkarni,preetikul389@outlook.com,7374624703,"Villa 430, 6th Floor, B Wing, Main Road, Coimbatore, Tamil Nadu - 641018",411923444571,ULJPK0690W,01-03-1993
Aditya Chatterjee,aditya.chatterjee29@outlook.com,6618402115,"Plot No. 387, 3th Floor, C Wing, Ring Road, Kolkata, West Bengal - 700135",751967101454,CVQPC7724T,09-05-1965
Prakash Verma,prakashver359@yahoo.com,6660405837,"Villa 264, 3th Floor, A Wing, Link Road, Chandigarh, Chandigarh - 160034",461869187378,ULTPV8234P,25-02-1988
Ramesh Malik,rameshmal935@gmail.com,7893325638,"Flat 482, 10th Floor, A Wing, Station Road, Delhi, Delhi - 110039",774060972960,BOOPM2354A,30-07-2003
Lata Agarwal,lataaga520@hotmail.com,8753895404,"Flat 9, 8th Floor, Block F, MG Road, Thiruvananthapuram, Kerala - 695040",936943723429,VRVPA7442K,27-10-1975
Diya Gupta,diyagup385@outlook.com,9023512448,"House No. 151, 1th Floor, C Wing, Bypass Road, Kolkata, West Bengal - 700025",317510399980,BDAPG6967B,05-09-1981
Aadhya Hegde,aadhyaheg915@icloud.com,9232468449,"Villa 221, 11th Floor, B Wing, Station Road, Jaipur, Rajasthan - 302017",305567720097,VCNPH6855U,12-03-1968
Vihaan Malhotra,vihaanmal189@outlook.com,7148874500,"House No. 58, 6th Floor, A Wing, Park Street, Kanpur, Uttar Pradesh - 208008",960163350989,TFXPM6623F,28-04-2004
Sunita Khanna,sunita.khanna80@gmail.com,9961702930,"Villa 181, 7th Floor, Block F, Link Road, Ahmedabad, Gujarat - 380046",787436781783,OGEPK2057U,23-09-2000
Kavita Hegde,kavita.hegde91@gmail.com,9080435493,"Plot No. 194, 3th Floor, Block E, Park Street, Jaipur, Rajasthan - 302006",707316807488,URFPH8401P,26-06-1989
Sneha Bajaj,snehabaj689@icloud.com,7297316992,"Villa 479, 1th Floor, Block F, Station Road, Hyderabad, Telangana - 500099",316170334962,MCQPB9054X,11-06-1989
Pooja Hegde,pooja.hegde65@hotmail.com,6680501563,"Flat 154, 6th Floor, Block F, Link Road, Coimbatore, Tamil Nadu - 641032",879500427354,XAEPH4549A,06-07-1989
Kriti Pandey,kriti.pandey42@yahoo.com,7197339152,"House No. 192, 1th Floor, Block F, Bypass Road, Kolkata, West Bengal - 700004",525807999624,HUDPP5937O,28-03-1986
Shaurya Mukherjee,shauryamuk766@hotmail.com,7933043058,"Flat 270, 12th Floor, Block F, Bypass Road, Lucknow, Uttar Pradesh - 226010",279239212845,HTNPM7055C,05-04-1966
Diya Reddy,diyared160@gmail.com,7157241087,"House No. 496, 13th Floor, B Wing, Bypass Road, Patna, Bihar - 800027",509770032991,YODPR4830G,08-04-1992
Anita Nair,anitanai826@outlook.com,6979729746,"House No. 13, 10th Floor, C Wing, Bypass Road, Chandigarh, Chandigarh - 160021",783130152493,RIJPN6189Y,28-04-1980
Arjun Hegde,arjun.hegde13@hotmail.com,9969673631,"Villa 37, 14th Floor, B Wing, MG Road, Nagpur, Maharashtra - 440006",683261789305,VFLPH9139O,06-02-1968
Kabir Mukherjee,kabirmuk780@yahoo.com,8563188067,"House No. 120, 13th Floor, B Wing, Link Road, Delhi, Delhi - 110062",706073662307,UBSPM5886L,16-06-1990
Sunita Iyengar,sunita.iyengar28@gmail.com,7545790351,"Villa 27, 11th Floor, B Wing, Link Road, Bengaluru, Karnataka - 560002",994523103559,AXQPI8112R,04-12-1965
Ishaan Trivedi,ishaan.trivedi17@icloud.com,7843872864,"Villa 303, 14th Floor, A Wing, Main Road, Chennai, Tamil Nadu - 600064",269993920016,FEDPT3571V,13-04-1970
Atharva Rao,atharvarao868@yahoo.com,9134327687,"Plot No. 254, 9th Floor, Block F, Link Road, Bengaluru, Karnataka - 560042",565804430176,LILPR4528L,07-12-1965
Amit Bose,amit.bose90@gmail.com,9040278362,"House No. 290, 2th Floor, D Wing, Link Road, Jaipur, Rajasthan - 302034",607904889183,LKOPB9202G,08-12-1977
Kabir Gaekwad,kabir.gaekwad11@icloud.com,6061863908,"Plot No. 172, 4th Floor, B Wing, Park Street, Bhubaneswar, Odisha - 751018",325970033013,EJTPG5703M,10-05-1995
Ayaans Gaekwad,ayaans.gaekwad20@icloud.com,9387419230,"Plot No. 465, 9th Floor, A Wing, Station Road, Coimbatore, Tamil Nadu - 641049",532762117114,JJBPG2314W,14-01-1999
Sandeep Malhotra,sandeepmal488@gmail.com,9773315263,"Plot No. 439, 13th Floor, A Wing, Bypass Road, Pune, Maharashtra - 411006",352496069722,DOYPM5173N,17-04-1971
Ramesh Singh,ramesh.singh78@outlook.com,7761278421,"Flat 169, 5th Floor, D Wing, Circular Road, Mumbai, Maharashtra - 400022",316241183551,ESIPS2181E,10-12-1988
Sanjay Grover,sanjay.grover32@gmail.com,8910668718,"House No. 174, 1th Floor, B Wing, Bypass Road, Bengaluru, Karnataka - 560046",689035649011,QMUPG5143B,16-07-2005
Asha Joshi,ashajos449@outlook.com,9921839795,"Villa 390, 5th Floor, A Wing, Ring Road, Thiruvananthapuram, Kerala - 695022",218348907632,RXGPJ2209H,21-02-1977
Advait Malik,advait.malik7@gmail.com,6334093971,"House No. 253, 6th Floor, B Wing, Main Road, Surat, Gujarat - 395003",305622109329,APIPM7745V,06-09-2002
Kavita Mukherjee,kavita.mukherjee28@outlook.com,8695592365,"Villa 41, 3th Floor, Block F, Link Road, Jaipur, Rajasthan - 302039",571740989258,TNZPM5084Q,23-02-1969
Suman Sen,sumansen286@gmail.com,6265964777,"Flat 391, 5th Floor, A Wing, Bypass Road, Bhubaneswar, Odisha - 751011",396399356100,FMSPS9535L,08-01-1964
Diya Grover,diyagro110@gmail.com,8288823155,"Plot No. 194, 4th Floor, B Wing, Ring Road, Surat, Gujarat - 395008",281018953139,HZBPG4647B,20-10-1972
Vikram Gupta,vikramgup646@yahoo.com,6629677842,"Villa 426, 4th Floor, Block F, Main Road, Mysuru, Karnataka - 570011",394686557135,NOYPG2234H,01-07-1963
Ayaans Mishra,ayaans.mishra92@hotmail.com,8813229993,"Plot No. 180, 13th Floor, Block F, Ring Road, Lucknow, Uttar Pradesh - 226014",981604417164,MXAPM3145A,04-02-1973
Neha Sheikh,nehashe301@icloud.com,8632276256,"House No. 278, 1th Floor, B Wing, Main Road, Pune, Maharashtra - 411021",697265689099,LQXPS1879E,30-10-1964
Geeta Kumar,geetakum443@outlook.com,8020067553,"House No. 237, 2th Floor, D Wing, Park Street, Delhi, Delhi - 110053",233185556055,QXWPK0370S,12-10-1985
Naresh Chatterjee,naresh.chatterjee36@gmail.com,9410037812,"House No. 251, 7th Floor, Block E, Ring Road, Bhubaneswar, Odisha - 751017",405480164455,SEQPC5809O,29-11-1994
Sunita Reddy,sunita.reddy33@gmail.com,8920859462,"Plot No. 239, 1th Floor, C Wing, Main Road, Ahmedabad, Gujarat - 380044",613418603045,ZMJPR7534N,04-01-1983
Vivaan Kulkarni,vivaankul328@outlook.com,6934278848,"Plot No. 79, 8th Floor, B Wing, Ring Road, Patna, Bihar - 800023",616537617198,EPBPK6871Q,05-06-1995
Aarav Grover,aaravgro251@icloud.com,9661598818,"Villa 151, 7th Floor, A Wing, Ring Road, Surat, Gujarat - 395006",581625568595,KOQPG8508C,12-08-1985
Reyansh Patel,reyanshpat728@hotmail.com,9849811835,"Plot No. 129, 2th Floor, Block E, Station Road, Mysuru, Karnataka - 570027",248455690039,OUTPP6780C,28-08-1970
Sai Bose,saibos683@yahoo.com,6453493745,"House No. 211, 4th Floor, D Wing, Station Road, Delhi, Delhi - 110078",996948060099,CZSPB8128A,06-01-1987
Kriti Shah,kritisha617@hotmail.com,9646038140,"House No. 226, 10th Floor, C Wing, Main Road, Hyderabad, Telangana - 500016",714101912142,SMBPS7027O,03-02-1990
Aditya Kapoor,adityakap560@outlook.com,8028000352,"Plot No. 262, 14th Floor, D Wing, Ring Road, Nagpur, Maharashtra - 440012",993517512360,EFJPK6344D,07-05-1995
Meena Kumar,meena.kumar93@icloud.com,7096677548,"Flat 464, 14th Floor, Block F, Bypass Road, Delhi, Delhi - 110064",748779922222,RNVPK4833D,31-10-1974
Vivaan Chavan,vivaancha620@outlook.com,6391721789,"Plot No. 364, 12th Floor, Block E, Station Road, Chennai, Tamil Nadu - 600090",682485280105,TJWPC0504E,15-10-1967
Geeta Joshi,geetajos622@gmail.com,7058864624,"Flat 57, 15th Floor, D Wing, Station Road, Patna, Bihar - 800006",804630554747,NIBPJ5134V,04-09-1978
Sunita Yash,sunita.yash25@outlook.com,7306087753,"Villa 485, 2th Floor, Block F, Main Road, Delhi, Delhi - 110037",839234570237,BVXPY3803B,05-07-1988
Shruti Kapoor,shrutikap979@gmail.com,8101952924,"Plot No. 490, 7th Floor, Block F, Park Street, Bhubaneswar, Odisha - 751026",377910788052,LWHPK5968C,18-06-1978
Anita Kulkarni,anitakul883@hotmail.com,8486288817,"Plot No. 473, 13th Floor, B Wing, Main Road, Patna, Bihar - 800012",952333944530,FPJPK9644X,22-06-1967
Dev Thakur,dev.thakur8@icloud.com,9762633112,"Flat 274, 7th Floor, B Wing, Ring Road, Ahmedabad, Gujarat - 380040",585482352613,LKGPT9932N,08-10-1975
Asha Banerjee,ashaban441@yahoo.com,7130876950,"Villa 142, 5th Floor, D Wing, Ring Road, Pune, Maharashtra - 411027",906478161956,IXZPB1450D,06-11-2004
Aarav Sheikh,aaravshe337@icloud.com,7964987881,"House No. 122, 14th Floor, B Wing, Ring Road, Delhi, Delhi - 110001",802992238724,GJYPS3250F,13-07-1971
Ayaans Sheikh,ayaans.sheikh73@yahoo.com,6746400293,"Flat 486, 12th Floor, B Wing, Station Road, Bengaluru, Karnataka - 560077",206485152461,PDKPS0560T,01-03-1993
Krishna Singh,krishna.singh73@outlook.com,8281138131,"Plot No. 210, 8th Floor, Block F, Circular Road, Thiruvananthapuram, Kerala - 695044",590557332821,ZYXPS1485B,09-02-1994
Rekha Nair,rekhanai602@icloud.com,8611149309,"Villa 241, 1th Floor, Block F, Park Street, Coimbatore, Tamil Nadu - 641034",996017972739,SZRPN8507H,19-08-1992
Om Gomes,om.gomes19@outlook.com,8704721482,"Villa 253, 5th Floor, A Wing, MG Road, Thiruvananthapuram, Kerala - 695011",497238835632,OIIPG8442G,21-01-1966
Meena Malhotra,meena.malhotra24@gmail.com,6405727502,"Flat 349, 11th Floor, Block F, MG Road, Bengaluru, Karnataka - 560081",749256774605,IXOPM7444Z,19-04-1989
Advait Das,advaitdas750@hotmail.com,6444377040,"Villa 228, 1th Floor, D Wing, Station Road, Pune, Maharashtra - 411039",229466895948,CSHPD7901O,21-03-1961
Karan Sheikh,karanshe215@gmail.com,7726616804,"Flat 400, 10th Floor, A Wing, Station Road, Nagpur, Maharashtra - 440001",329656599038,TEUPS5430U,26-01-1971
Diya Agarwal,diya.agarwal82@yahoo.com,7292806601,"Flat 322, 4th Floor, A Wing, Link Road, Coimbatore, Tamil Nadu - 641047",794320790455,FLQPA8988P,26-10-1976
Rekha Mehta,rekhameh957@hotmail.com,6021580901,"Villa 294, 2th Floor, C Wing, Ring Road, Hyderabad, Telangana - 500087",947937137213,EESPM7209G,11-09-1966
Ramesh Chatterjee,rameshcha914@icloud.com,9542754074,"House No. 215, 5th Floor, Block E, Circular Road, Delhi, Delhi - 110083",540568400437,CBXPC3186Q,23-11-1991
Ashok Banerjee,ashokban377@hotmail.com,6319901506,"Villa 236, 9th Floor, B Wing, Ring Road, Nagpur, Maharashtra - 440016",658947193540,TFYPB1788V,28-05-1973
Harish Bajaj,harishbaj467@yahoo.com,6875934282,"Villa 84, 7th Floor, Block E, Station Road, Thiruvananthapuram, Kerala - 695037",304964688296,JVDPB3163Q,24-04-2005
Diya Gupta,diya.gupta19@gmail.com,9026657779,"Plot No. 288, 3th Floor, D Wing, Link Road, Chennai, Tamil Nadu - 600110",799842786250,UMIPG8313V,06-05-1984
Shruti Gomes,shrutigom825@icloud.com,6088374971,"House No. 155, 2th Floor, C Wing, MG Road, Jaipur, Rajasthan - 302038",943881258734,CAPPG1673C,01-12-1967
Preeti Mukherjee,preetimuk911@icloud.com,9841884578,"House No. 345, 13th Floor, B Wing, Park Street, Mysuru, Karnataka - 570024",946008386096,JANPM4800K,17-06-1978
Ashok Pandey,ashokpan371@gmail.com,8142464522,"Flat 206, 4th Floor, C Wing, Circular Road, Mumbai, Maharashtra - 400062",968744372754,PBIPP4371Y,12-01-1977
Kriti Chavan,kriticha311@yahoo.com,6140979113,"Flat 326, 3th Floor, D Wing, Station Road, Delhi, Delhi - 110003",791946720353,VHXPC9323M,11-01-1960
Arjun Yash,arjun.yash39@hotmail.com,9610455776,"Plot No. 94, 2th Floor, Block F, Station Road, Lucknow, Uttar Pradesh - 226023",530824682087,OMVPY0512M,16-11-1995
Rekha Chawla,rekhacha989@icloud.com,9338525592,"Villa 398, 12th Floor, D Wing, Main Road, Thiruvananthapuram, Kerala - 695027",439472243860,ESPPC5397D,26-09-1977
Vikram Iyer,vikramiye814@hotmail.com,6247579212,"Villa 33, 10th Floor, Block E, Circular Road, Nagpur, Maharashtra - 440034",471803759199,GHOPI3434V,23-12-1985
Sandeep Reddy,sandeep.reddy68@icloud.com,6780163951,"Flat 210, 9th Floor, C Wing, MG Road, Hyderabad, Telangana - 500011",278529944870,DERPR0152X,23-09-1977
Aanya Nair,aanyanai487@outlook.com,8703371999,"House No. 37, 3th Floor, Block E, Link Road, Kolkata, West Bengal - 700082",536670764993,XTEPN2632E,02-10-1988
Aanya D'Souza,aanya.d'souza24@hotmail.com,8387497788,"Villa 372, 12th Floor, C Wing, Main Road, Lucknow, Uttar Pradesh - 226027",699731926728,BEUPD1365E,22-12-1968
Ananya Reddy,ananyared741@icloud.com,7735251168,"Plot No. 207, 1th Floor, Block F, Station Road, Kochi, Kerala - 682022",400063078538,LJDPR1357D,05-11-1965
Arjun Chavan,arjun.chavan87@yahoo.com,9371297302,"House No. 145, 8th Floor, B Wing, MG Road, Pune, Maharashtra - 411031",665904193979,QWUPC6080D,19-11-1998
Rajesh Das,rajesh.das2@outlook.com,7309990756,"Villa 319, 1th Floor, Block E, Link Road, Kanpur, Uttar Pradesh - 208018",837903465485,THTPD1673D,01-01-1963
Ananya Yadav,ananya.yadav54@hotmail.com,6198090730,"Plot No. 295, 10th Floor, Block E, Circular Road, Mumbai, Maharashtra - 400043",705927180058,VCJPY1190S,22-04-1965
Prakash Khan,prakash.khan33@outlook.com,8891489984,"House No. 202, 13th Floor, B Wing, Circular Road, Delhi, Delhi - 110061",238796613291,KFLPK7427X,11-03-2002
Rekha Fernandes,rekha.fernandes47@gmail.com,7463326708,"Plot No. 104, 1th Floor, B Wing, Ring Road, Patna, Bihar - 800012",858547727791,ODEPF8603X,21-11-1965
Yash Iyer,yash.iyer53@icloud.com,8972540449,"Plot No. 56, 14th Floor, A Wing, Ring Road, Thiruvananthapuram, Kerala - 695034",250643017527,NGWPI7947O,11-12-1988
Suman Singh,suman.singh71@yahoo.com,8160077433,"Plot No. 366, 8th Floor, A Wing, Ring Road, Jaipur, Rajasthan - 302017",363312161889,WLKPS4523N,28-04-1998
Rudra Malhotra,rudra.malhotra59@hotmail.com,8271141008,"Plot No. 437, 12th Floor, A Wing, Park Street, Ahmedabad, Gujarat - 380060",260921125388,XWHPM6008M,08-06-1974
Vivaan Bajaj,vivaanbaj532@gmail.com,6819326306,"House No. 338, 8th Floor, A Wing, Circular Road, Bhubaneswar, Odisha - 751019",758588135602,AKAPB9308C,28-02-1961
Rahul Mehta,rahulmeh522@yahoo.com,6479821242,"Flat 478, 5th Floor, D Wing, Circular Road, Patna, Bihar - 800005",588555173482,AWUPM7282A,08-05-1994
Kiara Yash,kiarayas582@icloud.com,7552113632,"Plot No. 190, 14th Floor, D Wing, MG Road, Pune, Maharashtra - 411012",477556835600,BRSPY0488Y,17-06-2001
Karan Khan,karankha507@hotmail.com,8789943420,"Plot No. 264, 6th Floor, Block F, Main Road, Kolkata, West Bengal - 700051",933883625600,XJFPK6038T,06-11-1960
Aarav Joshi,aaravjos189@hotmail.com,8830319513,"Flat 358, 2th Floor, C Wing, Circular Road, Thiruvananthapuram, Kerala - 695043",462786527174,RQOPJ8593D,20-09-1987
Ashok Choudhury,ashok.choudhury49@gmail.com,8095154689,"Plot No. 6, 15th Floor, C Wing, Bypass Road, Nagpur, Maharashtra - 440028",666516948251,AYCPC9581D,22-08-1974
Yash Fernandes,yashfer756@hotmail.com,7740748238,"Villa 238, 8th Floor, Block E, Link Road, Chandigarh, Chandigarh - 160034",896533276099,LBQPF0566D,09-06-1998
Kavita Gaekwad,kavitagae830@yahoo.com,7529287153,"Plot No. 209, 9th Floor, D Wing, Link Road, Delhi, Delhi - 110089",919707000349,ZZEPG1753H,04-10-1995
Aanya Chatterjee,aanyacha925@yahoo.com,7321668320,"Villa 300, 14th Floor, D Wing, Circular Road, Patna, Bihar - 800001",570633071816,GPIPC8252P,18-12-1986
Reyansh Thakur,reyanshtha909@yahoo.com,7489713977,"Flat 343, 9th Floor, D Wing, Ring Road, Delhi, Delhi - 110077",613327526223,FPQPT5488U,15-12-1991
Vikram Chatterjee,vikramcha748@gmail.com,6461691546,"Flat 172, 13th Floor, D Wing, Circular Road, Bhubaneswar, Odisha - 751027",942723196853,GEVPC6789U,12-06-2000
Arnav Gaekwad,arnavgae196@gmail.com,8974911248,"Plot No. 491, 14th Floor, Block F, MG Road, Mumbai, Maharashtra - 400080",709524143796,WLMPG8951O,03-04-1966
Rekha Roy,rekha.roy19@gmail.com,9756510639,"Flat 140, 4th Floor, D Wing, Park Street, Nagpur, Maharashtra - 440025",407725218723,OUCPR8782U,14-07-1975
Lata Agarwal,lata.agarwal66@icloud.com,7710013420,"Flat 118, 15th Floor, C Wing, Bypass Road, Surat, Gujarat - 395001",659066158269,YZMPA3404U,21-07-1983
Advait Khanna,advaitkha511@outlook.com,9754688119,"Villa 223, 8th Floor, C Wing, Park Street, Lucknow, Uttar Pradesh - 226021",491850445076,PBRPK7300X,05-09-1997
Lata Kulkarni,lata.kulkarni24@yahoo.com,9916091404,"House No. 280, 3th Floor, C Wing, MG Road, Pune, Maharashtra - 411038",739266550177,PGJPK3815L,13-03-1968
Kabir Joshi,kabir.joshi69@outlook.com,9236825773,"Plot No. 40, 3th Floor, Block F, MG Road, Lucknow, Uttar Pradesh - 226001",423248898371,OQPPJ9143T,29-05-1988
Tanvi Grover,tanvigro771@icloud.com,8889408092,"Villa 338, 9th Floor, A Wing, Bypass Road, Patna, Bihar - 800027",697628471780,XJWPG5121J,06-11-1963
Aditya Iyer,aditya.iyer80@yahoo.com,9666642721,"Villa 9, 9th Floor, C Wing, Ring Road, Bengaluru, Karnataka - 560071",385490297793,YLRPI2218D,04-03-1979
Ramesh Iyengar,ramesh.iyengar82@outlook.com,9170828877,"Villa 118, 15th Floor, B Wing, MG Road, Chennai, Tamil Nadu - 600035",261911054412,IMEPI9104P,14-08-1970
Meena Arora,meena.arora4@hotmail.com,8737622299,"Villa 310, 10th Floor, D Wing, Park Street, Coimbatore, Tamil Nadu - 641011",540495174841,HLBPA9082A,11-11-2003
Saanvi Gaekwad,saanvi.gaekwad76@hotmail.com,8702434950,"Flat 346, 14th Floor, Block F, Ring Road, Mumbai, Maharashtra - 400005",749175316144,BHUPG1306Y,21-12-1985
Aarav Bajaj,aaravbaj125@icloud.com,9877181704,"House No. 179, 14th Floor, B Wing, Bypass Road, Kanpur, Uttar Pradesh - 208025",713490080961,GEKPB4116H,17-06-1978
Rekha Ansari,rekhaans770@gmail.com,9331809382,"Plot No. 326, 5th Floor, Block F, Ring Road, Kochi, Kerala - 682024",371052072330,MZKPA5425Y,12-09-2004
Vihaan Joshi,vihaan.joshi45@gmail.com,9957709043,"Plot No. 319, 5th Floor, A Wing, Link Road, Nagpur, Maharashtra - 440024",628033015295,GCOPJ1320X,10-03-1970
Atharva Nair,atharva.nair22@outlook.com,7251982954,"Plot No. 443, 8th Floor, B Wing, Link Road, Hyderabad, Telangana - 500051",657098609005,SZJPN6096P,11-02-1996
Om Malhotra,om.malhotra66@gmail.com,8996301891,"Plot No. 333, 3th Floor, C Wing, Main Road, Kochi, Kerala - 682023",522579873076,EKEPM9512L,28-12-1986
Aarav Yadav,aaravyad999@hotmail.com,8186661364,"Villa 67, 15th Floor, D Wing, Bypass Road, Bengaluru, Karnataka - 560021",799009985638,LWAPY9987S,18-11-1978
Rekha Choudhury,rekha.choudhury9@gmail.com,8592999641,"Flat 112, 11th Floor, A Wing, Link Road, Hyderabad, Telangana - 500038",763274982167,LUSPC9187S,23-09-1967
Tanvi Chawla,tanvicha377@hotmail.com,8412687578,"House No. 328, 4th Floor, D Wing, Main Road, Mysuru, Karnataka - 570004",474104630508,GJYPC7365W,22-05-1960
Satish Rao,satishrao672@hotmail.com,9887313130,"Plot No. 475, 1th Floor, Block F, Bypass Road, Coimbatore, Tamil Nadu - 641027",961854725035,QSRPR7794B,08-09-1973
Pooja Iyer,pooja.iyer76@yahoo.com,6364817309,"Villa 413, 3th Floor, Block E, Station Road, Delhi, Delhi - 110026",591288309785,NYDPI8697K,10-09-1988
Rudra Khanna,rudrakha231@hotmail.com,7550050105,"Villa 228, 3th Floor, A Wing, Link Road, Mumbai, Maharashtra - 400008",775436777597,YARPK9528R,01-10-1992
Shruti Khan,shruti.khan76@hotmail.com,8452289858,"House No. 157, 7th Floor, C Wing, Bypass Road, Lucknow, Uttar Pradesh - 226023",609606634998,HIVPK5715T,28-01-1993
Tanvi Mehta,tanvi.mehta62@hotmail.com,8586592549,"House No. 420, 4th Floor, Block E, MG Road, Mumbai, Maharashtra - 400062",550919827413,ZBZPM7421I,28-03-2005
Saanvi Grover,saanvi.grover14@outlook.com,9010867761,"Villa 483, 2th Floor, Block E, Bypass Road, Kanpur, Uttar Pradesh - 208014",512100339647,ZREPG6963Q,21-02-1960
Meena Kapoor,meenakap515@hotmail.com,6096215857,"House No. 162, 8th Floor, C Wing, MG Road, Mumbai, Maharashtra - 400024",229038477647,FPPPK6376R,06-06-1992
Lata Chatterjee,lata.chatterjee11@icloud.com,6365956355,"Plot No. 5, 9th Floor, B Wing, Circular Road, Hyderabad, Telangana - 500015",755946326910,HPIPC8670A,25-10-1982
Ramesh Agarwal,ramesh.agarwal8@yahoo.com,8812558110,"Villa 32, 5th Floor, C Wing, Station Road, Nagpur, Maharashtra - 440011",990151758734,TMIPA6272L,17-08-2004
Neha Kulkarni,neha.kulkarni86@outlook.com,7080288181,"Plot No. 96, 14th Floor, B Wing, Circular Road, Bhubaneswar, Odisha - 751018",921351967355,CMCPK8260D,29-05-2001
Sunita Iyer,sunitaiye815@yahoo.com,9826096966,"Flat 402, 12th Floor, A Wing, Link Road, Hyderabad, Telangana - 500038",234180284808,PVIPI4721U,12-06-1983
Kavita Gaekwad,kavitagae334@outlook.com,7082390101,"House No. 488, 1th Floor, Block E, Bypass Road, Thiruvananthapuram, Kerala - 695012",460560253706,JKMPG1067C,29-03-1979
Kavita Nair,kavita.nair58@gmail.com,7749948787,"House No. 499, 2th Floor, B Wing, Ring Road, Pune, Maharashtra - 411039",488028039841,SIVPN6750U,01-09-1981
Diya Gomes,diya.gomes87@hotmail.com,8553947012,"House No. 85, 11th Floor, C Wing, Station Road, Nagpur, Maharashtra - 440030",844912435452,MRUPG3952Q,16-06-1987
Sunita Mishra,sunita.mishra78@outlook.com,9659527665,"Plot No. 234, 8th Floor, Block E, Station Road, Ahmedabad, Gujarat - 380002",906691303237,HWJPM5049Z,04-05-1995
Suresh Malik,suresh.malik85@icloud.com,8440864305,"House No. 273, 15th Floor, Block E, Bypass Road, Kochi, Kerala - 682031",730338388760,TXFPM9548F,09-12-1994
Riya Chavan,riyacha850@yahoo.com,7850408389,"House No. 142, 14th Floor, Block E, Link Road, Hyderabad, Telangana - 500041",436115816498,MSUPC1249P,08-11-2004
Meena Mehta,meena.mehta82@icloud.com,6753257001,"Plot No. 234, 14th Floor, Block F, Main Road, Bhubaneswar, Odisha - 751010",261743588981,RPPPM9336G,12-09-2000
Dhruv Ansari,dhruvans282@icloud.com,6418687527,"Flat 250, 11th Floor, A Wing, MG Road, Thiruvananthapuram, Kerala - 695032",696381711822,WXFPA2836A,17-05-1972
Dev Gaekwad,dev.gaekwad53@icloud.com,6803757499,"Flat 75, 14th Floor, Block F, MG Road, Chennai, Tamil Nadu - 600084",504809286366,RRWPG8819G,20-05-1994
Arjun Arora,arjun.arora41@gmail.com,9665642072,"Plot No. 37, 12th Floor, C Wing, Ring Road, Kochi, Kerala - 682002",684610408641,IAMPA1808X,27-07-1977
Om Pandey,om.pandey48@gmail.com,6294929436,"Villa 306, 6th Floor, Block E, Park Street, Mysuru, Karnataka - 570006",777240598952,VBKPP9851L,24-08-1974
Aadhya Pillai,aadhyapil667@yahoo.com,8831878642,"Flat 463, 2th Floor, B Wing, Circular Road, Lucknow, Uttar Pradesh - 226028",969527347249,MLLPP4930V,23-09-1995
